﻿<Navigation>
  <NavigationItem CssClass="NavigationItem BackgroundColor1" CssClassActive="NavigationItem BackgroundColor2" Target="/Pages/HomePage.aspx" Name="navHome"></NavigationItem>
  <NavigationItem CssClass="NavigationItem BackgroundColor1" CssClassActive="NavigationItem BackgroundColor2" Target="/Pages/ClientManager/ClientManagerHome.aspx" Name="navClientManager">
    <NavigationItem CssClass="NavigationItem BackgroundColor2" CssClassActive="NavigationItem BackgroundColor2" Target="/Pages/ClientManager/UsersHome.aspx" Name="navUserManagement"></NavigationItem>
    <NavigationItem CssClass="NavigationItem BackgroundColor2" CssClassActive="NavigationItem BackgroundColor2" Target="/Pages/ClientManager/ManageUserGroupsHome.aspx" Name="navRoleManagement"></NavigationItem>
    <NavigationItem CssClass="NavigationItem BackgroundColor2" CssClassActive="NavigationItem BackgroundColor2" Target="/Pages/ClientManager/ClientSettings.aspx" Name="navClientSettings"></NavigationItem>
    <NavigationItem CssClass="NavigationItem BackgroundColor2" CssClassActive="NavigationItem BackgroundColor2" Target="/Pages/ClientManager/HomeScreenManagement.aspx" Name="HomeManagement"></NavigationItem>
  </NavigationItem>

  <NavigationItem Target="/Pages/AgencyManagementSystem/Overview.aspx" Name="navAgencyManagementSystem" CssClass="NavigationItem BackgroundColor1" CssClassActive="NavigationItem BackgroundColor2"></NavigationItem>

  <NavigationItem Name="navTaxonomyManager" Target="/Pages/TaxonomyManager/TaxonomyManager.aspx" CssClass="NavigationItem BackgroundColor1" CssClassActive="NavigationItem BackgroundColor2">
    <NavigationItem Name="navTaxonomyManager2" Target="/Pages/TaxonomyManager/TaxonomyManager.aspx" CssClass="NavigationItem BackgroundColor1" CssClassActive="NavigationItem BackgroundColor2"></NavigationItem>
    <NavigationItem Name="navProjectHierachyManager" Target="/Pages/TaxonomyManager/ProjectHierarchy.aspx" CssClass="NavigationItem BackgroundColor1" CssClassActive="NavigationItem BackgroundColor2"></NavigationItem>
  </NavigationItem>
  
  <NavigationItem CssClass="NavigationItem BackgroundColor1" CssClassActive="NavigationItem BackgroundColor2" Target="/Pages/LinkManager/LinkManager.aspx" Name="navLinkManager"></NavigationItem>

  <NavigationItem CssClass="NavigationItem BackgroundColor1" CssClassActive="NavigationItem BackgroundColor2" Target="/Pages/QA/Overview.aspx" Name="navQA"></NavigationItem>
  
  <NavigationItem CssClass="NavigationItem BackgroundColor1" CssClassActive="NavigationItem BackgroundColor2" Target="/Pages/LinkCloud.aspx" Name="navLinkCloud"></NavigationItem>
  <!--<NavigationItem CssClass="NavigationItem BackgroundColor1" CssClassActive="NavigationItem BackgroundColor2" Target="" Name="navTesting"></NavigationItem>-->
  
  <NavigationItem CssClass="NavigationItem BackgroundColor1" CssClassActive="NavigationItem BackgroundColor2" Target="/Pages/LinkBi/LinkBi.aspx" Name="navLinkBi">
    <NavigationItem CssClass="NavigationItem BackgroundColor1" CssClassActive="NavigationItem BackgroundColor2" Target="/Pages/LinkBi/SavedDefinitions.aspx" Name="navSavedDefinitions"></NavigationItem>
    <NavigationItem CssClass="NavigationItem BackgroundColor1" CssClassActive="NavigationItem BackgroundColor2" Target="/Pages/LinkBi/LinkBi.aspx" Name="navLinkBiNewReport"></NavigationItem>
  </NavigationItem>
  
  <NavigationItem CssClass="NavigationItem BackgroundColor1" CssClassActive="NavigationItem BackgroundColor2" Target="/Pages/LinkReporter/Crosstabs.aspx" Name="navLinkReporter"></NavigationItem>
  <!--<NavigationItem CssClass="NavigationItem BackgroundColor1" CssClassActive="NavigationItem BackgroundColor2" Target="" Name="navExports"></NavigationItem>-->
  <NavigationItem CssClass="NavigationItem BackgroundColor1" CssClassActive="NavigationItem BackgroundColor2" Target="/Pages/Account/Home.aspx" Name="navAccountManagement">
    <NavigationItem CssClass="NavigationItem BackgroundColor2" CssClassActive="NavigationItem BackgroundColor2" Target="/Pages/Account/ChangePassword.aspx" Name="ChangePassword"></NavigationItem>
    <NavigationItem CssClass="NavigationItem BackgroundColor2" CssClassActive="NavigationItem BackgroundColor2" Target="/Pages/Account/ChangeContact.aspx" Name="ChangeContact"></NavigationItem>
  </NavigationItem>
  <NavigationItem CssClass="NavigationItem BackgroundColor1" CssClassActive="NavigationItem BackgroundColor2" Target="/Pages/Debug.aspx" Name="navDebug"></NavigationItem>
  <NavigationItem CssClass="NavigationItem BackgroundColor1" CssClassActive="NavigationItem BackgroundColor2" Target="javascript:Logout();" Name="navLogout"></NavigationItem>
</Navigation>