﻿<TextAggregation>
  <IgnoreWords>
    <IgnoreWord><![CDATA[the]]></IgnoreWord>
    <IgnoreWord><![CDATA[no]]></IgnoreWord>
    <IgnoreWord><![CDATA[yes]]></IgnoreWord>
    <IgnoreWord><![CDATA[as]]></IgnoreWord>
    <IgnoreWord><![CDATA[it]]></IgnoreWord>
    <IgnoreWord><![CDATA[he]]></IgnoreWord>
    <IgnoreWord><![CDATA[me]]></IgnoreWord>
    <IgnoreWord><![CDATA[us]]></IgnoreWord>
    <IgnoreWord><![CDATA[be]]></IgnoreWord>
    <IgnoreWord><![CDATA[on]]></IgnoreWord>
    <IgnoreWord><![CDATA[co]]></IgnoreWord>
    <IgnoreWord><![CDATA[to]]></IgnoreWord>
    <IgnoreWord><![CDATA[and]]></IgnoreWord>
    <IgnoreWord><![CDATA[not]]></IgnoreWord>
    <IgnoreWord><![CDATA[was]]></IgnoreWord>
    <IgnoreWord><![CDATA[that]]></IgnoreWord>
    <IgnoreWord><![CDATA[they]]></IgnoreWord>
    <IgnoreWord><![CDATA[is]]></IgnoreWord>
    <IgnoreWord><![CDATA[my]]></IgnoreWord>
    <IgnoreWord><![CDATA[have]]></IgnoreWord>
    <IgnoreWord><![CDATA[did]]></IgnoreWord>
    <IgnoreWord><![CDATA[you]]></IgnoreWord>
    <IgnoreWord><![CDATA[for]]></IgnoreWord>
    <IgnoreWord><![CDATA[of]]></IgnoreWord>
    <IgnoreWord><![CDATA[had]]></IgnoreWord>
    <IgnoreWord><![CDATA[do]]></IgnoreWord>
    <IgnoreWord><![CDATA[because]]></IgnoreWord>
    <IgnoreWord><![CDATA[in]]></IgnoreWord>
    <IgnoreWord><![CDATA[could]]></IgnoreWord>
    <IgnoreWord><![CDATA[so]]></IgnoreWord>
    <IgnoreWord><![CDATA[so]]></IgnoreWord>
	<IgnoreWord><![CDATA[ca]]></IgnoreWord>
	<IgnoreWord><![CDATA[al]]></IgnoreWord>
	<IgnoreWord><![CDATA[gas]]></IgnoreWord>
	<IgnoreWord><![CDATA[cal]]></IgnoreWord>
	<IgnoreWord><![CDATA[an]]></IgnoreWord>
	<IgnoreWord><![CDATA[re]]></IgnoreWord>
	<IgnoreWord><![CDATA[or]]></IgnoreWord>
	<IgnoreWord><![CDATA[ha]]></IgnoreWord>
	<IgnoreWord><![CDATA[soc]]></IgnoreWord>
	<IgnoreWord><![CDATA[socal]]></IgnoreWord>
	<IgnoreWord><![CDATA[soca]]></IgnoreWord>
	<IgnoreWord><![CDATA[st]]></IgnoreWord>
	<IgnoreWord><![CDATA[se]]></IgnoreWord>
	<IgnoreWord><![CDATA[socalgas]]></IgnoreWord>
	<IgnoreWord><![CDATA[at]]></IgnoreWord>
	<IgnoreWord><![CDATA[ng]]></IgnoreWord>
	<IgnoreWord><![CDATA[ne]]></IgnoreWord>
	<IgnoreWord><![CDATA[en]]></IgnoreWord>
	<IgnoreWord><![CDATA[nd]]></IgnoreWord>
	<IgnoreWord><![CDATA[ur]]></IgnoreWord>
	<IgnoreWord><![CDATA[es]]></IgnoreWord>
	<IgnoreWord><![CDATA[ea]]></IgnoreWord>
	<IgnoreWord><![CDATA[yo]]></IgnoreWord>
	<IgnoreWord><![CDATA[wa]]></IgnoreWord>
	<IgnoreWord><![CDATA[ot]]></IgnoreWord>
	<IgnoreWord><![CDATA[we]]></IgnoreWord>
	<IgnoreWord><![CDATA[el]]></IgnoreWord>
	<IgnoreWord><![CDATA[our]]></IgnoreWord>
	<IgnoreWord><![CDATA[all]]></IgnoreWord>
	<IgnoreWord><![CDATA[hi]]></IgnoreWord>
	<IgnoreWord><![CDATA[la]]></IgnoreWord>
	<IgnoreWord><![CDATA[ad]]></IgnoreWord>
	<IgnoreWord><![CDATA[lo]]></IgnoreWord>
	<IgnoreWord><![CDATA[mo]]></IgnoreWord>
	<IgnoreWord><![CDATA[pl]]></IgnoreWord>
	<IgnoreWord><![CDATA[un]]></IgnoreWord>
	<IgnoreWord><![CDATA[wo]]></IgnoreWord>
	<IgnoreWord><![CDATA[her]]></IgnoreWord>
	<IgnoreWord><![CDATA[ss]]></IgnoreWord>
	<IgnoreWord><![CDATA[fi]]></IgnoreWord>
	<IgnoreWord><![CDATA[can]]></IgnoreWord>
	<IgnoreWord><![CDATA[his]]></IgnoreWord>
	<IgnoreWord><![CDATA[ie]]></IgnoreWord>
	<IgnoreWord><![CDATA[with]]></IgnoreWord>
	<IgnoreWord><![CDATA[this]]></IgnoreWord>
	<IgnoreWord><![CDATA[up]]></IgnoreWord>
	<IgnoreWord><![CDATA[go]]></IgnoreWord>
	<IgnoreWord><![CDATA[im]]></IgnoreWord>
	<IgnoreWord><![CDATA[eve]]></IgnoreWord>
	<IgnoreWord><![CDATA[mi]]></IgnoreWord>
	<IgnoreWord><![CDATA[rt]]></IgnoreWord>
	<IgnoreWord><![CDATA[are]]></IgnoreWord>
	<IgnoreWord><![CDATA[if]]></IgnoreWord>
	<IgnoreWord><![CDATA[get]]></IgnoreWord>
	<IgnoreWord><![CDATA[now]]></IgnoreWord>
	<IgnoreWord><![CDATA[how]]></IgnoreWord>
	<IgnoreWord><![CDATA[here]]></IgnoreWord>
	<IgnoreWord><![CDATA[but]]></IgnoreWord>
	<IgnoreWord><![CDATA[some]]></IgnoreWord>
	<IgnoreWord><![CDATA[from]]></IgnoreWord>
	<IgnoreWord><![CDATA[sc]]></IgnoreWord>
	<IgnoreWord><![CDATA[&quot;]]></IgnoreWord>
	<IgnoreWord><![CDATA[&amp;]]></IgnoreWord>
	<IgnoreWord><![CDATA[it&apos;s]]></IgnoreWord>
	<IgnoreWord><![CDATA[--]]></IgnoreWord>
	<IgnoreWord><![CDATA[ve]]></IgnoreWord>
	<IgnoreWord><![CDATA[ti]]></IgnoreWord>
	<IgnoreWord><![CDATA[hey]]></IgnoreWord>
	<IgnoreWord><![CDATA[we]]></IgnoreWord>
	<IgnoreWord><![CDATA[ma]]></IgnoreWord>
	<IgnoreWord><![CDATA[am]]></IgnoreWord>
	<IgnoreWord><![CDATA[ur]]></IgnoreWord>
	<IgnoreWord><![CDATA[ill]]></IgnoreWord>
	<IgnoreWord><![CDATA[any]]></IgnoreWord>
	<IgnoreWord><![CDATA[when]]></IgnoreWord>
	<IgnoreWord><![CDATA[led]]></IgnoreWord>
	<IgnoreWord><![CDATA[them]]></IgnoreWord>
	<IgnoreWord><![CDATA[come]]></IgnoreWord>
	<IgnoreWord><![CDATA[what]]></IgnoreWord>
	<IgnoreWord><![CDATA[very]]></IgnoreWord>
	<IgnoreWord><![CDATA[there]]></IgnoreWord>
	<IgnoreWord><![CDATA[would]]></IgnoreWord>
	<IgnoreWord><![CDATA[were]]></IgnoreWord>
	<IgnoreWord><![CDATA[said]]></IgnoreWord>
	<IgnoreWord><![CDATA[came]]></IgnoreWord>
	<IgnoreWord><![CDATA[too]]></IgnoreWord>
	<IgnoreWord><![CDATA[ever]]></IgnoreWord>
	<IgnoreWord><![CDATA[then]]></IgnoreWord>
	<IgnoreWord><![CDATA[how]]></IgnoreWord>
	<IgnoreWord><![CDATA[going]]></IgnoreWord>
	<IgnoreWord><![CDATA[off]]></IgnoreWord>
	<IgnoreWord><![CDATA[back]]></IgnoreWord>
	<IgnoreWord><![CDATA[end]]></IgnoreWord>
	<IgnoreWord><![CDATA[from]]></IgnoreWord>
	<IgnoreWord><![CDATA[say]]></IgnoreWord>
	<IgnoreWord><![CDATA[why]]></IgnoreWord>
	<IgnoreWord><![CDATA[she]]></IgnoreWord>
	<IgnoreWord><![CDATA[um]]></IgnoreWord>
	<IgnoreWord><![CDATA[who]]></IgnoreWord>
	<IgnoreWord><![CDATA[until]]></IgnoreWord>
	<IgnoreWord><![CDATA[got]]></IgnoreWord>
	<IgnoreWord><![CDATA[see]]></IgnoreWord>
	<IgnoreWord><![CDATA[put]]></IgnoreWord>
	<IgnoreWord><![CDATA[their]]></IgnoreWord>
	<IgnoreWord><![CDATA[guy]]></IgnoreWord>
	<IgnoreWord><![CDATA[every]]></IgnoreWord>
	<IgnoreWord><![CDATA[lot]]></IgnoreWord>
	<IgnoreWord><![CDATA[by]]></IgnoreWord>
	<IgnoreWord><![CDATA[asked]]></IgnoreWord>
	<IgnoreWord><![CDATA[after]]></IgnoreWord>
	<IgnoreWord><![CDATA[went]]></IgnoreWord>
	<IgnoreWord><![CDATA[sit]]></IgnoreWord>
	<IgnoreWord><![CDATA[till]]></IgnoreWord>
	<IgnoreWord><![CDATA[ours]]></IgnoreWord>
	<IgnoreWord><![CDATA[where]]></IgnoreWord>
	<IgnoreWord><![CDATA[still]]></IgnoreWord>
	<IgnoreWord><![CDATA[much]]></IgnoreWord>
	<IgnoreWord><![CDATA[ah]]></IgnoreWord>
	<IgnoreWord><![CDATA[than]]></IgnoreWord>
	<IgnoreWord><![CDATA[your]]></IgnoreWord>
	<IgnoreWord><![CDATA[next]]></IgnoreWord>
	<IgnoreWord><![CDATA[yeah]]></IgnoreWord>
	<IgnoreWord><![CDATA[seem]]></IgnoreWord>
	<IgnoreWord><![CDATA[may]]></IgnoreWord>
	<IgnoreWord><![CDATA[saw]]></IgnoreWord>
	<IgnoreWord><![CDATA[uh]]></IgnoreWord>
	<IgnoreWord><![CDATA[dont]]></IgnoreWord>
	<IgnoreWord><![CDATA[sir]]></IgnoreWord>
	<IgnoreWord><![CDATA[lets]]></IgnoreWord>
	<IgnoreWord><![CDATA[ive]]></IgnoreWord>
	<IgnoreWord><![CDATA[one]]></IgnoreWord>
	<IgnoreWord><![CDATA[know]]></IgnoreWord>
	<IgnoreWord><![CDATA[just]]></IgnoreWord>
	<IgnoreWord><![CDATA[ok]]></IgnoreWord>		
	<IgnoreWord><![CDATA[per]]></IgnoreWord>
	<IgnoreWord><![CDATA[thing]]></IgnoreWord>
	<IgnoreWord><![CDATA[took]]></IgnoreWord>
	<IgnoreWord><![CDATA[take]]></IgnoreWord>
	<IgnoreWord><![CDATA[should]]></IgnoreWord>
	<IgnoreWord><![CDATA[turned]]></IgnoreWord>
	<IgnoreWord><![CDATA[try]]></IgnoreWord>
	<IgnoreWord><![CDATA[ask]]></IgnoreWord>
	<IgnoreWord><![CDATA[cannot]]></IgnoreWord>
	<IgnoreWord><![CDATA[through]]></IgnoreWord>
	<IgnoreWord><![CDATA[has]]></IgnoreWord>
	<IgnoreWord><![CDATA[before]]></IgnoreWord>
		<IgnoreWord><![CDATA[yea]]></IgnoreWord>
		<IgnoreWord><![CDATA[same]]></IgnoreWord>
		<IgnoreWord><![CDATA[done]]></IgnoreWord>
		<IgnoreWord><![CDATA[having]]></IgnoreWord>
		<IgnoreWord><![CDATA[gave]]></IgnoreWord>
		<IgnoreWord><![CDATA[things]]></IgnoreWord>
		<IgnoreWord><![CDATA[tells]]></IgnoreWord>
		<IgnoreWord><![CDATA[de]]></IgnoreWord>
		<IgnoreWord><![CDATA[si]]></IgnoreWord>
		<IgnoreWord><![CDATA[hav]]></IgnoreWord>
		<IgnoreWord><![CDATA[ni]]></IgnoreWord>
		<IgnoreWord><![CDATA[til]]></IgnoreWord>
		<IgnoreWord><![CDATA[ok]]></IgnoreWord>
		<IgnoreWord><![CDATA[cc]]></IgnoreWord>
		<IgnoreWord><![CDATA[tho]]></IgnoreWord>
		<IgnoreWord><![CDATA[way]]></IgnoreWord>
		<IgnoreWord><![CDATA[per]]></IgnoreWord>
		<IgnoreWord><![CDATA[don]]></IgnoreWord>
		<IgnoreWord><![CDATA[need]]></IgnoreWord>
		<IgnoreWord><![CDATA[take]]></IgnoreWord>
		<IgnoreWord><![CDATA[thou]]></IgnoreWord>
		<IgnoreWord><![CDATA[does]]></IgnoreWord>
		<IgnoreWord><![CDATA[has]]></IgnoreWord>
		<IgnoreWord><![CDATA[want]]></IgnoreWord>
		<IgnoreWord><![CDATA[ugh]]></IgnoreWord>
		<IgnoreWord><![CDATA[aw]]></IgnoreWord>
		<IgnoreWord><![CDATA[about]]></IgnoreWord>
		<IgnoreWord><![CDATA[know]]></IgnoreWord>
		<IgnoreWord><![CDATA[ud]]></IgnoreWord>
		<IgnoreWord><![CDATA[having]]></IgnoreWord>
		<IgnoreWord><![CDATA[add]]></IgnoreWord>
		<IgnoreWord><![CDATA[top]]></IgnoreWord>
		<IgnoreWord><![CDATA[eh]]></IgnoreWord>
		<IgnoreWord><![CDATA[nor]]></IgnoreWord>
		<IgnoreWord><![CDATA[ya]]></IgnoreWord>
		<IgnoreWord><![CDATA[oh]]></IgnoreWord>
		<IgnoreWord><![CDATA[non]]></IgnoreWord>
		<IgnoreWord><![CDATA[theres]]></IgnoreWord>
		<IgnoreWord><![CDATA[suppose]]></IgnoreWord>
		<IgnoreWord><![CDATA[many]]></IgnoreWord>
		<IgnoreWord><![CDATA[seen]]></IgnoreWord>
		<IgnoreWord><![CDATA[thru]]></IgnoreWord>
		<IgnoreWord><![CDATA[seeing]]></IgnoreWord>
		<IgnoreWord><![CDATA[pull]]></IgnoreWord>
		<IgnoreWord><![CDATA[noon]]></IgnoreWord>		
		<IgnoreWord><![CDATA[ends]]></IgnoreWord>
		<IgnoreWord><![CDATA[doesnt]]></IgnoreWord>
		<IgnoreWord><![CDATA[between]]></IgnoreWord>
		<IgnoreWord><![CDATA[youre]]></IgnoreWord>
		<IgnoreWord><![CDATA[says]]></IgnoreWord>
		<IgnoreWord><![CDATA[supposed]]></IgnoreWord>
		<IgnoreWord><![CDATA[havent]]></IgnoreWord>
		<IgnoreWord><![CDATA[thinking]]></IgnoreWord>
		<IgnoreWord><![CDATA[e-]]></IgnoreWord>
		<IgnoreWord><![CDATA[file]]></IgnoreWord>
		<IgnoreWord><![CDATA[these]]></IgnoreWord>
		<IgnoreWord><![CDATA[myself]]></IgnoreWord>
		<IgnoreWord><![CDATA[amount]]></IgnoreWord>
		<IgnoreWord><![CDATA[things]]></IgnoreWord>
		<IgnoreWord><![CDATA[putting]]></IgnoreWord>
		<IgnoreWord><![CDATA[anybody]]></IgnoreWord>
		<IgnoreWord><![CDATA[knew]]></IgnoreWord>
		<IgnoreWord><![CDATA[lives]]></IgnoreWord>
		<IgnoreWord><![CDATA[besides]]></IgnoreWord>
		<IgnoreWord><![CDATA[wheres]]></IgnoreWord>
		<IgnoreWord><![CDATA[theyre]]></IgnoreWord>
		<IgnoreWord><![CDATA[yay]]></IgnoreWord>
		<IgnoreWord><![CDATA[weve]]></IgnoreWord>
		<IgnoreWord><![CDATA[common]]></IgnoreWord>
		<IgnoreWord><![CDATA[market]]></IgnoreWord>
		<IgnoreWord><![CDATA[username]]></IgnoreWord>
		<IgnoreWord><![CDATA[use]]></IgnoreWord>
		<IgnoreWord><![CDATA[ive`]]></IgnoreWord>
		<IgnoreWord><![CDATA[out]]></IgnoreWord>
		<IgnoreWord><![CDATA[thing]]></IgnoreWord>
		<IgnoreWord><![CDATA[been]]></IgnoreWord>
		<IgnoreWord><![CDATA[its]]></IgnoreWord>
		<IgnoreWord><![CDATA[has]]></IgnoreWord>
		<IgnoreWord><![CDATA[just]]></IgnoreWord>
		<IgnoreWord><![CDATA[take]]></IgnoreWord>
		<IgnoreWord><![CDATA[weve]]></IgnoreWord>
		<IgnoreWord><![CDATA[xxxxx]]></IgnoreWord>
		<IgnoreWord><![CDATA[xxxx]]></IgnoreWord>
		<IgnoreWord><![CDATA[xx]]></IgnoreWord>
		<IgnoreWord><![CDATA[xxxxxx]]></IgnoreWord>
		<IgnoreWord><![CDATA[xxx]]></IgnoreWord>
		<IgnoreWord><![CDATA[xxxxxxx]]></IgnoreWord>
		<IgnoreWord><![CDATA[xxxxxxxx]]></IgnoreWord>
		<IgnoreWord><![CDATA[#s]]></IgnoreWord>		
		<IgnoreWord><![CDATA[9%]]></IgnoreWord>	
		<IgnoreWord><![CDATA[20%]]></IgnoreWord>
		<IgnoreWord><![CDATA[7%]]></IgnoreWord>	
		<IgnoreWord><![CDATA[xxxxxxxxxx]]></IgnoreWord>	
		<IgnoreWord><![CDATA[xxxxxxxxx]]></IgnoreWord>
		<IgnoreWord><![CDATA[xxxxxxxxxxxxx]]></IgnoreWord>
		<IgnoreWord><![CDATA[xxxxxxxxx]]></IgnoreWord>
		<IgnoreWord><![CDATA[don&amp;apos;t]]></IgnoreWord>
		<IgnoreWord><![CDATA[customer]]></IgnoreWord>
		<IgnoreWord><![CDATA[company]]></IgnoreWord>
		<IgnoreWord><![CDATA[will]]></IgnoreWord>
		<IgnoreWord><![CDATA[turn]]></IgnoreWord>
		<IgnoreWord><![CDATA[call]]></IgnoreWord>
		<IgnoreWord><![CDATA[called]]></IgnoreWord>
		<IgnoreWord><![CDATA[being]]></IgnoreWord>
		<IgnoreWord><![CDATA[told]]></IgnoreWord>
		<IgnoreWord><![CDATA[home]]></IgnoreWord>
		<IgnoreWord><![CDATA[which]]></IgnoreWord>
		<IgnoreWord><![CDATA[will]]></IgnoreWord>
		<IgnoreWord><![CDATA[cant]]></IgnoreWord>
		<IgnoreWord><![CDATA[can&amp;apos;t]]></IgnoreWord>
		<IgnoreWord><![CDATA[i&amp;apos;m]]></IgnoreWord>
		<IgnoreWord><![CDATA[i&amp;apos;ve]]></IgnoreWord>
		<IgnoreWord><![CDATA[doesn&amp;apos;t]]></IgnoreWord>
		<IgnoreWord><![CDATA[won&amp;apos;t]]></IgnoreWord>
		<IgnoreWord><![CDATA[what&amp;apos;s]]></IgnoreWord>
		<IgnoreWord><![CDATA[i&amp;apos;d]]></IgnoreWord>
		<IgnoreWord><![CDATA[th]]></IgnoreWord>
		<IgnoreWord><![CDATA[er]]></IgnoreWord>
		<IgnoreWord><![CDATA[ar]]></IgnoreWord>
		<IgnoreWord><![CDATA[tho]]></IgnoreWord>
		<IgnoreWord><![CDATA[till]]></IgnoreWord>
		<IgnoreWord><![CDATA[&#225;i]]></IgnoreWord>
		<IgnoreWord><![CDATA[xxxxxxxxxxx]]></IgnoreWord>
		<IgnoreWord><![CDATA[xxxxxxxxxxxx]]></IgnoreWord>
		<IgnoreWord><![CDATA[don&amp;apos;t]]></IgnoreWord>


 </IgnoreWords>
  <IgnoreCharacters>
    <IgnoreCharacter><![CDATA[\n]]></IgnoreCharacter>
    <IgnoreCharacter><![CDATA[\r]]></IgnoreCharacter>
    <IgnoreCharacter><![CDATA[\]]></IgnoreCharacter>
    <IgnoreCharacter><![CDATA[,]]></IgnoreCharacter>
    <IgnoreCharacter><![CDATA["]]></IgnoreCharacter>
    <IgnoreCharacter><![CDATA[']]></IgnoreCharacter>
    <IgnoreCharacter><![CDATA[.]]></IgnoreCharacter>
    <IgnoreCharacter><![CDATA[:]]></IgnoreCharacter>
    <IgnoreCharacter><![CDATA[?]]></IgnoreCharacter>
    <IgnoreCharacter><![CDATA[!]]></IgnoreCharacter>
    <IgnoreCharacter><![CDATA[$]]></IgnoreCharacter>
    <IgnoreCharacter><![CDATA[(]]></IgnoreCharacter>
    <IgnoreCharacter><![CDATA[)]]></IgnoreCharacter>
    <IgnoreCharacter><![CDATA[”]]></IgnoreCharacter>
    <IgnoreCharacter><![CDATA[`]]></IgnoreCharacter>
    <IgnoreCharacter><![CDATA[@]]></IgnoreCharacter>
  </IgnoreCharacters>
</TextAggregation>