<Logs>
  <Log Timestamp="18/01/2016 16:31:09">
    <Error><![CDATA[System.Reflection.TargetInvocationException: Exception has been thrown by the target of an invocation. ---> RDotNet.EvaluationException: Error: could not find function "t.test"

   at RDotNet.REngine.Parse(String statement, StringBuilder incompleteStatement)
   at RDotNet.REngine.<Defer>d__0.MoveNext()
   at System.Linq.Enumerable.LastOrDefault[TSource](IEnumerable`1 source)
   at RDotNet.REngine.Evaluate(String statement)
   at UserScript.RunScript.R[T](String script)
   at UserScript.RunScript.Eval()
   --- End of inner exception stack trace ---
   at System.RuntimeMethodHandle.InvokeMethod(Object target, Object[] arguments, Signature sig, Boolean constructor)
   at System.Reflection.RuntimeMethodInfo.UnsafeInvokeInternal(Object obj, Object[] parameters, Object[] arguments)
   at System.Reflection.RuntimeMethodInfo.Invoke(Object obj, BindingFlags invokeAttr, Binder binder, Object[] parameters, CultureInfo culture)
   at System.RuntimeType.InvokeMember(String name, BindingFlags bindingFlags, Binder binder, Object target, Object[] providedArgs, ParameterModifier[] modifiers, CultureInfo culture, String[] namedParams)
   at System.Type.InvokeMember(String name, BindingFlags invokeAttr, Binder binder, Object target, Object[] args)
   at DataCore.Classes.EquationEvaluator.Eval(Data filter, Database storageMethod, WeightingFilterCollection weights) in C:\Projects\Blueocean\Link\LinkManager\Cores\DataCore\DataCore\Classes\EquationEvaluator.cs:line 65
   at DataCore.Classes.Equation.Calculate(Data filter, Database storageMethod, WeightingFilterCollection weights) in C:\Projects\Blueocean\Link\LinkManager\Cores\DataCore\DataCore\Classes\Equation.cs:line 226]]></Error>
    <Equation><![CDATA[R("var_group1 <- c(29.89, 29.93, 29.72, 29.98, 30.02, 29.98)"); R("var_group2 <- c(29.89, 29.93, 29.72, 29.98, 30.02, 29.98)"); return R<double[]>("t.test(var_group1, var_group2)")[0];]]></Equation>
  </Log>
  <Log Timestamp="18/01/2016 16:34:16">
    <Error><![CDATA[System.Reflection.TargetInvocationException: Exception has been thrown by the target of an invocation. ---> RDotNet.EvaluationException: Error: could not find function "t.test"

   at RDotNet.REngine.Parse(String statement, StringBuilder incompleteStatement)
   at RDotNet.REngine.<Defer>d__0.MoveNext()
   at System.Linq.Enumerable.LastOrDefault[TSource](IEnumerable`1 source)
   at RDotNet.REngine.Evaluate(String statement)
   at UserScript.RunScript.R[T](String script)
   at UserScript.RunScript.Eval()
   --- End of inner exception stack trace ---
   at System.RuntimeMethodHandle.InvokeMethod(Object target, Object[] arguments, Signature sig, Boolean constructor)
   at System.Reflection.RuntimeMethodInfo.UnsafeInvokeInternal(Object obj, Object[] parameters, Object[] arguments)
   at System.Reflection.RuntimeMethodInfo.Invoke(Object obj, BindingFlags invokeAttr, Binder binder, Object[] parameters, CultureInfo culture)
   at System.RuntimeType.InvokeMember(String name, BindingFlags bindingFlags, Binder binder, Object target, Object[] providedArgs, ParameterModifier[] modifiers, CultureInfo culture, String[] namedParams)
   at System.Type.InvokeMember(String name, BindingFlags invokeAttr, Binder binder, Object target, Object[] args)
   at DataCore.Classes.EquationEvaluator.Eval(Data filter, Database storageMethod, WeightingFilterCollection weights) in C:\Projects\Blueocean\Link\LinkManager\Cores\DataCore\DataCore\Classes\EquationEvaluator.cs:line 65
   at DataCore.Classes.Equation.Calculate(Data filter, Database storageMethod, WeightingFilterCollection weights) in C:\Projects\Blueocean\Link\LinkManager\Cores\DataCore\DataCore\Classes\Equation.cs:line 226]]></Error>
    <Equation><![CDATA[R("var_group1 <- c(29.89, 29.93, 29.72, 29.98, 30.02, 29.98)"); R("var_group2 <- c(29.89, 29.93, 29.72, 29.98, 30.02, 29.98)"); return R<double[]>("t.test(var_group1, var_group2)")[0];]]></Equation>
  </Log>
  <Log Timestamp="18/01/2016 16:34:20">
    <Error><![CDATA[System.Reflection.TargetInvocationException: Exception has been thrown by the target of an invocation. ---> RDotNet.EvaluationException: Error: could not find function "t.test"

   at RDotNet.REngine.Parse(String statement, StringBuilder incompleteStatement)
   at RDotNet.REngine.<Defer>d__0.MoveNext()
   at System.Linq.Enumerable.LastOrDefault[TSource](IEnumerable`1 source)
   at RDotNet.REngine.Evaluate(String statement)
   at UserScript.RunScript.R[T](String script)
   at UserScript.RunScript.Eval()
   --- End of inner exception stack trace ---
   at System.RuntimeMethodHandle.InvokeMethod(Object target, Object[] arguments, Signature sig, Boolean constructor)
   at System.Reflection.RuntimeMethodInfo.UnsafeInvokeInternal(Object obj, Object[] parameters, Object[] arguments)
   at System.Reflection.RuntimeMethodInfo.Invoke(Object obj, BindingFlags invokeAttr, Binder binder, Object[] parameters, CultureInfo culture)
   at System.RuntimeType.InvokeMember(String name, BindingFlags bindingFlags, Binder binder, Object target, Object[] providedArgs, ParameterModifier[] modifiers, CultureInfo culture, String[] namedParams)
   at System.Type.InvokeMember(String name, BindingFlags invokeAttr, Binder binder, Object target, Object[] args)
   at DataCore.Classes.EquationEvaluator.Eval(Data filter, Database storageMethod, WeightingFilterCollection weights) in C:\Projects\Blueocean\Link\LinkManager\Cores\DataCore\DataCore\Classes\EquationEvaluator.cs:line 65
   at DataCore.Classes.Equation.Calculate(Data filter, Database storageMethod, WeightingFilterCollection weights) in C:\Projects\Blueocean\Link\LinkManager\Cores\DataCore\DataCore\Classes\Equation.cs:line 226]]></Error>
    <Equation><![CDATA[R("var_group1 <- c(29.89, 29.93, 29.72, 29.98, 30.02, 29.98)"); R("var_group2 <- c(29.89, 29.93, 29.72, 29.98, 30.02, 29.98)"); return R<double[]>("t.test(var_group1, var_group2)")[0];]]></Equation>
  </Log>
  <Log Timestamp="18/01/2016 16:38:28">
    <Error><![CDATA[System.Reflection.TargetInvocationException: Exception has been thrown by the target of an invocation. ---> RDotNet.EvaluationException: Error: could not find function "t.test"

   at RDotNet.REngine.Parse(String statement, StringBuilder incompleteStatement)
   at RDotNet.REngine.<Defer>d__0.MoveNext()
   at System.Linq.Enumerable.LastOrDefault[TSource](IEnumerable`1 source)
   at RDotNet.REngine.Evaluate(String statement)
   at UserScript.RunScript.R[T](String script)
   at UserScript.RunScript.Eval()
   --- End of inner exception stack trace ---
   at System.RuntimeMethodHandle.InvokeMethod(Object target, Object[] arguments, Signature sig, Boolean constructor)
   at System.Reflection.RuntimeMethodInfo.UnsafeInvokeInternal(Object obj, Object[] parameters, Object[] arguments)
   at System.Reflection.RuntimeMethodInfo.Invoke(Object obj, BindingFlags invokeAttr, Binder binder, Object[] parameters, CultureInfo culture)
   at System.RuntimeType.InvokeMember(String name, BindingFlags bindingFlags, Binder binder, Object target, Object[] providedArgs, ParameterModifier[] modifiers, CultureInfo culture, String[] namedParams)
   at System.Type.InvokeMember(String name, BindingFlags invokeAttr, Binder binder, Object target, Object[] args)
   at DataCore.Classes.EquationEvaluator.Eval(Data filter, Database storageMethod, WeightingFilterCollection weights) in C:\Projects\Blueocean\Link\LinkManager\Cores\DataCore\DataCore\Classes\EquationEvaluator.cs:line 65
   at DataCore.Classes.Equation.Calculate(Data filter, Database storageMethod, WeightingFilterCollection weights) in C:\Projects\Blueocean\Link\LinkManager\Cores\DataCore\DataCore\Classes\Equation.cs:line 226]]></Error>
    <Equation><![CDATA[R("var_group1 <- c(29.89, 29.93, 29.72, 29.98, 30.02, 29.98)"); R("var_group2 <- c(29.89, 29.93, 29.72, 29.98, 30.02, 29.98)"); return R<double[]>("t.test(var_group1, var_group2)")[0];]]></Equation>
  </Log>
  <Log Timestamp="18/01/2016 16:47:56"><![CDATA[[InsecureEquationDetected]: IncludeR.R("var_group1 <- c(29.89, 29.93, 29.72, 29.98, 30.02, 29.98)"); IncludeR.R("var_group2 <- c(29.89, 29.93, 29.72, 29.98, 30.02, 29.98)"); return IncludeR.R<double[]>("t.test(var_group1, var_group2)")[0];]]></Log>
  <Log Timestamp="18/01/2016 16:48:29"><![CDATA[[InsecureEquationDetected]: IncludeR.R("var_group1 <- c(29.89, 29.93, 29.72, 29.98, 30.02, 29.98)"); IncludeR.R("var_group2 <- c(29.89, 29.93, 29.72, 29.98, 30.02, 29.98)"); return IncludeR.R<double[]>("t.test(var_group1, var_group2)")[0];]]></Log>
  <Log Timestamp="18/01/2016 16:49:00"><![CDATA[[InsecureEquationDetected]: IncludeR.R("var_group1 <- c(29.89, 29.93, 29.72, 29.98, 30.02, 29.98)"); IncludeR.R("var_group2 <- c(29.89, 29.93, 29.72, 29.98, 30.02, 29.98)"); return IncludeR.R<double[]>("t.test(var_group1, var_group2)")[0];]]></Log>
  <Log Timestamp="18/01/2016 16:49:02"><![CDATA[[InsecureEquationDetected]: IncludeR.R("var_group1 <- c(29.89, 29.93, 29.72, 29.98, 30.02, 29.98)"); IncludeR.R("var_group2 <- c(29.89, 29.93, 29.72, 29.98, 30.02, 29.98)"); return IncludeR.R<double[]>("t.test(var_group1, var_group2)")[0];]]></Log>
  <Log Timestamp="18/01/2016 16:49:32">
    <Error><![CDATA[System.IO.FileNotFoundException: Could not load file or assembly 'file:///C:\WINDOWS\TEMP\om1tb34s.dll' or one of its dependencies. The system cannot find the file specified.
File name: 'file:///C:\WINDOWS\TEMP\om1tb34s.dll'
   at System.Reflection.RuntimeAssembly._nLoad(AssemblyName fileName, String codeBase, Evidence assemblySecurity, RuntimeAssembly locationHint, StackCrawlMark& stackMark, IntPtr pPrivHostBinder, Boolean throwOnFileNotFound, Boolean forIntrospection, Boolean suppressSecurityChecks)
   at System.Reflection.RuntimeAssembly.InternalLoadAssemblyName(AssemblyName assemblyRef, Evidence assemblySecurity, RuntimeAssembly reqAssembly, StackCrawlMark& stackMark, IntPtr pPrivHostBinder, Boolean throwOnFileNotFound, Boolean forIntrospection, Boolean suppressSecurityChecks)
   at System.Reflection.Assembly.Load(AssemblyName assemblyRef, Evidence assemblySecurity)
   at System.CodeDom.Compiler.CompilerResults.get_CompiledAssembly()
   at DataCore.Classes.EquationEvaluator.Eval(Data filter, Database storageMethod, WeightingFilterCollection weights) in C:\Projects\Blueocean\Link\LinkManager\Cores\DataCore\DataCore\Classes\EquationEvaluator.cs:line 63
   at DataCore.Classes.Equation.Calculate(Data filter, Database storageMethod, WeightingFilterCollection weights) in C:\Projects\Blueocean\Link\LinkManager\Cores\DataCore\DataCore\Classes\Equation.cs:line 226

WRN: Assembly binding logging is turned OFF.
To enable assembly bind failure logging, set the registry value [HKLM\Software\Microsoft\Fusion!EnableLog] (DWORD) to 1.
Note: There is some performance penalty associated with assembly bind failure logging.
To turn this feature off, remove the registry value [HKLM\Software\Microsoft\Fusion!EnableLog].
]]></Error>
    <Equation><![CDATA[IncludeR.R("var_group1 <- c(29.89, 29.93, 29.72, 29.98, 30.02, 29.98)"); IncludeR.R("var_group2 <- c(29.89, 29.93, 29.72, 29.98, 30.02, 29.98)"); return IncludeR.R<double[]>("t.test(var_group1, var_group2)")[0];]]></Equation>
  </Log>
  <Log Timestamp="18/01/2016 16:51:02">
    <Error><![CDATA[System.IO.FileNotFoundException: Could not load file or assembly 'file:///C:\WINDOWS\TEMP\qyvphmjn.dll' or one of its dependencies. The system cannot find the file specified.
File name: 'file:///C:\WINDOWS\TEMP\qyvphmjn.dll'
   at System.Reflection.RuntimeAssembly._nLoad(AssemblyName fileName, String codeBase, Evidence assemblySecurity, RuntimeAssembly locationHint, StackCrawlMark& stackMark, IntPtr pPrivHostBinder, Boolean throwOnFileNotFound, Boolean forIntrospection, Boolean suppressSecurityChecks)
   at System.Reflection.RuntimeAssembly.InternalLoadAssemblyName(AssemblyName assemblyRef, Evidence assemblySecurity, RuntimeAssembly reqAssembly, StackCrawlMark& stackMark, IntPtr pPrivHostBinder, Boolean throwOnFileNotFound, Boolean forIntrospection, Boolean suppressSecurityChecks)
   at System.Reflection.Assembly.Load(AssemblyName assemblyRef, Evidence assemblySecurity)
   at System.CodeDom.Compiler.CompilerResults.get_CompiledAssembly()
   at DataCore.Classes.EquationEvaluator.Eval(Data filter, Database storageMethod, WeightingFilterCollection weights) in C:\Projects\Blueocean\Link\LinkManager\Cores\DataCore\DataCore\Classes\EquationEvaluator.cs:line 63
   at DataCore.Classes.Equation.Calculate(Data filter, Database storageMethod, WeightingFilterCollection weights) in C:\Projects\Blueocean\Link\LinkManager\Cores\DataCore\DataCore\Classes\Equation.cs:line 226

=== Pre-bind state information ===
LOG: Where-ref bind. Location = C:\WINDOWS\TEMP\qyvphmjn.dll
LOG: Appbase = file:///C:/Projects/Blueocean/Link/LinkManager/Clients/LinkOnline/LinkOnline/
LOG: Initial PrivatePath = C:\Projects\Blueocean\Link\LinkManager\Clients\LinkOnline\LinkOnline\bin
Calling assembly : (Unknown).
===
LOG: This bind starts in LoadFrom load context.
WRN: Native image will not be probed in LoadFrom context. Native image will only be probed in default load context, like with Assembly.Load().
LOG: Using application configuration file: C:\Projects\Blueocean\Link\LinkManager\Clients\LinkOnline\LinkOnline\web.config
LOG: Using host configuration file: C:\Windows\Microsoft.NET\Framework64\v4.0.30319\aspnet.config
LOG: Using machine configuration file from C:\Windows\Microsoft.NET\Framework64\v4.0.30319\config\machine.config.
LOG: The same bind was seen before, and was failed with hr = 0x80070002.
]]></Error>
    <Equation><![CDATA[IncludeR.R("var_group1 <- c(29.89, 29.93, 29.72, 29.98, 30.02, 29.98)"); IncludeR.R("var_group2 <- c(29.89, 29.93, 29.72, 29.98, 30.02, 29.98)"); return IncludeR.R<double[]>("t.test(var_group1, var_group2)")[0];]]></Equation>
  </Log>
  <Log Timestamp="18/01/2016 16:51:25">
    <Error><![CDATA[System.IO.FileNotFoundException: Could not load file or assembly 'file:///C:\WINDOWS\TEMP\hbuw2j5h.dll' or one of its dependencies. The system cannot find the file specified.
File name: 'file:///C:\WINDOWS\TEMP\hbuw2j5h.dll'
   at System.Reflection.RuntimeAssembly._nLoad(AssemblyName fileName, String codeBase, Evidence assemblySecurity, RuntimeAssembly locationHint, StackCrawlMark& stackMark, IntPtr pPrivHostBinder, Boolean throwOnFileNotFound, Boolean forIntrospection, Boolean suppressSecurityChecks)
   at System.Reflection.RuntimeAssembly.InternalLoadAssemblyName(AssemblyName assemblyRef, Evidence assemblySecurity, RuntimeAssembly reqAssembly, StackCrawlMark& stackMark, IntPtr pPrivHostBinder, Boolean throwOnFileNotFound, Boolean forIntrospection, Boolean suppressSecurityChecks)
   at System.Reflection.Assembly.Load(AssemblyName assemblyRef, Evidence assemblySecurity)
   at System.CodeDom.Compiler.CompilerResults.get_CompiledAssembly()
   at DataCore.Classes.EquationEvaluator.Eval(Data filter, Database storageMethod, WeightingFilterCollection weights) in C:\Projects\Blueocean\Link\LinkManager\Cores\DataCore\DataCore\Classes\EquationEvaluator.cs:line 63
   at DataCore.Classes.Equation.Calculate(Data filter, Database storageMethod, WeightingFilterCollection weights) in C:\Projects\Blueocean\Link\LinkManager\Cores\DataCore\DataCore\Classes\Equation.cs:line 226

=== Pre-bind state information ===
LOG: Where-ref bind. Location = C:\WINDOWS\TEMP\hbuw2j5h.dll
LOG: Appbase = file:///C:/Projects/Blueocean/Link/LinkManager/Clients/LinkOnline/LinkOnline/
LOG: Initial PrivatePath = C:\Projects\Blueocean\Link\LinkManager\Clients\LinkOnline\LinkOnline\bin
Calling assembly : (Unknown).
===
LOG: This bind starts in LoadFrom load context.
WRN: Native image will not be probed in LoadFrom context. Native image will only be probed in default load context, like with Assembly.Load().
LOG: Using application configuration file: C:\Projects\Blueocean\Link\LinkManager\Clients\LinkOnline\LinkOnline\web.config
LOG: Using host configuration file: C:\Windows\Microsoft.NET\Framework64\v4.0.30319\aspnet.config
LOG: Using machine configuration file from C:\Windows\Microsoft.NET\Framework64\v4.0.30319\config\machine.config.
LOG: The same bind was seen before, and was failed with hr = 0x80070002.
]]></Error>
    <Equation><![CDATA[IncludeR.R("var_group1 <- c(29.89, 29.93, 29.72, 29.98, 30.02, 29.98)"); IncludeR.R("var_group2 <- c(29.89, 29.93, 29.72, 29.98, 30.02, 29.98)"); return IncludeR.R<double[]>("t.test(var_group1, var_group2)")[0];]]></Equation>
  </Log>
  <Log Timestamp="18/01/2016 16:51:53">
    <Error><![CDATA[System.IO.FileNotFoundException: Could not load file or assembly 'file:///C:\WINDOWS\TEMP\eun5zvwf.dll' or one of its dependencies. The system cannot find the file specified.
File name: 'file:///C:\WINDOWS\TEMP\eun5zvwf.dll'
   at System.Reflection.RuntimeAssembly._nLoad(AssemblyName fileName, String codeBase, Evidence assemblySecurity, RuntimeAssembly locationHint, StackCrawlMark& stackMark, IntPtr pPrivHostBinder, Boolean throwOnFileNotFound, Boolean forIntrospection, Boolean suppressSecurityChecks)
   at System.Reflection.RuntimeAssembly.InternalLoadAssemblyName(AssemblyName assemblyRef, Evidence assemblySecurity, RuntimeAssembly reqAssembly, StackCrawlMark& stackMark, IntPtr pPrivHostBinder, Boolean throwOnFileNotFound, Boolean forIntrospection, Boolean suppressSecurityChecks)
   at System.Reflection.Assembly.Load(AssemblyName assemblyRef, Evidence assemblySecurity)
   at System.CodeDom.Compiler.CompilerResults.get_CompiledAssembly()
   at DataCore.Classes.EquationEvaluator.Eval(Data filter, Database storageMethod, WeightingFilterCollection weights) in C:\Projects\Blueocean\Link\LinkManager\Cores\DataCore\DataCore\Classes\EquationEvaluator.cs:line 63
   at DataCore.Classes.Equation.Calculate(Data filter, Database storageMethod, WeightingFilterCollection weights) in C:\Projects\Blueocean\Link\LinkManager\Cores\DataCore\DataCore\Classes\Equation.cs:line 226

=== Pre-bind state information ===
LOG: Where-ref bind. Location = C:\WINDOWS\TEMP\eun5zvwf.dll
LOG: Appbase = file:///C:/Projects/Blueocean/Link/LinkManager/Clients/LinkOnline/LinkOnline/
LOG: Initial PrivatePath = C:\Projects\Blueocean\Link\LinkManager\Clients\LinkOnline\LinkOnline\bin
Calling assembly : (Unknown).
===
LOG: This bind starts in LoadFrom load context.
WRN: Native image will not be probed in LoadFrom context. Native image will only be probed in default load context, like with Assembly.Load().
LOG: Using application configuration file: C:\Projects\Blueocean\Link\LinkManager\Clients\LinkOnline\LinkOnline\web.config
LOG: Using host configuration file: C:\Windows\Microsoft.NET\Framework64\v4.0.30319\aspnet.config
LOG: Using machine configuration file from C:\Windows\Microsoft.NET\Framework64\v4.0.30319\config\machine.config.
LOG: The same bind was seen before, and was failed with hr = 0x80070002.
]]></Error>
    <Equation><![CDATA[IncludeR.R("var_group1 <- c(29.89, 29.93, 29.72, 29.98, 30.02, 29.98)"); IncludeR.R("var_group2 <- c(29.89, 29.93, 29.72, 29.98, 30.02, 29.98)"); return IncludeR.R<double[]>("t.test(var_group1, var_group2)")[0];]]></Equation>
  </Log>
  <Log Timestamp="18/01/2016 16:52:01">
    <Error><![CDATA[System.IO.FileNotFoundException: Could not load file or assembly 'file:///C:\WINDOWS\TEMP\hpvlliep.dll' or one of its dependencies. The system cannot find the file specified.
File name: 'file:///C:\WINDOWS\TEMP\hpvlliep.dll'
   at System.Reflection.RuntimeAssembly._nLoad(AssemblyName fileName, String codeBase, Evidence assemblySecurity, RuntimeAssembly locationHint, StackCrawlMark& stackMark, IntPtr pPrivHostBinder, Boolean throwOnFileNotFound, Boolean forIntrospection, Boolean suppressSecurityChecks)
   at System.Reflection.RuntimeAssembly.InternalLoadAssemblyName(AssemblyName assemblyRef, Evidence assemblySecurity, RuntimeAssembly reqAssembly, StackCrawlMark& stackMark, IntPtr pPrivHostBinder, Boolean throwOnFileNotFound, Boolean forIntrospection, Boolean suppressSecurityChecks)
   at System.Reflection.Assembly.Load(AssemblyName assemblyRef, Evidence assemblySecurity)
   at System.CodeDom.Compiler.CompilerResults.get_CompiledAssembly()
   at DataCore.Classes.EquationEvaluator.Eval(Data filter, Database storageMethod, WeightingFilterCollection weights) in C:\Projects\Blueocean\Link\LinkManager\Cores\DataCore\DataCore\Classes\EquationEvaluator.cs:line 63
   at DataCore.Classes.Equation.Calculate(Data filter, Database storageMethod, WeightingFilterCollection weights) in C:\Projects\Blueocean\Link\LinkManager\Cores\DataCore\DataCore\Classes\Equation.cs:line 226

WRN: Assembly binding logging is turned OFF.
To enable assembly bind failure logging, set the registry value [HKLM\Software\Microsoft\Fusion!EnableLog] (DWORD) to 1.
Note: There is some performance penalty associated with assembly bind failure logging.
To turn this feature off, remove the registry value [HKLM\Software\Microsoft\Fusion!EnableLog].
]]></Error>
    <Equation><![CDATA[IncludeR.R("var_group1 <- c(29.89, 29.93, 29.72, 29.98, 30.02, 29.98)"); IncludeR.R("var_group2 <- c(29.89, 29.93, 29.72, 29.98, 30.02, 29.98)"); return IncludeR.R<double[]>("t.test(var_group1, var_group2)")[0];]]></Equation>
  </Log>
  <Log Timestamp="18/01/2016 16:58:06">
    <Error><![CDATA[System.IO.FileNotFoundException: Could not load file or assembly 'file:///C:\WINDOWS\TEMP\0ylpfxz0.dll' or one of its dependencies. The system cannot find the file specified.
File name: 'file:///C:\WINDOWS\TEMP\0ylpfxz0.dll'
   at System.Reflection.RuntimeAssembly._nLoad(AssemblyName fileName, String codeBase, Evidence assemblySecurity, RuntimeAssembly locationHint, StackCrawlMark& stackMark, IntPtr pPrivHostBinder, Boolean throwOnFileNotFound, Boolean forIntrospection, Boolean suppressSecurityChecks)
   at System.Reflection.RuntimeAssembly.InternalLoadAssemblyName(AssemblyName assemblyRef, Evidence assemblySecurity, RuntimeAssembly reqAssembly, StackCrawlMark& stackMark, IntPtr pPrivHostBinder, Boolean throwOnFileNotFound, Boolean forIntrospection, Boolean suppressSecurityChecks)
   at System.Reflection.Assembly.Load(AssemblyName assemblyRef, Evidence assemblySecurity)
   at System.CodeDom.Compiler.CompilerResults.get_CompiledAssembly()
   at DataCore.Classes.EquationEvaluator.Eval(Data filter, Database storageMethod, WeightingFilterCollection weights) in C:\Projects\Blueocean\Link\LinkManager\Cores\DataCore\DataCore\Classes\EquationEvaluator.cs:line 63
   at DataCore.Classes.Equation.Calculate(Data filter, Database storageMethod, WeightingFilterCollection weights) in C:\Projects\Blueocean\Link\LinkManager\Cores\DataCore\DataCore\Classes\Equation.cs:line 226

WRN: Assembly binding logging is turned OFF.
To enable assembly bind failure logging, set the registry value [HKLM\Software\Microsoft\Fusion!EnableLog] (DWORD) to 1.
Note: There is some performance penalty associated with assembly bind failure logging.
To turn this feature off, remove the registry value [HKLM\Software\Microsoft\Fusion!EnableLog].
]]></Error>
    <Equation><![CDATA[IncludeR.R("var_group1 <- c(29.89, 29.93, 29.72, 29.98, 30.02, 29.98)"); IncludeR.R("var_group2 <- c(29.89, 29.93, 29.72, 29.98, 30.02, 29.98)"); return IncludeR.R<double[]>("t.test(var_group1, var_group2)")[0];]]></Equation>
  </Log>
  <Log Timestamp="18/01/2016 16:58:55">
    <Error><![CDATA[System.Reflection.TargetInvocationException: Exception has been thrown by the target of an invocation. ---> System.IO.FileNotFoundException: Could not load file or assembly 'RInclude, Version=1.0.0.0, Culture=neutral, PublicKeyToken=null' or one of its dependencies. The system cannot find the file specified.
   at UserScript.RunScript.Eval()
   --- End of inner exception stack trace ---
   at System.RuntimeMethodHandle.InvokeMethod(Object target, Object[] arguments, Signature sig, Boolean constructor)
   at System.Reflection.RuntimeMethodInfo.UnsafeInvokeInternal(Object obj, Object[] parameters, Object[] arguments)
   at System.Reflection.RuntimeMethodInfo.Invoke(Object obj, BindingFlags invokeAttr, Binder binder, Object[] parameters, CultureInfo culture)
   at System.RuntimeType.InvokeMember(String name, BindingFlags bindingFlags, Binder binder, Object target, Object[] providedArgs, ParameterModifier[] modifiers, CultureInfo culture, String[] namedParams)
   at System.Type.InvokeMember(String name, BindingFlags invokeAttr, Binder binder, Object target, Object[] args)
   at DataCore.Classes.EquationEvaluator.Eval(Data filter, Database storageMethod, WeightingFilterCollection weights) in C:\Projects\Blueocean\Link\LinkManager\Cores\DataCore\DataCore\Classes\EquationEvaluator.cs:line 66
   at DataCore.Classes.Equation.Calculate(Data filter, Database storageMethod, WeightingFilterCollection weights) in C:\Projects\Blueocean\Link\LinkManager\Cores\DataCore\DataCore\Classes\Equation.cs:line 226]]></Error>
    <Equation><![CDATA[IncludeR.R("var_group1 <- c(29.89, 29.93, 29.72, 29.98, 30.02, 29.98)"); IncludeR.R("var_group2 <- c(29.89, 29.93, 29.72, 29.98, 30.02, 29.98)"); return IncludeR.R<double[]>("t.test(var_group1, var_group2)")[0];]]></Equation>
  </Log>
  <Log Timestamp="18/01/2016 16:59:54">
    <Error><![CDATA[System.Reflection.TargetInvocationException: Exception has been thrown by the target of an invocation. ---> System.IO.FileNotFoundException: Could not load file or assembly 'RInclude, Version=1.0.0.0, Culture=neutral, PublicKeyToken=null' or one of its dependencies. The system cannot find the file specified.
   at UserScript.RunScript.Eval()
   --- End of inner exception stack trace ---
   at System.RuntimeMethodHandle.InvokeMethod(Object target, Object[] arguments, Signature sig, Boolean constructor)
   at System.Reflection.RuntimeMethodInfo.UnsafeInvokeInternal(Object obj, Object[] parameters, Object[] arguments)
   at System.Reflection.RuntimeMethodInfo.Invoke(Object obj, BindingFlags invokeAttr, Binder binder, Object[] parameters, CultureInfo culture)
   at System.RuntimeType.InvokeMember(String name, BindingFlags bindingFlags, Binder binder, Object target, Object[] providedArgs, ParameterModifier[] modifiers, CultureInfo culture, String[] namedParams)
   at System.Type.InvokeMember(String name, BindingFlags invokeAttr, Binder binder, Object target, Object[] args)
   at DataCore.Classes.EquationEvaluator.Eval(Data filter, Database storageMethod, WeightingFilterCollection weights) in C:\Projects\Blueocean\Link\LinkManager\Cores\DataCore\DataCore\Classes\EquationEvaluator.cs:line 66
   at DataCore.Classes.Equation.Calculate(Data filter, Database storageMethod, WeightingFilterCollection weights) in C:\Projects\Blueocean\Link\LinkManager\Cores\DataCore\DataCore\Classes\Equation.cs:line 226]]></Error>
    <Equation><![CDATA[IncludeR.R("var_group1 <- c(29.89, 29.93, 29.72, 29.98, 30.02, 29.98)"); IncludeR.R("var_group2 <- c(29.89, 29.93, 29.72, 29.98, 30.02, 29.98)"); return IncludeR.R<double[]>("t.test(var_group1, var_group2)")[0];]]></Equation>
  </Log>
  <Log Timestamp="18/01/2016 17:06:32">
    <Error><![CDATA[System.Reflection.TargetInvocationException: Exception has been thrown by the target of an invocation. ---> System.InvalidOperationException: This engine is not running. You may have forgotten to call Initialize
   at RDotNet.REngine.CheckEngineIsRunning()
   at RDotNet.REngine.Evaluate(String statement)
   at RInclude.IncludeR.R(String script)
   at UserScript.RunScript.Eval()
   --- End of inner exception stack trace ---
   at System.RuntimeMethodHandle.InvokeMethod(Object target, Object[] arguments, Signature sig, Boolean constructor)
   at System.Reflection.RuntimeMethodInfo.UnsafeInvokeInternal(Object obj, Object[] parameters, Object[] arguments)
   at System.Reflection.RuntimeMethodInfo.Invoke(Object obj, BindingFlags invokeAttr, Binder binder, Object[] parameters, CultureInfo culture)
   at System.RuntimeType.InvokeMember(String name, BindingFlags bindingFlags, Binder binder, Object target, Object[] providedArgs, ParameterModifier[] modifiers, CultureInfo culture, String[] namedParams)
   at System.Type.InvokeMember(String name, BindingFlags invokeAttr, Binder binder, Object target, Object[] args)
   at DataCore.Classes.EquationEvaluator.Eval(Data filter, Database storageMethod, WeightingFilterCollection weights) in C:\Projects\Blueocean\Link\LinkManager\Cores\DataCore\DataCore\Classes\EquationEvaluator.cs:line 66
   at DataCore.Classes.Equation.Calculate(Data filter, Database storageMethod, WeightingFilterCollection weights) in C:\Projects\Blueocean\Link\LinkManager\Cores\DataCore\DataCore\Classes\Equation.cs:line 226]]></Error>
    <Equation><![CDATA[IncludeR.R("var_group1 <- c(29.89, 29.93, 29.72, 29.98, 30.02, 29.98)"); IncludeR.R("var_group2 <- c(29.89, 29.93, 29.72, 29.98, 30.02, 29.98)"); return IncludeR.R<double[]>("t.test(var_group1, var_group2)")[0];]]></Equation>
  </Log>
  <Log Timestamp="18/01/2016 17:06:32">
    <Error><![CDATA[System.Reflection.TargetInvocationException: Exception has been thrown by the target of an invocation. ---> System.InvalidOperationException: This engine is not running. You may have forgotten to call Initialize
   at RDotNet.REngine.CheckEngineIsRunning()
   at RDotNet.REngine.Evaluate(String statement)
   at RInclude.IncludeR.R(String script)
   at UserScript.RunScript.Eval()
   --- End of inner exception stack trace ---
   at System.RuntimeMethodHandle.InvokeMethod(Object target, Object[] arguments, Signature sig, Boolean constructor)
   at System.Reflection.RuntimeMethodInfo.UnsafeInvokeInternal(Object obj, Object[] parameters, Object[] arguments)
   at System.Reflection.RuntimeMethodInfo.Invoke(Object obj, BindingFlags invokeAttr, Binder binder, Object[] parameters, CultureInfo culture)
   at System.RuntimeType.InvokeMember(String name, BindingFlags bindingFlags, Binder binder, Object target, Object[] providedArgs, ParameterModifier[] modifiers, CultureInfo culture, String[] namedParams)
   at System.Type.InvokeMember(String name, BindingFlags invokeAttr, Binder binder, Object target, Object[] args)
   at DataCore.Classes.EquationEvaluator.Eval(Data filter, Database storageMethod, WeightingFilterCollection weights) in C:\Projects\Blueocean\Link\LinkManager\Cores\DataCore\DataCore\Classes\EquationEvaluator.cs:line 66
   at DataCore.Classes.Equation.Calculate(Data filter, Database storageMethod, WeightingFilterCollection weights) in C:\Projects\Blueocean\Link\LinkManager\Cores\DataCore\DataCore\Classes\Equation.cs:line 226]]></Error>
    <Equation><![CDATA[IncludeR.R("var_group1 <- c(29.89, 29.93, 29.72, 29.98, 30.02, 29.98)"); IncludeR.R("var_group2 <- c(29.89, 29.93, 29.72, 29.98, 30.02, 29.98)"); return IncludeR.R<double[]>("t.test(var_group1, var_group2)")[0];]]></Equation>
  </Log>
  <Log Timestamp="18/01/2016 17:16:13"><![CDATA[[InsecureEquationDetected]: IncludeR.R("var_group1 <- c("+ [AgeofRespondent.14to17yearsold!Gender.Male!] +", "+ [AgeofRespondent.14to15yearsold!Gender.Male!] +")"); IncludeR.R("var_group2 <- c("+ [AgeofRespondent.14to17yearsold!Gender.Female!] +", "+ [AgeofRespondent.14to15yearsold!Gender.Female!] +")"); return IncludeR.R<double[]&amp;gt;("t.test(var_group1, var_group2)")[0];]]></Log>
  <Log Timestamp="18/01/2016 17:16:13"><![CDATA[[InsecureEquationDetected]: IncludeR.R("var_group1 <- c("+ [AgeofRespondent.14to17yearsold!Gender.Male!] +", "+ [AgeofRespondent.14to15yearsold!Gender.Male!] +")"); IncludeR.R("var_group2 <- c("+ [AgeofRespondent.14to17yearsold!Gender.Female!] +", "+ [AgeofRespondent.14to15yearsold!Gender.Female!] +")"); return IncludeR.R<double[]&amp;gt;("t.test(var_group1, var_group2)")[0];]]></Log>
  <Log Timestamp="18/01/2016 17:16:13"><![CDATA[[InsecureEquationDetected]: IncludeR.R("var_group1 <- c("+ [AgeofRespondent.14to17yearsold!Gender.Male!] +", "+ [AgeofRespondent.14to15yearsold!Gender.Male!] +")"); IncludeR.R("var_group2 <- c("+ [AgeofRespondent.14to17yearsold!Gender.Female!] +", "+ [AgeofRespondent.14to15yearsold!Gender.Female!] +")"); return IncludeR.R<double[]&amp;gt;("t.test(var_group1, var_group2)")[0];]]></Log>
  <Log Timestamp="18/01/2016 17:16:13"><![CDATA[[InsecureEquationDetected]: IncludeR.R("var_group1 <- c("+ [AgeofRespondent.14to17yearsold!Gender.Male!] +", "+ [AgeofRespondent.14to15yearsold!Gender.Male!] +")"); IncludeR.R("var_group2 <- c("+ [AgeofRespondent.14to17yearsold!Gender.Female!] +", "+ [AgeofRespondent.14to15yearsold!Gender.Female!] +")"); return IncludeR.R<double[]&amp;gt;("t.test(var_group1, var_group2)")[0];]]></Log>
  <Log Timestamp="18/01/2016 17:16:13"><![CDATA[[InsecureEquationDetected]: IncludeR.R("var_group1 <- c("+ [AgeofRespondent.14to17yearsold!Gender.Male!] +", "+ [AgeofRespondent.14to15yearsold!Gender.Male!] +")"); IncludeR.R("var_group2 <- c("+ [AgeofRespondent.14to17yearsold!Gender.Female!] +", "+ [AgeofRespondent.14to15yearsold!Gender.Female!] +")"); return IncludeR.R<double[]&amp;gt;("t.test(var_group1, var_group2)")[0];]]></Log>
  <Log Timestamp="18/01/2016 17:16:13"><![CDATA[[InsecureEquationDetected]: IncludeR.R("var_group1 <- c("+ [AgeofRespondent.14to17yearsold!Gender.Male!] +", "+ [AgeofRespondent.14to15yearsold!Gender.Male!] +")"); IncludeR.R("var_group2 <- c("+ [AgeofRespondent.14to17yearsold!Gender.Female!] +", "+ [AgeofRespondent.14to15yearsold!Gender.Female!] +")"); return IncludeR.R<double[]&amp;gt;("t.test(var_group1, var_group2)")[0];]]></Log>
  <Log Timestamp="18/01/2016 17:16:13"><![CDATA[[InsecureEquationDetected]: IncludeR.R("var_group1 <- c("+ [AgeofRespondent.14to17yearsold!Gender.Male!] +", "+ [AgeofRespondent.14to15yearsold!Gender.Male!] +")"); IncludeR.R("var_group2 <- c("+ [AgeofRespondent.14to17yearsold!Gender.Female!] +", "+ [AgeofRespondent.14to15yearsold!Gender.Female!] +")"); return IncludeR.R<double[]&amp;gt;("t.test(var_group1, var_group2)")[0];]]></Log>
  <Log Timestamp="18/01/2016 17:16:13"><![CDATA[[InsecureEquationDetected]: IncludeR.R("var_group1 <- c("+ [AgeofRespondent.14to17yearsold!Gender.Male!] +", "+ [AgeofRespondent.14to15yearsold!Gender.Male!] +")"); IncludeR.R("var_group2 <- c("+ [AgeofRespondent.14to17yearsold!Gender.Female!] +", "+ [AgeofRespondent.14to15yearsold!Gender.Female!] +")"); return IncludeR.R<double[]&amp;gt;("t.test(var_group1, var_group2)")[0];]]></Log>
  <Log Timestamp="18/01/2016 17:16:13"><![CDATA[[InsecureEquationDetected]: IncludeR.R("var_group1 <- c("+ [AgeofRespondent.14to17yearsold!Gender.Male!] +", "+ [AgeofRespondent.14to15yearsold!Gender.Male!] +")"); IncludeR.R("var_group2 <- c("+ [AgeofRespondent.14to17yearsold!Gender.Female!] +", "+ [AgeofRespondent.14to15yearsold!Gender.Female!] +")"); return IncludeR.R<double[]&amp;gt;("t.test(var_group1, var_group2)")[0];]]></Log>
  <Log Timestamp="18/01/2016 17:16:13"><![CDATA[[InsecureEquationDetected]: IncludeR.R("var_group1 <- c("+ [AgeofRespondent.14to17yearsold!Gender.Male!] +", "+ [AgeofRespondent.14to15yearsold!Gender.Male!] +")"); IncludeR.R("var_group2 <- c("+ [AgeofRespondent.14to17yearsold!Gender.Female!] +", "+ [AgeofRespondent.14to15yearsold!Gender.Female!] +")"); return IncludeR.R<double[]&amp;gt;("t.test(var_group1, var_group2)")[0];]]></Log>
  <Log Timestamp="18/01/2016 17:16:13"><![CDATA[[InsecureEquationDetected]: IncludeR.R("var_group1 <- c("+ [AgeofRespondent.14to17yearsold!Gender.Male!] +", "+ [AgeofRespondent.14to15yearsold!Gender.Male!] +")"); IncludeR.R("var_group2 <- c("+ [AgeofRespondent.14to17yearsold!Gender.Female!] +", "+ [AgeofRespondent.14to15yearsold!Gender.Female!] +")"); return IncludeR.R<double[]&amp;gt;("t.test(var_group1, var_group2)")[0];]]></Log>
  <Log Timestamp="18/01/2016 17:16:13"><![CDATA[[InsecureEquationDetected]: IncludeR.R("var_group1 <- c("+ [AgeofRespondent.14to17yearsold!Gender.Male!] +", "+ [AgeofRespondent.14to15yearsold!Gender.Male!] +")"); IncludeR.R("var_group2 <- c("+ [AgeofRespondent.14to17yearsold!Gender.Female!] +", "+ [AgeofRespondent.14to15yearsold!Gender.Female!] +")"); return IncludeR.R<double[]&amp;gt;("t.test(var_group1, var_group2)")[0];]]></Log>
  <Log Timestamp="18/01/2016 17:16:13"><![CDATA[[InsecureEquationDetected]: IncludeR.R("var_group1 <- c("+ [AgeofRespondent.14to17yearsold!Gender.Male!] +", "+ [AgeofRespondent.14to15yearsold!Gender.Male!] +")"); IncludeR.R("var_group2 <- c("+ [AgeofRespondent.14to17yearsold!Gender.Female!] +", "+ [AgeofRespondent.14to15yearsold!Gender.Female!] +")"); return IncludeR.R<double[]&amp;gt;("t.test(var_group1, var_group2)")[0];]]></Log>
  <Log Timestamp="18/01/2016 17:16:13"><![CDATA[[InsecureEquationDetected]: IncludeR.R("var_group1 <- c("+ [AgeofRespondent.14to17yearsold!Gender.Male!] +", "+ [AgeofRespondent.14to15yearsold!Gender.Male!] +")"); IncludeR.R("var_group2 <- c("+ [AgeofRespondent.14to17yearsold!Gender.Female!] +", "+ [AgeofRespondent.14to15yearsold!Gender.Female!] +")"); return IncludeR.R<double[]&amp;gt;("t.test(var_group1, var_group2)")[0];]]></Log>
  <Log Timestamp="18/01/2016 17:16:13"><![CDATA[[InsecureEquationDetected]: IncludeR.R("var_group1 <- c("+ [AgeofRespondent.14to17yearsold!Gender.Male!] +", "+ [AgeofRespondent.14to15yearsold!Gender.Male!] +")"); IncludeR.R("var_group2 <- c("+ [AgeofRespondent.14to17yearsold!Gender.Female!] +", "+ [AgeofRespondent.14to15yearsold!Gender.Female!] +")"); return IncludeR.R<double[]&amp;gt;("t.test(var_group1, var_group2)")[0];]]></Log>
  <Log Timestamp="18/01/2016 17:16:13"><![CDATA[[InsecureEquationDetected]: IncludeR.R("var_group1 <- c("+ [AgeofRespondent.14to17yearsold!Gender.Male!] +", "+ [AgeofRespondent.14to15yearsold!Gender.Male!] +")"); IncludeR.R("var_group2 <- c("+ [AgeofRespondent.14to17yearsold!Gender.Female!] +", "+ [AgeofRespondent.14to15yearsold!Gender.Female!] +")"); return IncludeR.R<double[]&amp;gt;("t.test(var_group1, var_group2)")[0];]]></Log>
  <Log Timestamp="18/01/2016 17:16:13"><![CDATA[[InsecureEquationDetected]: IncludeR.R("var_group1 <- c("+ [AgeofRespondent.14to17yearsold!Gender.Male!] +", "+ [AgeofRespondent.14to15yearsold!Gender.Male!] +")"); IncludeR.R("var_group2 <- c("+ [AgeofRespondent.14to17yearsold!Gender.Female!] +", "+ [AgeofRespondent.14to15yearsold!Gender.Female!] +")"); return IncludeR.R<double[]&amp;gt;("t.test(var_group1, var_group2)")[0];]]></Log>
  <Log Timestamp="18/01/2016 17:16:13"><![CDATA[[InsecureEquationDetected]: IncludeR.R("var_group1 <- c("+ [AgeofRespondent.14to17yearsold!Gender.Male!] +", "+ [AgeofRespondent.14to15yearsold!Gender.Male!] +")"); IncludeR.R("var_group2 <- c("+ [AgeofRespondent.14to17yearsold!Gender.Female!] +", "+ [AgeofRespondent.14to15yearsold!Gender.Female!] +")"); return IncludeR.R<double[]&amp;gt;("t.test(var_group1, var_group2)")[0];]]></Log>
  <Log Timestamp="18/01/2016 17:16:13"><![CDATA[[InsecureEquationDetected]: IncludeR.R("var_group1 <- c("+ [AgeofRespondent.14to17yearsold!Gender.Male!] +", "+ [AgeofRespondent.14to15yearsold!Gender.Male!] +")"); IncludeR.R("var_group2 <- c("+ [AgeofRespondent.14to17yearsold!Gender.Female!] +", "+ [AgeofRespondent.14to15yearsold!Gender.Female!] +")"); return IncludeR.R<double[]&amp;gt;("t.test(var_group1, var_group2)")[0];]]></Log>
  <Log Timestamp="18/01/2016 17:16:13"><![CDATA[[InsecureEquationDetected]: IncludeR.R("var_group1 <- c("+ [AgeofRespondent.14to17yearsold!Gender.Male!] +", "+ [AgeofRespondent.14to15yearsold!Gender.Male!] +")"); IncludeR.R("var_group2 <- c("+ [AgeofRespondent.14to17yearsold!Gender.Female!] +", "+ [AgeofRespondent.14to15yearsold!Gender.Female!] +")"); return IncludeR.R<double[]&amp;gt;("t.test(var_group1, var_group2)")[0];]]></Log>
  <Log Timestamp="18/01/2016 17:16:13"><![CDATA[[InsecureEquationDetected]: IncludeR.R("var_group1 <- c("+ [AgeofRespondent.14to17yearsold!Gender.Male!] +", "+ [AgeofRespondent.14to15yearsold!Gender.Male!] +")"); IncludeR.R("var_group2 <- c("+ [AgeofRespondent.14to17yearsold!Gender.Female!] +", "+ [AgeofRespondent.14to15yearsold!Gender.Female!] +")"); return IncludeR.R<double[]&amp;gt;("t.test(var_group1, var_group2)")[0];]]></Log>
  <Log Timestamp="18/01/2016 17:16:13"><![CDATA[[InsecureEquationDetected]: IncludeR.R("var_group1 <- c("+ [AgeofRespondent.14to17yearsold!Gender.Male!] +", "+ [AgeofRespondent.14to15yearsold!Gender.Male!] +")"); IncludeR.R("var_group2 <- c("+ [AgeofRespondent.14to17yearsold!Gender.Female!] +", "+ [AgeofRespondent.14to15yearsold!Gender.Female!] +")"); return IncludeR.R<double[]&amp;gt;("t.test(var_group1, var_group2)")[0];]]></Log>
  <Log Timestamp="18/01/2016 17:16:13"><![CDATA[[InsecureEquationDetected]: IncludeR.R("var_group1 <- c("+ [AgeofRespondent.14to17yearsold!Gender.Male!] +", "+ [AgeofRespondent.14to15yearsold!Gender.Male!] +")"); IncludeR.R("var_group2 <- c("+ [AgeofRespondent.14to17yearsold!Gender.Female!] +", "+ [AgeofRespondent.14to15yearsold!Gender.Female!] +")"); return IncludeR.R<double[]&amp;gt;("t.test(var_group1, var_group2)")[0];]]></Log>
  <Log Timestamp="18/01/2016 17:16:13"><![CDATA[[InsecureEquationDetected]: IncludeR.R("var_group1 <- c("+ [AgeofRespondent.14to17yearsold!Gender.Male!] +", "+ [AgeofRespondent.14to15yearsold!Gender.Male!] +")"); IncludeR.R("var_group2 <- c("+ [AgeofRespondent.14to17yearsold!Gender.Female!] +", "+ [AgeofRespondent.14to15yearsold!Gender.Female!] +")"); return IncludeR.R<double[]&amp;gt;("t.test(var_group1, var_group2)")[0];]]></Log>
  <Log Timestamp="18/01/2016 17:16:13"><![CDATA[[InsecureEquationDetected]: IncludeR.R("var_group1 <- c("+ [AgeofRespondent.14to17yearsold!Gender.Male!] +", "+ [AgeofRespondent.14to15yearsold!Gender.Male!] +")"); IncludeR.R("var_group2 <- c("+ [AgeofRespondent.14to17yearsold!Gender.Female!] +", "+ [AgeofRespondent.14to15yearsold!Gender.Female!] +")"); return IncludeR.R<double[]&amp;gt;("t.test(var_group1, var_group2)")[0];]]></Log>
  <Log Timestamp="18/01/2016 17:16:13"><![CDATA[[InsecureEquationDetected]: IncludeR.R("var_group1 <- c("+ [AgeofRespondent.14to17yearsold!Gender.Male!] +", "+ [AgeofRespondent.14to15yearsold!Gender.Male!] +")"); IncludeR.R("var_group2 <- c("+ [AgeofRespondent.14to17yearsold!Gender.Female!] +", "+ [AgeofRespondent.14to15yearsold!Gender.Female!] +")"); return IncludeR.R<double[]&amp;gt;("t.test(var_group1, var_group2)")[0];]]></Log>
  <Log Timestamp="18/01/2016 17:16:13"><![CDATA[[InsecureEquationDetected]: IncludeR.R("var_group1 <- c("+ [AgeofRespondent.14to17yearsold!Gender.Male!] +", "+ [AgeofRespondent.14to15yearsold!Gender.Male!] +")"); IncludeR.R("var_group2 <- c("+ [AgeofRespondent.14to17yearsold!Gender.Female!] +", "+ [AgeofRespondent.14to15yearsold!Gender.Female!] +")"); return IncludeR.R<double[]&amp;gt;("t.test(var_group1, var_group2)")[0];]]></Log>
  <Log Timestamp="18/01/2016 17:16:13"><![CDATA[[InsecureEquationDetected]: IncludeR.R("var_group1 <- c("+ [AgeofRespondent.14to17yearsold!Gender.Male!] +", "+ [AgeofRespondent.14to15yearsold!Gender.Male!] +")"); IncludeR.R("var_group2 <- c("+ [AgeofRespondent.14to17yearsold!Gender.Female!] +", "+ [AgeofRespondent.14to15yearsold!Gender.Female!] +")"); return IncludeR.R<double[]&amp;gt;("t.test(var_group1, var_group2)")[0];]]></Log>
  <Log Timestamp="18/01/2016 17:16:13"><![CDATA[[InsecureEquationDetected]: IncludeR.R("var_group1 <- c("+ [AgeofRespondent.14to17yearsold!Gender.Male!] +", "+ [AgeofRespondent.14to15yearsold!Gender.Male!] +")"); IncludeR.R("var_group2 <- c("+ [AgeofRespondent.14to17yearsold!Gender.Female!] +", "+ [AgeofRespondent.14to15yearsold!Gender.Female!] +")"); return IncludeR.R<double[]&amp;gt;("t.test(var_group1, var_group2)")[0];]]></Log>
  <Log Timestamp="18/01/2016 17:16:13"><![CDATA[[InsecureEquationDetected]: IncludeR.R("var_group1 <- c("+ [AgeofRespondent.14to17yearsold!Gender.Male!] +", "+ [AgeofRespondent.14to15yearsold!Gender.Male!] +")"); IncludeR.R("var_group2 <- c("+ [AgeofRespondent.14to17yearsold!Gender.Female!] +", "+ [AgeofRespondent.14to15yearsold!Gender.Female!] +")"); return IncludeR.R<double[]&amp;gt;("t.test(var_group1, var_group2)")[0];]]></Log>
  <Log Timestamp="18/01/2016 17:16:13"><![CDATA[[InsecureEquationDetected]: IncludeR.R("var_group1 <- c("+ [AgeofRespondent.14to17yearsold!Gender.Male!] +", "+ [AgeofRespondent.14to15yearsold!Gender.Male!] +")"); IncludeR.R("var_group2 <- c("+ [AgeofRespondent.14to17yearsold!Gender.Female!] +", "+ [AgeofRespondent.14to15yearsold!Gender.Female!] +")"); return IncludeR.R<double[]&amp;gt;("t.test(var_group1, var_group2)")[0];]]></Log>
  <Log Timestamp="18/01/2016 17:16:13"><![CDATA[[InsecureEquationDetected]: IncludeR.R("var_group1 <- c("+ [AgeofRespondent.14to17yearsold!Gender.Male!] +", "+ [AgeofRespondent.14to15yearsold!Gender.Male!] +")"); IncludeR.R("var_group2 <- c("+ [AgeofRespondent.14to17yearsold!Gender.Female!] +", "+ [AgeofRespondent.14to15yearsold!Gender.Female!] +")"); return IncludeR.R<double[]&amp;gt;("t.test(var_group1, var_group2)")[0];]]></Log>
  <Log Timestamp="18/01/2016 17:16:13"><![CDATA[[InsecureEquationDetected]: IncludeR.R("var_group1 <- c("+ [AgeofRespondent.14to17yearsold!Gender.Male!] +", "+ [AgeofRespondent.14to15yearsold!Gender.Male!] +")"); IncludeR.R("var_group2 <- c("+ [AgeofRespondent.14to17yearsold!Gender.Female!] +", "+ [AgeofRespondent.14to15yearsold!Gender.Female!] +")"); return IncludeR.R<double[]&amp;gt;("t.test(var_group1, var_group2)")[0];]]></Log>
  <Log Timestamp="18/01/2016 17:16:13"><![CDATA[[InsecureEquationDetected]: IncludeR.R("var_group1 <- c("+ [AgeofRespondent.14to17yearsold!Gender.Male!] +", "+ [AgeofRespondent.14to15yearsold!Gender.Male!] +")"); IncludeR.R("var_group2 <- c("+ [AgeofRespondent.14to17yearsold!Gender.Female!] +", "+ [AgeofRespondent.14to15yearsold!Gender.Female!] +")"); return IncludeR.R<double[]&amp;gt;("t.test(var_group1, var_group2)")[0];]]></Log>
  <Log Timestamp="18/01/2016 17:16:13"><![CDATA[[InsecureEquationDetected]: IncludeR.R("var_group1 <- c("+ [AgeofRespondent.14to17yearsold!Gender.Male!] +", "+ [AgeofRespondent.14to15yearsold!Gender.Male!] +")"); IncludeR.R("var_group2 <- c("+ [AgeofRespondent.14to17yearsold!Gender.Female!] +", "+ [AgeofRespondent.14to15yearsold!Gender.Female!] +")"); return IncludeR.R<double[]&amp;gt;("t.test(var_group1, var_group2)")[0];]]></Log>
  <Log Timestamp="18/01/2016 17:16:14"><![CDATA[[InsecureEquationDetected]: IncludeR.R("var_group1 <- c("+ [AgeofRespondent.14to17yearsold!Gender.Male!] +", "+ [AgeofRespondent.14to15yearsold!Gender.Male!] +")"); IncludeR.R("var_group2 <- c("+ [AgeofRespondent.14to17yearsold!Gender.Female!] +", "+ [AgeofRespondent.14to15yearsold!Gender.Female!] +")"); return IncludeR.R<double[]&amp;gt;("t.test(var_group1, var_group2)")[0];]]></Log>
  <Log Timestamp="18/01/2016 17:16:14"><![CDATA[[InsecureEquationDetected]: IncludeR.R("var_group1 <- c("+ [AgeofRespondent.14to17yearsold!Gender.Male!] +", "+ [AgeofRespondent.14to15yearsold!Gender.Male!] +")"); IncludeR.R("var_group2 <- c("+ [AgeofRespondent.14to17yearsold!Gender.Female!] +", "+ [AgeofRespondent.14to15yearsold!Gender.Female!] +")"); return IncludeR.R<double[]&amp;gt;("t.test(var_group1, var_group2)")[0];]]></Log>
  <Log Timestamp="18/01/2016 17:16:14"><![CDATA[[InsecureEquationDetected]: IncludeR.R("var_group1 <- c("+ [AgeofRespondent.14to17yearsold!Gender.Male!] +", "+ [AgeofRespondent.14to15yearsold!Gender.Male!] +")"); IncludeR.R("var_group2 <- c("+ [AgeofRespondent.14to17yearsold!Gender.Female!] +", "+ [AgeofRespondent.14to15yearsold!Gender.Female!] +")"); return IncludeR.R<double[]&amp;gt;("t.test(var_group1, var_group2)")[0];]]></Log>
  <Log Timestamp="18/01/2016 17:16:14"><![CDATA[[InsecureEquationDetected]: IncludeR.R("var_group1 <- c("+ [AgeofRespondent.14to17yearsold!Gender.Male!] +", "+ [AgeofRespondent.14to15yearsold!Gender.Male!] +")"); IncludeR.R("var_group2 <- c("+ [AgeofRespondent.14to17yearsold!Gender.Female!] +", "+ [AgeofRespondent.14to15yearsold!Gender.Female!] +")"); return IncludeR.R<double[]&amp;gt;("t.test(var_group1, var_group2)")[0];]]></Log>
  <Log Timestamp="18/01/2016 17:16:14"><![CDATA[[InsecureEquationDetected]: IncludeR.R("var_group1 <- c("+ [AgeofRespondent.14to17yearsold!Gender.Male!] +", "+ [AgeofRespondent.14to15yearsold!Gender.Male!] +")"); IncludeR.R("var_group2 <- c("+ [AgeofRespondent.14to17yearsold!Gender.Female!] +", "+ [AgeofRespondent.14to15yearsold!Gender.Female!] +")"); return IncludeR.R<double[]&amp;gt;("t.test(var_group1, var_group2)")[0];]]></Log>
  <Log Timestamp="18/01/2016 17:16:14"><![CDATA[[InsecureEquationDetected]: IncludeR.R("var_group1 <- c("+ [AgeofRespondent.14to17yearsold!Gender.Male!] +", "+ [AgeofRespondent.14to15yearsold!Gender.Male!] +")"); IncludeR.R("var_group2 <- c("+ [AgeofRespondent.14to17yearsold!Gender.Female!] +", "+ [AgeofRespondent.14to15yearsold!Gender.Female!] +")"); return IncludeR.R<double[]&amp;gt;("t.test(var_group1, var_group2)")[0];]]></Log>
  <Log Timestamp="18/01/2016 18:41:03"><![CDATA[[InsecureEquationDetected]: R("group1 <- c(29.89, 29.93, 29.72, 29.98, 30.02, 29.98)"); R("group2 <- c(29.89, 29.93, 29.72, 29.98, 30.02, 29.98)");  return R("t.test(group1, group2)")[0];]]></Log>
  <Log Timestamp="18/01/2016 18:41:03"><![CDATA[[InsecureEquationDetected]: R("group1 <- c(29.89, 29.93, 29.72, 29.98, 30.02, 29.98)"); R("group2 <- c(29.89, 29.93, 29.72, 29.98, 30.02, 29.98)");  return R("t.test(group1, group2)")[0];]]></Log>
  <Log Timestamp="18/01/2016 18:41:03"><![CDATA[[InsecureEquationDetected]: R("group1 <- c(29.89, 29.93, 29.72, 29.98, 30.02, 29.98)"); R("group2 <- c(29.89, 29.93, 29.72, 29.98, 30.02, 29.98)");  return R("t.test(group1, group2)")[0];]]></Log>
  <Log Timestamp="18/01/2016 18:41:03"><![CDATA[[InsecureEquationDetected]: R("group1 <- c(29.89, 29.93, 29.72, 29.98, 30.02, 29.98)"); R("group2 <- c(29.89, 29.93, 29.72, 29.98, 30.02, 29.98)");  return R("t.test(group1, group2)")[0];]]></Log>
  <Log Timestamp="18/01/2016 18:41:03"><![CDATA[[InsecureEquationDetected]: R("group1 <- c(29.89, 29.93, 29.72, 29.98, 30.02, 29.98)"); R("group2 <- c(29.89, 29.93, 29.72, 29.98, 30.02, 29.98)");  return R("t.test(group1, group2)")[0];]]></Log>
  <Log Timestamp="18/01/2016 18:41:03"><![CDATA[[InsecureEquationDetected]: R("group1 <- c(29.89, 29.93, 29.72, 29.98, 30.02, 29.98)"); R("group2 <- c(29.89, 29.93, 29.72, 29.98, 30.02, 29.98)");  return R("t.test(group1, group2)")[0];]]></Log>
  <Log Timestamp="18/01/2016 18:41:03"><![CDATA[[InsecureEquationDetected]: R("group1 <- c(29.89, 29.93, 29.72, 29.98, 30.02, 29.98)"); R("group2 <- c(29.89, 29.93, 29.72, 29.98, 30.02, 29.98)");  return R("t.test(group1, group2)")[0];]]></Log>
</Logs>