<Logs>
  <Log Timestamp="05/02/2016 13:13:28">
    <Error><![CDATA[System.Exception: An object of a type convertible to 'object' is required
   at DataCore.Classes.EquationEvaluator.Compile() in C:\Projects\Blueocean\Link\LinkManager\Cores\DataCore\DataCore\Classes\EquationEvaluator.cs:line 86
   at DataCore.Classes.Equation..ctor(Core core, String equation) in C:\Projects\Blueocean\Link\LinkManager\Cores\DataCore\DataCore\Classes\Equation.cs:line 68]]></Error>
    <Equation><![CDATA[return ;]]></Equation>
  </Log>
  <Log Timestamp="05/02/2016 13:13:33"><![CDATA[[InsecureEquationDetected]: return [;]]></Log>
  <Log Timestamp="05/02/2016 13:24:06">
    <Error><![CDATA[System.Exception: An object of a type convertible to 'object' is required
   at DataCore.Classes.EquationEvaluator.Compile() in C:\Projects\Blueocean\Link\LinkManager\Cores\DataCore\DataCore\Classes\EquationEvaluator.cs:line 86
   at DataCore.Classes.Equation..ctor(Core core, String equation) in C:\Projects\Blueocean\Link\LinkManager\Cores\DataCore\DataCore\Classes\Equation.cs:line 68]]></Error>
    <Equation><![CDATA[return ;]]></Equation>
  </Log>
  <Log Timestamp="05/02/2016 13:24:11">
    <Error><![CDATA[System.Exception: An object of a type convertible to 'object' is required
   at DataCore.Classes.EquationEvaluator.Compile() in C:\Projects\Blueocean\Link\LinkManager\Cores\DataCore\DataCore\Classes\EquationEvaluator.cs:line 86
   at DataCore.Classes.Equation..ctor(Core core, String equation) in C:\Projects\Blueocean\Link\LinkManager\Cores\DataCore\DataCore\Classes\Equation.cs:line 68]]></Error>
    <Equation><![CDATA[return ;]]></Equation>
  </Log>
  <Log Timestamp="05/02/2016 13:55:26">
    <Error><![CDATA[System.Exception: An object of a type convertible to 'object' is required
   at DataCore.Classes.EquationEvaluator.Compile() in C:\Projects\Blueocean\Link\LinkManager\Cores\DataCore\DataCore\Classes\EquationEvaluator.cs:line 86
   at DataCore.Classes.Equation..ctor(Core core, String equation) in C:\Projects\Blueocean\Link\LinkManager\Cores\DataCore\DataCore\Classes\Equation.cs:line 68]]></Error>
    <Equation><![CDATA[return ;]]></Equation>
  </Log>
  <Log Timestamp="05/02/2016 13:55:31">
    <Error><![CDATA[System.Exception: An object of a type convertible to 'object' is required
   at DataCore.Classes.EquationEvaluator.Compile() in C:\Projects\Blueocean\Link\LinkManager\Cores\DataCore\DataCore\Classes\EquationEvaluator.cs:line 86
   at DataCore.Classes.Equation..ctor(Core core, String equation) in C:\Projects\Blueocean\Link\LinkManager\Cores\DataCore\DataCore\Classes\Equation.cs:line 68]]></Error>
    <Equation><![CDATA[return ;]]></Equation>
  </Log>
  <Log Timestamp="05/02/2016 13:55:36">
    <Error><![CDATA[System.Exception: An object of a type convertible to 'object' is required
   at DataCore.Classes.EquationEvaluator.Compile() in C:\Projects\Blueocean\Link\LinkManager\Cores\DataCore\DataCore\Classes\EquationEvaluator.cs:line 86
   at DataCore.Classes.Equation..ctor(Core core, String equation) in C:\Projects\Blueocean\Link\LinkManager\Cores\DataCore\DataCore\Classes\Equation.cs:line 68]]></Error>
    <Equation><![CDATA[return ;]]></Equation>
  </Log>
  <Log Timestamp="05/02/2016 13:55:42">
    <Error><![CDATA[System.Exception: An object of a type convertible to 'object' is required
   at DataCore.Classes.EquationEvaluator.Compile() in C:\Projects\Blueocean\Link\LinkManager\Cores\DataCore\DataCore\Classes\EquationEvaluator.cs:line 86
   at DataCore.Classes.Equation..ctor(Core core, String equation) in C:\Projects\Blueocean\Link\LinkManager\Cores\DataCore\DataCore\Classes\Equation.cs:line 68]]></Error>
    <Equation><![CDATA[return ;]]></Equation>
  </Log>
  <Log Timestamp="05/02/2016 13:55:46">
    <Error><![CDATA[System.Exception: An object of a type convertible to 'object' is required
   at DataCore.Classes.EquationEvaluator.Compile() in C:\Projects\Blueocean\Link\LinkManager\Cores\DataCore\DataCore\Classes\EquationEvaluator.cs:line 86
   at DataCore.Classes.Equation..ctor(Core core, String equation) in C:\Projects\Blueocean\Link\LinkManager\Cores\DataCore\DataCore\Classes\Equation.cs:line 68]]></Error>
    <Equation><![CDATA[return ;]]></Equation>
  </Log>
  <Log Timestamp="05/02/2016 13:55:51">
    <Error><![CDATA[System.Exception: An object of a type convertible to 'object' is required
   at DataCore.Classes.EquationEvaluator.Compile() in C:\Projects\Blueocean\Link\LinkManager\Cores\DataCore\DataCore\Classes\EquationEvaluator.cs:line 86
   at DataCore.Classes.Equation..ctor(Core core, String equation) in C:\Projects\Blueocean\Link\LinkManager\Cores\DataCore\DataCore\Classes\Equation.cs:line 68]]></Error>
    <Equation><![CDATA[return ;]]></Equation>
  </Log>
  <Log Timestamp="05/02/2016 13:55:56">
    <Error><![CDATA[System.Exception: An object of a type convertible to 'object' is required
   at DataCore.Classes.EquationEvaluator.Compile() in C:\Projects\Blueocean\Link\LinkManager\Cores\DataCore\DataCore\Classes\EquationEvaluator.cs:line 86
   at DataCore.Classes.Equation..ctor(Core core, String equation) in C:\Projects\Blueocean\Link\LinkManager\Cores\DataCore\DataCore\Classes\Equation.cs:line 68]]></Error>
    <Equation><![CDATA[return ;]]></Equation>
  </Log>
  <Log Timestamp="05/02/2016 13:56:01">
    <Error><![CDATA[System.Exception: An object of a type convertible to 'object' is required
   at DataCore.Classes.EquationEvaluator.Compile() in C:\Projects\Blueocean\Link\LinkManager\Cores\DataCore\DataCore\Classes\EquationEvaluator.cs:line 86
   at DataCore.Classes.Equation..ctor(Core core, String equation) in C:\Projects\Blueocean\Link\LinkManager\Cores\DataCore\DataCore\Classes\Equation.cs:line 68]]></Error>
    <Equation><![CDATA[return ;]]></Equation>
  </Log>
  <Log Timestamp="05/02/2016 13:56:06">
    <Error><![CDATA[System.Exception: An object of a type convertible to 'object' is required
   at DataCore.Classes.EquationEvaluator.Compile() in C:\Projects\Blueocean\Link\LinkManager\Cores\DataCore\DataCore\Classes\EquationEvaluator.cs:line 86
   at DataCore.Classes.Equation..ctor(Core core, String equation) in C:\Projects\Blueocean\Link\LinkManager\Cores\DataCore\DataCore\Classes\Equation.cs:line 68]]></Error>
    <Equation><![CDATA[return ;]]></Equation>
  </Log>
  <Log Timestamp="05/02/2016 13:56:11">
    <Error><![CDATA[System.Exception: An object of a type convertible to 'object' is required
   at DataCore.Classes.EquationEvaluator.Compile() in C:\Projects\Blueocean\Link\LinkManager\Cores\DataCore\DataCore\Classes\EquationEvaluator.cs:line 86
   at DataCore.Classes.Equation..ctor(Core core, String equation) in C:\Projects\Blueocean\Link\LinkManager\Cores\DataCore\DataCore\Classes\Equation.cs:line 68]]></Error>
    <Equation><![CDATA[return ;]]></Equation>
  </Log>
  <Log Timestamp="05/02/2016 13:56:16">
    <Error><![CDATA[System.Exception: An object of a type convertible to 'object' is required
   at DataCore.Classes.EquationEvaluator.Compile() in C:\Projects\Blueocean\Link\LinkManager\Cores\DataCore\DataCore\Classes\EquationEvaluator.cs:line 86
   at DataCore.Classes.Equation..ctor(Core core, String equation) in C:\Projects\Blueocean\Link\LinkManager\Cores\DataCore\DataCore\Classes\Equation.cs:line 68]]></Error>
    <Equation><![CDATA[return ;]]></Equation>
  </Log>
  <Log Timestamp="05/02/2016 13:56:21">
    <Error><![CDATA[System.Exception: An object of a type convertible to 'object' is required
   at DataCore.Classes.EquationEvaluator.Compile() in C:\Projects\Blueocean\Link\LinkManager\Cores\DataCore\DataCore\Classes\EquationEvaluator.cs:line 86
   at DataCore.Classes.Equation..ctor(Core core, String equation) in C:\Projects\Blueocean\Link\LinkManager\Cores\DataCore\DataCore\Classes\Equation.cs:line 68]]></Error>
    <Equation><![CDATA[return ;]]></Equation>
  </Log>
  <Log Timestamp="05/02/2016 13:56:26">
    <Error><![CDATA[System.Exception: An object of a type convertible to 'object' is required
   at DataCore.Classes.EquationEvaluator.Compile() in C:\Projects\Blueocean\Link\LinkManager\Cores\DataCore\DataCore\Classes\EquationEvaluator.cs:line 86
   at DataCore.Classes.Equation..ctor(Core core, String equation) in C:\Projects\Blueocean\Link\LinkManager\Cores\DataCore\DataCore\Classes\Equation.cs:line 68]]></Error>
    <Equation><![CDATA[return ;]]></Equation>
  </Log>
  <Log Timestamp="05/02/2016 13:56:31">
    <Error><![CDATA[System.Exception: An object of a type convertible to 'object' is required
   at DataCore.Classes.EquationEvaluator.Compile() in C:\Projects\Blueocean\Link\LinkManager\Cores\DataCore\DataCore\Classes\EquationEvaluator.cs:line 86
   at DataCore.Classes.Equation..ctor(Core core, String equation) in C:\Projects\Blueocean\Link\LinkManager\Cores\DataCore\DataCore\Classes\Equation.cs:line 68]]></Error>
    <Equation><![CDATA[return ;]]></Equation>
  </Log>
  <Log Timestamp="05/02/2016 13:56:36">
    <Error><![CDATA[System.Exception: An object of a type convertible to 'object' is required
   at DataCore.Classes.EquationEvaluator.Compile() in C:\Projects\Blueocean\Link\LinkManager\Cores\DataCore\DataCore\Classes\EquationEvaluator.cs:line 86
   at DataCore.Classes.Equation..ctor(Core core, String equation) in C:\Projects\Blueocean\Link\LinkManager\Cores\DataCore\DataCore\Classes\Equation.cs:line 68]]></Error>
    <Equation><![CDATA[return ;]]></Equation>
  </Log>
  <Log Timestamp="05/02/2016 13:56:41">
    <Error><![CDATA[System.Exception: An object of a type convertible to 'object' is required
   at DataCore.Classes.EquationEvaluator.Compile() in C:\Projects\Blueocean\Link\LinkManager\Cores\DataCore\DataCore\Classes\EquationEvaluator.cs:line 86
   at DataCore.Classes.Equation..ctor(Core core, String equation) in C:\Projects\Blueocean\Link\LinkManager\Cores\DataCore\DataCore\Classes\Equation.cs:line 68]]></Error>
    <Equation><![CDATA[return ;]]></Equation>
  </Log>
  <Log Timestamp="05/02/2016 13:56:46">
    <Error><![CDATA[System.Exception: An object of a type convertible to 'object' is required
   at DataCore.Classes.EquationEvaluator.Compile() in C:\Projects\Blueocean\Link\LinkManager\Cores\DataCore\DataCore\Classes\EquationEvaluator.cs:line 86
   at DataCore.Classes.Equation..ctor(Core core, String equation) in C:\Projects\Blueocean\Link\LinkManager\Cores\DataCore\DataCore\Classes\Equation.cs:line 68]]></Error>
    <Equation><![CDATA[return ;]]></Equation>
  </Log>
  <Log Timestamp="05/02/2016 13:56:51">
    <Error><![CDATA[System.Exception: An object of a type convertible to 'object' is required
   at DataCore.Classes.EquationEvaluator.Compile() in C:\Projects\Blueocean\Link\LinkManager\Cores\DataCore\DataCore\Classes\EquationEvaluator.cs:line 86
   at DataCore.Classes.Equation..ctor(Core core, String equation) in C:\Projects\Blueocean\Link\LinkManager\Cores\DataCore\DataCore\Classes\Equation.cs:line 68]]></Error>
    <Equation><![CDATA[return ;]]></Equation>
  </Log>
  <Log Timestamp="05/02/2016 13:56:56">
    <Error><![CDATA[System.Exception: An object of a type convertible to 'object' is required
   at DataCore.Classes.EquationEvaluator.Compile() in C:\Projects\Blueocean\Link\LinkManager\Cores\DataCore\DataCore\Classes\EquationEvaluator.cs:line 86
   at DataCore.Classes.Equation..ctor(Core core, String equation) in C:\Projects\Blueocean\Link\LinkManager\Cores\DataCore\DataCore\Classes\Equation.cs:line 68]]></Error>
    <Equation><![CDATA[return ;]]></Equation>
  </Log>
  <Log Timestamp="05/02/2016 13:57:01">
    <Error><![CDATA[System.Exception: An object of a type convertible to 'object' is required
   at DataCore.Classes.EquationEvaluator.Compile() in C:\Projects\Blueocean\Link\LinkManager\Cores\DataCore\DataCore\Classes\EquationEvaluator.cs:line 86
   at DataCore.Classes.Equation..ctor(Core core, String equation) in C:\Projects\Blueocean\Link\LinkManager\Cores\DataCore\DataCore\Classes\Equation.cs:line 68]]></Error>
    <Equation><![CDATA[return ;]]></Equation>
  </Log>
  <Log Timestamp="05/02/2016 13:57:06">
    <Error><![CDATA[System.Exception: An object of a type convertible to 'object' is required
   at DataCore.Classes.EquationEvaluator.Compile() in C:\Projects\Blueocean\Link\LinkManager\Cores\DataCore\DataCore\Classes\EquationEvaluator.cs:line 86
   at DataCore.Classes.Equation..ctor(Core core, String equation) in C:\Projects\Blueocean\Link\LinkManager\Cores\DataCore\DataCore\Classes\Equation.cs:line 68]]></Error>
    <Equation><![CDATA[return ;]]></Equation>
  </Log>
  <Log Timestamp="05/02/2016 13:57:12">
    <Error><![CDATA[System.Exception: An object of a type convertible to 'object' is required
   at DataCore.Classes.EquationEvaluator.Compile() in C:\Projects\Blueocean\Link\LinkManager\Cores\DataCore\DataCore\Classes\EquationEvaluator.cs:line 86
   at DataCore.Classes.Equation..ctor(Core core, String equation) in C:\Projects\Blueocean\Link\LinkManager\Cores\DataCore\DataCore\Classes\Equation.cs:line 68]]></Error>
    <Equation><![CDATA[return ;]]></Equation>
  </Log>
  <Log Timestamp="05/02/2016 13:57:17">
    <Error><![CDATA[System.Exception: An object of a type convertible to 'object' is required
   at DataCore.Classes.EquationEvaluator.Compile() in C:\Projects\Blueocean\Link\LinkManager\Cores\DataCore\DataCore\Classes\EquationEvaluator.cs:line 86
   at DataCore.Classes.Equation..ctor(Core core, String equation) in C:\Projects\Blueocean\Link\LinkManager\Cores\DataCore\DataCore\Classes\Equation.cs:line 68]]></Error>
    <Equation><![CDATA[return ;]]></Equation>
  </Log>
  <Log Timestamp="05/02/2016 13:57:22">
    <Error><![CDATA[System.Exception: An object of a type convertible to 'object' is required
   at DataCore.Classes.EquationEvaluator.Compile() in C:\Projects\Blueocean\Link\LinkManager\Cores\DataCore\DataCore\Classes\EquationEvaluator.cs:line 86
   at DataCore.Classes.Equation..ctor(Core core, String equation) in C:\Projects\Blueocean\Link\LinkManager\Cores\DataCore\DataCore\Classes\Equation.cs:line 68]]></Error>
    <Equation><![CDATA[return ;]]></Equation>
  </Log>
  <Log Timestamp="05/02/2016 13:57:27">
    <Error><![CDATA[System.Exception: An object of a type convertible to 'object' is required
   at DataCore.Classes.EquationEvaluator.Compile() in C:\Projects\Blueocean\Link\LinkManager\Cores\DataCore\DataCore\Classes\EquationEvaluator.cs:line 86
   at DataCore.Classes.Equation..ctor(Core core, String equation) in C:\Projects\Blueocean\Link\LinkManager\Cores\DataCore\DataCore\Classes\Equation.cs:line 68]]></Error>
    <Equation><![CDATA[return ;]]></Equation>
  </Log>
  <Log Timestamp="05/02/2016 13:57:32">
    <Error><![CDATA[System.Exception: An object of a type convertible to 'object' is required
   at DataCore.Classes.EquationEvaluator.Compile() in C:\Projects\Blueocean\Link\LinkManager\Cores\DataCore\DataCore\Classes\EquationEvaluator.cs:line 86
   at DataCore.Classes.Equation..ctor(Core core, String equation) in C:\Projects\Blueocean\Link\LinkManager\Cores\DataCore\DataCore\Classes\Equation.cs:line 68]]></Error>
    <Equation><![CDATA[return ;]]></Equation>
  </Log>
  <Log Timestamp="05/02/2016 13:57:37">
    <Error><![CDATA[System.Exception: An object of a type convertible to 'object' is required
   at DataCore.Classes.EquationEvaluator.Compile() in C:\Projects\Blueocean\Link\LinkManager\Cores\DataCore\DataCore\Classes\EquationEvaluator.cs:line 86
   at DataCore.Classes.Equation..ctor(Core core, String equation) in C:\Projects\Blueocean\Link\LinkManager\Cores\DataCore\DataCore\Classes\Equation.cs:line 68]]></Error>
    <Equation><![CDATA[return ;]]></Equation>
  </Log>
  <Log Timestamp="05/02/2016 13:57:42">
    <Error><![CDATA[System.Exception: An object of a type convertible to 'object' is required
   at DataCore.Classes.EquationEvaluator.Compile() in C:\Projects\Blueocean\Link\LinkManager\Cores\DataCore\DataCore\Classes\EquationEvaluator.cs:line 86
   at DataCore.Classes.Equation..ctor(Core core, String equation) in C:\Projects\Blueocean\Link\LinkManager\Cores\DataCore\DataCore\Classes\Equation.cs:line 68]]></Error>
    <Equation><![CDATA[return ;]]></Equation>
  </Log>
  <Log Timestamp="05/02/2016 13:57:47">
    <Error><![CDATA[System.Exception: An object of a type convertible to 'object' is required
   at DataCore.Classes.EquationEvaluator.Compile() in C:\Projects\Blueocean\Link\LinkManager\Cores\DataCore\DataCore\Classes\EquationEvaluator.cs:line 86
   at DataCore.Classes.Equation..ctor(Core core, String equation) in C:\Projects\Blueocean\Link\LinkManager\Cores\DataCore\DataCore\Classes\Equation.cs:line 68]]></Error>
    <Equation><![CDATA[return ;]]></Equation>
  </Log>
  <Log Timestamp="05/02/2016 13:57:52">
    <Error><![CDATA[System.Exception: An object of a type convertible to 'object' is required
   at DataCore.Classes.EquationEvaluator.Compile() in C:\Projects\Blueocean\Link\LinkManager\Cores\DataCore\DataCore\Classes\EquationEvaluator.cs:line 86
   at DataCore.Classes.Equation..ctor(Core core, String equation) in C:\Projects\Blueocean\Link\LinkManager\Cores\DataCore\DataCore\Classes\Equation.cs:line 68]]></Error>
    <Equation><![CDATA[return ;]]></Equation>
  </Log>
  <Log Timestamp="05/02/2016 13:57:57">
    <Error><![CDATA[System.Exception: An object of a type convertible to 'object' is required
   at DataCore.Classes.EquationEvaluator.Compile() in C:\Projects\Blueocean\Link\LinkManager\Cores\DataCore\DataCore\Classes\EquationEvaluator.cs:line 86
   at DataCore.Classes.Equation..ctor(Core core, String equation) in C:\Projects\Blueocean\Link\LinkManager\Cores\DataCore\DataCore\Classes\Equation.cs:line 68]]></Error>
    <Equation><![CDATA[return ;]]></Equation>
  </Log>
  <Log Timestamp="05/02/2016 13:57:58">
    <Error><![CDATA[System.Exception: An object of a type convertible to 'object' is required
   at DataCore.Classes.EquationEvaluator.Compile() in C:\Projects\Blueocean\Link\LinkManager\Cores\DataCore\DataCore\Classes\EquationEvaluator.cs:line 86
   at DataCore.Classes.Equation..ctor(Core core, String equation) in C:\Projects\Blueocean\Link\LinkManager\Cores\DataCore\DataCore\Classes\Equation.cs:line 68]]></Error>
    <Equation><![CDATA[return ;]]></Equation>
  </Log>
  <Log Timestamp="05/02/2016 13:58:02">
    <Error><![CDATA[System.Exception: An object of a type convertible to 'object' is required
   at DataCore.Classes.EquationEvaluator.Compile() in C:\Projects\Blueocean\Link\LinkManager\Cores\DataCore\DataCore\Classes\EquationEvaluator.cs:line 86
   at DataCore.Classes.Equation..ctor(Core core, String equation) in C:\Projects\Blueocean\Link\LinkManager\Cores\DataCore\DataCore\Classes\Equation.cs:line 68]]></Error>
    <Equation><![CDATA[return ;]]></Equation>
  </Log>
  <Log Timestamp="05/02/2016 13:58:03">
    <Error><![CDATA[System.Exception: An object of a type convertible to 'object' is required
   at DataCore.Classes.EquationEvaluator.Compile() in C:\Projects\Blueocean\Link\LinkManager\Cores\DataCore\DataCore\Classes\EquationEvaluator.cs:line 86
   at DataCore.Classes.Equation..ctor(Core core, String equation) in C:\Projects\Blueocean\Link\LinkManager\Cores\DataCore\DataCore\Classes\Equation.cs:line 68]]></Error>
    <Equation><![CDATA[return ;]]></Equation>
  </Log>
  <Log Timestamp="05/02/2016 13:58:07">
    <Error><![CDATA[System.Exception: An object of a type convertible to 'object' is required
   at DataCore.Classes.EquationEvaluator.Compile() in C:\Projects\Blueocean\Link\LinkManager\Cores\DataCore\DataCore\Classes\EquationEvaluator.cs:line 86
   at DataCore.Classes.Equation..ctor(Core core, String equation) in C:\Projects\Blueocean\Link\LinkManager\Cores\DataCore\DataCore\Classes\Equation.cs:line 68]]></Error>
    <Equation><![CDATA[return ;]]></Equation>
  </Log>
  <Log Timestamp="05/02/2016 13:58:08">
    <Error><![CDATA[System.Exception: An object of a type convertible to 'object' is required
   at DataCore.Classes.EquationEvaluator.Compile() in C:\Projects\Blueocean\Link\LinkManager\Cores\DataCore\DataCore\Classes\EquationEvaluator.cs:line 86
   at DataCore.Classes.Equation..ctor(Core core, String equation) in C:\Projects\Blueocean\Link\LinkManager\Cores\DataCore\DataCore\Classes\Equation.cs:line 68]]></Error>
    <Equation><![CDATA[return ;]]></Equation>
  </Log>
  <Log Timestamp="05/02/2016 13:58:12">
    <Error><![CDATA[System.Exception: An object of a type convertible to 'object' is required
   at DataCore.Classes.EquationEvaluator.Compile() in C:\Projects\Blueocean\Link\LinkManager\Cores\DataCore\DataCore\Classes\EquationEvaluator.cs:line 86
   at DataCore.Classes.Equation..ctor(Core core, String equation) in C:\Projects\Blueocean\Link\LinkManager\Cores\DataCore\DataCore\Classes\Equation.cs:line 68]]></Error>
    <Equation><![CDATA[return ;]]></Equation>
  </Log>
  <Log Timestamp="05/02/2016 13:58:13">
    <Error><![CDATA[System.Exception: An object of a type convertible to 'object' is required
   at DataCore.Classes.EquationEvaluator.Compile() in C:\Projects\Blueocean\Link\LinkManager\Cores\DataCore\DataCore\Classes\EquationEvaluator.cs:line 86
   at DataCore.Classes.Equation..ctor(Core core, String equation) in C:\Projects\Blueocean\Link\LinkManager\Cores\DataCore\DataCore\Classes\Equation.cs:line 68]]></Error>
    <Equation><![CDATA[return ;]]></Equation>
  </Log>
  <Log Timestamp="05/02/2016 13:58:17">
    <Error><![CDATA[System.Exception: An object of a type convertible to 'object' is required
   at DataCore.Classes.EquationEvaluator.Compile() in C:\Projects\Blueocean\Link\LinkManager\Cores\DataCore\DataCore\Classes\EquationEvaluator.cs:line 86
   at DataCore.Classes.Equation..ctor(Core core, String equation) in C:\Projects\Blueocean\Link\LinkManager\Cores\DataCore\DataCore\Classes\Equation.cs:line 68]]></Error>
    <Equation><![CDATA[return ;]]></Equation>
  </Log>
  <Log Timestamp="05/02/2016 13:58:18">
    <Error><![CDATA[System.Exception: An object of a type convertible to 'object' is required
   at DataCore.Classes.EquationEvaluator.Compile() in C:\Projects\Blueocean\Link\LinkManager\Cores\DataCore\DataCore\Classes\EquationEvaluator.cs:line 86
   at DataCore.Classes.Equation..ctor(Core core, String equation) in C:\Projects\Blueocean\Link\LinkManager\Cores\DataCore\DataCore\Classes\Equation.cs:line 68]]></Error>
    <Equation><![CDATA[return ;]]></Equation>
  </Log>
  <Log Timestamp="05/02/2016 13:58:22">
    <Error><![CDATA[System.Exception: An object of a type convertible to 'object' is required
   at DataCore.Classes.EquationEvaluator.Compile() in C:\Projects\Blueocean\Link\LinkManager\Cores\DataCore\DataCore\Classes\EquationEvaluator.cs:line 86
   at DataCore.Classes.Equation..ctor(Core core, String equation) in C:\Projects\Blueocean\Link\LinkManager\Cores\DataCore\DataCore\Classes\Equation.cs:line 68]]></Error>
    <Equation><![CDATA[return ;]]></Equation>
  </Log>
  <Log Timestamp="05/02/2016 13:58:23">
    <Error><![CDATA[System.Exception: An object of a type convertible to 'object' is required
   at DataCore.Classes.EquationEvaluator.Compile() in C:\Projects\Blueocean\Link\LinkManager\Cores\DataCore\DataCore\Classes\EquationEvaluator.cs:line 86
   at DataCore.Classes.Equation..ctor(Core core, String equation) in C:\Projects\Blueocean\Link\LinkManager\Cores\DataCore\DataCore\Classes\Equation.cs:line 68]]></Error>
    <Equation><![CDATA[return ;]]></Equation>
  </Log>
  <Log Timestamp="05/02/2016 13:58:24">
    <Error><![CDATA[System.Exception: An object of a type convertible to 'object' is required
   at DataCore.Classes.EquationEvaluator.Compile() in C:\Projects\Blueocean\Link\LinkManager\Cores\DataCore\DataCore\Classes\EquationEvaluator.cs:line 86
   at DataCore.Classes.Equation..ctor(Core core, String equation) in C:\Projects\Blueocean\Link\LinkManager\Cores\DataCore\DataCore\Classes\Equation.cs:line 68]]></Error>
    <Equation><![CDATA[return ;]]></Equation>
  </Log>
  <Log Timestamp="05/02/2016 13:58:27">
    <Error><![CDATA[System.Exception: An object of a type convertible to 'object' is required
   at DataCore.Classes.EquationEvaluator.Compile() in C:\Projects\Blueocean\Link\LinkManager\Cores\DataCore\DataCore\Classes\EquationEvaluator.cs:line 86
   at DataCore.Classes.Equation..ctor(Core core, String equation) in C:\Projects\Blueocean\Link\LinkManager\Cores\DataCore\DataCore\Classes\Equation.cs:line 68]]></Error>
    <Equation><![CDATA[return ;]]></Equation>
  </Log>
  <Log Timestamp="05/02/2016 13:58:28">
    <Error><![CDATA[System.Exception: An object of a type convertible to 'object' is required
   at DataCore.Classes.EquationEvaluator.Compile() in C:\Projects\Blueocean\Link\LinkManager\Cores\DataCore\DataCore\Classes\EquationEvaluator.cs:line 86
   at DataCore.Classes.Equation..ctor(Core core, String equation) in C:\Projects\Blueocean\Link\LinkManager\Cores\DataCore\DataCore\Classes\Equation.cs:line 68]]></Error>
    <Equation><![CDATA[return ;]]></Equation>
  </Log>
  <Log Timestamp="05/02/2016 13:58:28">
    <Error><![CDATA[System.Exception: An object of a type convertible to 'object' is required
   at DataCore.Classes.EquationEvaluator.Compile() in C:\Projects\Blueocean\Link\LinkManager\Cores\DataCore\DataCore\Classes\EquationEvaluator.cs:line 86
   at DataCore.Classes.Equation..ctor(Core core, String equation) in C:\Projects\Blueocean\Link\LinkManager\Cores\DataCore\DataCore\Classes\Equation.cs:line 68]]></Error>
    <Equation><![CDATA[return ;]]></Equation>
  </Log>
  <Log Timestamp="05/02/2016 13:58:32">
    <Error><![CDATA[System.Exception: An object of a type convertible to 'object' is required
   at DataCore.Classes.EquationEvaluator.Compile() in C:\Projects\Blueocean\Link\LinkManager\Cores\DataCore\DataCore\Classes\EquationEvaluator.cs:line 86
   at DataCore.Classes.Equation..ctor(Core core, String equation) in C:\Projects\Blueocean\Link\LinkManager\Cores\DataCore\DataCore\Classes\Equation.cs:line 68]]></Error>
    <Equation><![CDATA[return ;]]></Equation>
  </Log>
  <Log Timestamp="05/02/2016 13:58:33">
    <Error><![CDATA[System.Exception: An object of a type convertible to 'object' is required
   at DataCore.Classes.EquationEvaluator.Compile() in C:\Projects\Blueocean\Link\LinkManager\Cores\DataCore\DataCore\Classes\EquationEvaluator.cs:line 86
   at DataCore.Classes.Equation..ctor(Core core, String equation) in C:\Projects\Blueocean\Link\LinkManager\Cores\DataCore\DataCore\Classes\Equation.cs:line 68]]></Error>
    <Equation><![CDATA[return ;]]></Equation>
  </Log>
  <Log Timestamp="05/02/2016 13:58:33">
    <Error><![CDATA[System.Exception: An object of a type convertible to 'object' is required
   at DataCore.Classes.EquationEvaluator.Compile() in C:\Projects\Blueocean\Link\LinkManager\Cores\DataCore\DataCore\Classes\EquationEvaluator.cs:line 86
   at DataCore.Classes.Equation..ctor(Core core, String equation) in C:\Projects\Blueocean\Link\LinkManager\Cores\DataCore\DataCore\Classes\Equation.cs:line 68]]></Error>
    <Equation><![CDATA[return ;]]></Equation>
  </Log>
  <Log Timestamp="05/02/2016 13:58:37">
    <Error><![CDATA[System.Exception: An object of a type convertible to 'object' is required
   at DataCore.Classes.EquationEvaluator.Compile() in C:\Projects\Blueocean\Link\LinkManager\Cores\DataCore\DataCore\Classes\EquationEvaluator.cs:line 86
   at DataCore.Classes.Equation..ctor(Core core, String equation) in C:\Projects\Blueocean\Link\LinkManager\Cores\DataCore\DataCore\Classes\Equation.cs:line 68]]></Error>
    <Equation><![CDATA[return ;]]></Equation>
  </Log>
  <Log Timestamp="05/02/2016 13:58:38">
    <Error><![CDATA[System.Exception: An object of a type convertible to 'object' is required
   at DataCore.Classes.EquationEvaluator.Compile() in C:\Projects\Blueocean\Link\LinkManager\Cores\DataCore\DataCore\Classes\EquationEvaluator.cs:line 86
   at DataCore.Classes.Equation..ctor(Core core, String equation) in C:\Projects\Blueocean\Link\LinkManager\Cores\DataCore\DataCore\Classes\Equation.cs:line 68]]></Error>
    <Equation><![CDATA[return ;]]></Equation>
  </Log>
  <Log Timestamp="05/02/2016 13:58:38">
    <Error><![CDATA[System.Exception: An object of a type convertible to 'object' is required
   at DataCore.Classes.EquationEvaluator.Compile() in C:\Projects\Blueocean\Link\LinkManager\Cores\DataCore\DataCore\Classes\EquationEvaluator.cs:line 86
   at DataCore.Classes.Equation..ctor(Core core, String equation) in C:\Projects\Blueocean\Link\LinkManager\Cores\DataCore\DataCore\Classes\Equation.cs:line 68]]></Error>
    <Equation><![CDATA[return ;]]></Equation>
  </Log>
  <Log Timestamp="05/02/2016 13:58:42">
    <Error><![CDATA[System.Exception: An object of a type convertible to 'object' is required
   at DataCore.Classes.EquationEvaluator.Compile() in C:\Projects\Blueocean\Link\LinkManager\Cores\DataCore\DataCore\Classes\EquationEvaluator.cs:line 86
   at DataCore.Classes.Equation..ctor(Core core, String equation) in C:\Projects\Blueocean\Link\LinkManager\Cores\DataCore\DataCore\Classes\Equation.cs:line 68]]></Error>
    <Equation><![CDATA[return ;]]></Equation>
  </Log>
  <Log Timestamp="05/02/2016 13:58:43">
    <Error><![CDATA[System.Exception: An object of a type convertible to 'object' is required
   at DataCore.Classes.EquationEvaluator.Compile() in C:\Projects\Blueocean\Link\LinkManager\Cores\DataCore\DataCore\Classes\EquationEvaluator.cs:line 86
   at DataCore.Classes.Equation..ctor(Core core, String equation) in C:\Projects\Blueocean\Link\LinkManager\Cores\DataCore\DataCore\Classes\Equation.cs:line 68]]></Error>
    <Equation><![CDATA[return ;]]></Equation>
  </Log>
  <Log Timestamp="05/02/2016 13:58:43">
    <Error><![CDATA[System.Exception: An object of a type convertible to 'object' is required
   at DataCore.Classes.EquationEvaluator.Compile() in C:\Projects\Blueocean\Link\LinkManager\Cores\DataCore\DataCore\Classes\EquationEvaluator.cs:line 86
   at DataCore.Classes.Equation..ctor(Core core, String equation) in C:\Projects\Blueocean\Link\LinkManager\Cores\DataCore\DataCore\Classes\Equation.cs:line 68]]></Error>
    <Equation><![CDATA[return ;]]></Equation>
  </Log>
  <Log Timestamp="05/02/2016 13:58:47">
    <Error><![CDATA[System.Exception: An object of a type convertible to 'object' is required
   at DataCore.Classes.EquationEvaluator.Compile() in C:\Projects\Blueocean\Link\LinkManager\Cores\DataCore\DataCore\Classes\EquationEvaluator.cs:line 86
   at DataCore.Classes.Equation..ctor(Core core, String equation) in C:\Projects\Blueocean\Link\LinkManager\Cores\DataCore\DataCore\Classes\Equation.cs:line 68]]></Error>
    <Equation><![CDATA[return ;]]></Equation>
  </Log>
  <Log Timestamp="05/02/2016 13:58:48">
    <Error><![CDATA[System.Exception: An object of a type convertible to 'object' is required
   at DataCore.Classes.EquationEvaluator.Compile() in C:\Projects\Blueocean\Link\LinkManager\Cores\DataCore\DataCore\Classes\EquationEvaluator.cs:line 86
   at DataCore.Classes.Equation..ctor(Core core, String equation) in C:\Projects\Blueocean\Link\LinkManager\Cores\DataCore\DataCore\Classes\Equation.cs:line 68]]></Error>
    <Equation><![CDATA[return ;]]></Equation>
  </Log>
  <Log Timestamp="05/02/2016 13:58:48">
    <Error><![CDATA[System.Exception: An object of a type convertible to 'object' is required
   at DataCore.Classes.EquationEvaluator.Compile() in C:\Projects\Blueocean\Link\LinkManager\Cores\DataCore\DataCore\Classes\EquationEvaluator.cs:line 86
   at DataCore.Classes.Equation..ctor(Core core, String equation) in C:\Projects\Blueocean\Link\LinkManager\Cores\DataCore\DataCore\Classes\Equation.cs:line 68]]></Error>
    <Equation><![CDATA[return ;]]></Equation>
  </Log>
  <Log Timestamp="05/02/2016 13:58:52">
    <Error><![CDATA[System.Exception: An object of a type convertible to 'object' is required
   at DataCore.Classes.EquationEvaluator.Compile() in C:\Projects\Blueocean\Link\LinkManager\Cores\DataCore\DataCore\Classes\EquationEvaluator.cs:line 86
   at DataCore.Classes.Equation..ctor(Core core, String equation) in C:\Projects\Blueocean\Link\LinkManager\Cores\DataCore\DataCore\Classes\Equation.cs:line 68]]></Error>
    <Equation><![CDATA[return ;]]></Equation>
  </Log>
  <Log Timestamp="05/02/2016 13:58:53">
    <Error><![CDATA[System.Exception: An object of a type convertible to 'object' is required
   at DataCore.Classes.EquationEvaluator.Compile() in C:\Projects\Blueocean\Link\LinkManager\Cores\DataCore\DataCore\Classes\EquationEvaluator.cs:line 86
   at DataCore.Classes.Equation..ctor(Core core, String equation) in C:\Projects\Blueocean\Link\LinkManager\Cores\DataCore\DataCore\Classes\Equation.cs:line 68]]></Error>
    <Equation><![CDATA[return ;]]></Equation>
  </Log>
  <Log Timestamp="05/02/2016 13:58:53">
    <Error><![CDATA[System.Exception: An object of a type convertible to 'object' is required
   at DataCore.Classes.EquationEvaluator.Compile() in C:\Projects\Blueocean\Link\LinkManager\Cores\DataCore\DataCore\Classes\EquationEvaluator.cs:line 86
   at DataCore.Classes.Equation..ctor(Core core, String equation) in C:\Projects\Blueocean\Link\LinkManager\Cores\DataCore\DataCore\Classes\Equation.cs:line 68]]></Error>
    <Equation><![CDATA[return ;]]></Equation>
  </Log>
  <Log Timestamp="05/02/2016 13:58:57">
    <Error><![CDATA[System.Exception: An object of a type convertible to 'object' is required
   at DataCore.Classes.EquationEvaluator.Compile() in C:\Projects\Blueocean\Link\LinkManager\Cores\DataCore\DataCore\Classes\EquationEvaluator.cs:line 86
   at DataCore.Classes.Equation..ctor(Core core, String equation) in C:\Projects\Blueocean\Link\LinkManager\Cores\DataCore\DataCore\Classes\Equation.cs:line 68]]></Error>
    <Equation><![CDATA[return ;]]></Equation>
  </Log>
  <Log Timestamp="05/02/2016 13:58:58">
    <Error><![CDATA[System.Exception: An object of a type convertible to 'object' is required
   at DataCore.Classes.EquationEvaluator.Compile() in C:\Projects\Blueocean\Link\LinkManager\Cores\DataCore\DataCore\Classes\EquationEvaluator.cs:line 86
   at DataCore.Classes.Equation..ctor(Core core, String equation) in C:\Projects\Blueocean\Link\LinkManager\Cores\DataCore\DataCore\Classes\Equation.cs:line 68]]></Error>
    <Equation><![CDATA[return ;]]></Equation>
  </Log>
  <Log Timestamp="05/02/2016 13:58:58">
    <Error><![CDATA[System.Exception: An object of a type convertible to 'object' is required
   at DataCore.Classes.EquationEvaluator.Compile() in C:\Projects\Blueocean\Link\LinkManager\Cores\DataCore\DataCore\Classes\EquationEvaluator.cs:line 86
   at DataCore.Classes.Equation..ctor(Core core, String equation) in C:\Projects\Blueocean\Link\LinkManager\Cores\DataCore\DataCore\Classes\Equation.cs:line 68]]></Error>
    <Equation><![CDATA[return ;]]></Equation>
  </Log>
  <Log Timestamp="05/02/2016 13:59:02">
    <Error><![CDATA[System.Exception: An object of a type convertible to 'object' is required
   at DataCore.Classes.EquationEvaluator.Compile() in C:\Projects\Blueocean\Link\LinkManager\Cores\DataCore\DataCore\Classes\EquationEvaluator.cs:line 86
   at DataCore.Classes.Equation..ctor(Core core, String equation) in C:\Projects\Blueocean\Link\LinkManager\Cores\DataCore\DataCore\Classes\Equation.cs:line 68]]></Error>
    <Equation><![CDATA[return ;]]></Equation>
  </Log>
  <Log Timestamp="05/02/2016 13:59:03">
    <Error><![CDATA[System.Exception: An object of a type convertible to 'object' is required
   at DataCore.Classes.EquationEvaluator.Compile() in C:\Projects\Blueocean\Link\LinkManager\Cores\DataCore\DataCore\Classes\EquationEvaluator.cs:line 86
   at DataCore.Classes.Equation..ctor(Core core, String equation) in C:\Projects\Blueocean\Link\LinkManager\Cores\DataCore\DataCore\Classes\Equation.cs:line 68]]></Error>
    <Equation><![CDATA[return ;]]></Equation>
  </Log>
  <Log Timestamp="05/02/2016 13:59:03">
    <Error><![CDATA[System.Exception: An object of a type convertible to 'object' is required
   at DataCore.Classes.EquationEvaluator.Compile() in C:\Projects\Blueocean\Link\LinkManager\Cores\DataCore\DataCore\Classes\EquationEvaluator.cs:line 86
   at DataCore.Classes.Equation..ctor(Core core, String equation) in C:\Projects\Blueocean\Link\LinkManager\Cores\DataCore\DataCore\Classes\Equation.cs:line 68]]></Error>
    <Equation><![CDATA[return ;]]></Equation>
  </Log>
  <Log Timestamp="05/02/2016 13:59:07">
    <Error><![CDATA[System.Exception: An object of a type convertible to 'object' is required
   at DataCore.Classes.EquationEvaluator.Compile() in C:\Projects\Blueocean\Link\LinkManager\Cores\DataCore\DataCore\Classes\EquationEvaluator.cs:line 86
   at DataCore.Classes.Equation..ctor(Core core, String equation) in C:\Projects\Blueocean\Link\LinkManager\Cores\DataCore\DataCore\Classes\Equation.cs:line 68]]></Error>
    <Equation><![CDATA[return ;]]></Equation>
  </Log>
  <Log Timestamp="05/02/2016 13:59:08">
    <Error><![CDATA[System.Exception: An object of a type convertible to 'object' is required
   at DataCore.Classes.EquationEvaluator.Compile() in C:\Projects\Blueocean\Link\LinkManager\Cores\DataCore\DataCore\Classes\EquationEvaluator.cs:line 86
   at DataCore.Classes.Equation..ctor(Core core, String equation) in C:\Projects\Blueocean\Link\LinkManager\Cores\DataCore\DataCore\Classes\Equation.cs:line 68]]></Error>
    <Equation><![CDATA[return ;]]></Equation>
  </Log>
  <Log Timestamp="05/02/2016 13:59:08">
    <Error><![CDATA[System.Exception: An object of a type convertible to 'object' is required
   at DataCore.Classes.EquationEvaluator.Compile() in C:\Projects\Blueocean\Link\LinkManager\Cores\DataCore\DataCore\Classes\EquationEvaluator.cs:line 86
   at DataCore.Classes.Equation..ctor(Core core, String equation) in C:\Projects\Blueocean\Link\LinkManager\Cores\DataCore\DataCore\Classes\Equation.cs:line 68]]></Error>
    <Equation><![CDATA[return ;]]></Equation>
  </Log>
  <Log Timestamp="05/02/2016 13:59:12">
    <Error><![CDATA[System.Exception: An object of a type convertible to 'object' is required
   at DataCore.Classes.EquationEvaluator.Compile() in C:\Projects\Blueocean\Link\LinkManager\Cores\DataCore\DataCore\Classes\EquationEvaluator.cs:line 86
   at DataCore.Classes.Equation..ctor(Core core, String equation) in C:\Projects\Blueocean\Link\LinkManager\Cores\DataCore\DataCore\Classes\Equation.cs:line 68]]></Error>
    <Equation><![CDATA[return ;]]></Equation>
  </Log>
  <Log Timestamp="05/02/2016 13:59:13">
    <Error><![CDATA[System.Exception: An object of a type convertible to 'object' is required
   at DataCore.Classes.EquationEvaluator.Compile() in C:\Projects\Blueocean\Link\LinkManager\Cores\DataCore\DataCore\Classes\EquationEvaluator.cs:line 86
   at DataCore.Classes.Equation..ctor(Core core, String equation) in C:\Projects\Blueocean\Link\LinkManager\Cores\DataCore\DataCore\Classes\Equation.cs:line 68]]></Error>
    <Equation><![CDATA[return ;]]></Equation>
  </Log>
  <Log Timestamp="05/02/2016 13:59:13">
    <Error><![CDATA[System.Exception: An object of a type convertible to 'object' is required
   at DataCore.Classes.EquationEvaluator.Compile() in C:\Projects\Blueocean\Link\LinkManager\Cores\DataCore\DataCore\Classes\EquationEvaluator.cs:line 86
   at DataCore.Classes.Equation..ctor(Core core, String equation) in C:\Projects\Blueocean\Link\LinkManager\Cores\DataCore\DataCore\Classes\Equation.cs:line 68]]></Error>
    <Equation><![CDATA[return ;]]></Equation>
  </Log>
  <Log Timestamp="05/02/2016 13:59:17">
    <Error><![CDATA[System.Exception: An object of a type convertible to 'object' is required
   at DataCore.Classes.EquationEvaluator.Compile() in C:\Projects\Blueocean\Link\LinkManager\Cores\DataCore\DataCore\Classes\EquationEvaluator.cs:line 86
   at DataCore.Classes.Equation..ctor(Core core, String equation) in C:\Projects\Blueocean\Link\LinkManager\Cores\DataCore\DataCore\Classes\Equation.cs:line 68]]></Error>
    <Equation><![CDATA[return ;]]></Equation>
  </Log>
  <Log Timestamp="05/02/2016 13:59:18">
    <Error><![CDATA[System.Exception: An object of a type convertible to 'object' is required
   at DataCore.Classes.EquationEvaluator.Compile() in C:\Projects\Blueocean\Link\LinkManager\Cores\DataCore\DataCore\Classes\EquationEvaluator.cs:line 86
   at DataCore.Classes.Equation..ctor(Core core, String equation) in C:\Projects\Blueocean\Link\LinkManager\Cores\DataCore\DataCore\Classes\Equation.cs:line 68]]></Error>
    <Equation><![CDATA[return ;]]></Equation>
  </Log>
  <Log Timestamp="05/02/2016 13:59:18">
    <Error><![CDATA[System.Exception: An object of a type convertible to 'object' is required
   at DataCore.Classes.EquationEvaluator.Compile() in C:\Projects\Blueocean\Link\LinkManager\Cores\DataCore\DataCore\Classes\EquationEvaluator.cs:line 86
   at DataCore.Classes.Equation..ctor(Core core, String equation) in C:\Projects\Blueocean\Link\LinkManager\Cores\DataCore\DataCore\Classes\Equation.cs:line 68]]></Error>
    <Equation><![CDATA[return ;]]></Equation>
  </Log>
  <Log Timestamp="05/02/2016 13:59:22">
    <Error><![CDATA[System.Exception: An object of a type convertible to 'object' is required
   at DataCore.Classes.EquationEvaluator.Compile() in C:\Projects\Blueocean\Link\LinkManager\Cores\DataCore\DataCore\Classes\EquationEvaluator.cs:line 86
   at DataCore.Classes.Equation..ctor(Core core, String equation) in C:\Projects\Blueocean\Link\LinkManager\Cores\DataCore\DataCore\Classes\Equation.cs:line 68]]></Error>
    <Equation><![CDATA[return ;]]></Equation>
  </Log>
  <Log Timestamp="05/02/2016 13:59:23">
    <Error><![CDATA[System.Exception: An object of a type convertible to 'object' is required
   at DataCore.Classes.EquationEvaluator.Compile() in C:\Projects\Blueocean\Link\LinkManager\Cores\DataCore\DataCore\Classes\EquationEvaluator.cs:line 86
   at DataCore.Classes.Equation..ctor(Core core, String equation) in C:\Projects\Blueocean\Link\LinkManager\Cores\DataCore\DataCore\Classes\Equation.cs:line 68]]></Error>
    <Equation><![CDATA[return ;]]></Equation>
  </Log>
  <Log Timestamp="05/02/2016 13:59:23">
    <Error><![CDATA[System.Exception: An object of a type convertible to 'object' is required
   at DataCore.Classes.EquationEvaluator.Compile() in C:\Projects\Blueocean\Link\LinkManager\Cores\DataCore\DataCore\Classes\EquationEvaluator.cs:line 86
   at DataCore.Classes.Equation..ctor(Core core, String equation) in C:\Projects\Blueocean\Link\LinkManager\Cores\DataCore\DataCore\Classes\Equation.cs:line 68]]></Error>
    <Equation><![CDATA[return ;]]></Equation>
  </Log>
  <Log Timestamp="05/02/2016 13:59:27">
    <Error><![CDATA[System.Exception: An object of a type convertible to 'object' is required
   at DataCore.Classes.EquationEvaluator.Compile() in C:\Projects\Blueocean\Link\LinkManager\Cores\DataCore\DataCore\Classes\EquationEvaluator.cs:line 86
   at DataCore.Classes.Equation..ctor(Core core, String equation) in C:\Projects\Blueocean\Link\LinkManager\Cores\DataCore\DataCore\Classes\Equation.cs:line 68]]></Error>
    <Equation><![CDATA[return ;]]></Equation>
  </Log>
  <Log Timestamp="05/02/2016 13:59:28">
    <Error><![CDATA[System.Exception: An object of a type convertible to 'object' is required
   at DataCore.Classes.EquationEvaluator.Compile() in C:\Projects\Blueocean\Link\LinkManager\Cores\DataCore\DataCore\Classes\EquationEvaluator.cs:line 86
   at DataCore.Classes.Equation..ctor(Core core, String equation) in C:\Projects\Blueocean\Link\LinkManager\Cores\DataCore\DataCore\Classes\Equation.cs:line 68]]></Error>
    <Equation><![CDATA[return ;]]></Equation>
  </Log>
  <Log Timestamp="05/02/2016 13:59:28">
    <Error><![CDATA[System.Exception: An object of a type convertible to 'object' is required
   at DataCore.Classes.EquationEvaluator.Compile() in C:\Projects\Blueocean\Link\LinkManager\Cores\DataCore\DataCore\Classes\EquationEvaluator.cs:line 86
   at DataCore.Classes.Equation..ctor(Core core, String equation) in C:\Projects\Blueocean\Link\LinkManager\Cores\DataCore\DataCore\Classes\Equation.cs:line 68]]></Error>
    <Equation><![CDATA[return ;]]></Equation>
  </Log>
  <Log Timestamp="05/02/2016 13:59:32">
    <Error><![CDATA[System.Exception: An object of a type convertible to 'object' is required
   at DataCore.Classes.EquationEvaluator.Compile() in C:\Projects\Blueocean\Link\LinkManager\Cores\DataCore\DataCore\Classes\EquationEvaluator.cs:line 86
   at DataCore.Classes.Equation..ctor(Core core, String equation) in C:\Projects\Blueocean\Link\LinkManager\Cores\DataCore\DataCore\Classes\Equation.cs:line 68]]></Error>
    <Equation><![CDATA[return ;]]></Equation>
  </Log>
  <Log Timestamp="05/02/2016 13:59:33">
    <Error><![CDATA[System.Exception: An object of a type convertible to 'object' is required
   at DataCore.Classes.EquationEvaluator.Compile() in C:\Projects\Blueocean\Link\LinkManager\Cores\DataCore\DataCore\Classes\EquationEvaluator.cs:line 86
   at DataCore.Classes.Equation..ctor(Core core, String equation) in C:\Projects\Blueocean\Link\LinkManager\Cores\DataCore\DataCore\Classes\Equation.cs:line 68]]></Error>
    <Equation><![CDATA[return ;]]></Equation>
  </Log>
  <Log Timestamp="05/02/2016 13:59:33">
    <Error><![CDATA[System.Exception: An object of a type convertible to 'object' is required
   at DataCore.Classes.EquationEvaluator.Compile() in C:\Projects\Blueocean\Link\LinkManager\Cores\DataCore\DataCore\Classes\EquationEvaluator.cs:line 86
   at DataCore.Classes.Equation..ctor(Core core, String equation) in C:\Projects\Blueocean\Link\LinkManager\Cores\DataCore\DataCore\Classes\Equation.cs:line 68]]></Error>
    <Equation><![CDATA[return ;]]></Equation>
  </Log>
  <Log Timestamp="05/02/2016 13:59:37">
    <Error><![CDATA[System.Exception: An object of a type convertible to 'object' is required
   at DataCore.Classes.EquationEvaluator.Compile() in C:\Projects\Blueocean\Link\LinkManager\Cores\DataCore\DataCore\Classes\EquationEvaluator.cs:line 86
   at DataCore.Classes.Equation..ctor(Core core, String equation) in C:\Projects\Blueocean\Link\LinkManager\Cores\DataCore\DataCore\Classes\Equation.cs:line 68]]></Error>
    <Equation><![CDATA[return ;]]></Equation>
  </Log>
  <Log Timestamp="05/02/2016 13:59:38">
    <Error><![CDATA[System.Exception: An object of a type convertible to 'object' is required
   at DataCore.Classes.EquationEvaluator.Compile() in C:\Projects\Blueocean\Link\LinkManager\Cores\DataCore\DataCore\Classes\EquationEvaluator.cs:line 86
   at DataCore.Classes.Equation..ctor(Core core, String equation) in C:\Projects\Blueocean\Link\LinkManager\Cores\DataCore\DataCore\Classes\Equation.cs:line 68]]></Error>
    <Equation><![CDATA[return ;]]></Equation>
  </Log>
  <Log Timestamp="05/02/2016 13:59:38">
    <Error><![CDATA[System.Exception: An object of a type convertible to 'object' is required
   at DataCore.Classes.EquationEvaluator.Compile() in C:\Projects\Blueocean\Link\LinkManager\Cores\DataCore\DataCore\Classes\EquationEvaluator.cs:line 86
   at DataCore.Classes.Equation..ctor(Core core, String equation) in C:\Projects\Blueocean\Link\LinkManager\Cores\DataCore\DataCore\Classes\Equation.cs:line 68]]></Error>
    <Equation><![CDATA[return ;]]></Equation>
  </Log>
  <Log Timestamp="05/02/2016 13:59:42">
    <Error><![CDATA[System.Exception: An object of a type convertible to 'object' is required
   at DataCore.Classes.EquationEvaluator.Compile() in C:\Projects\Blueocean\Link\LinkManager\Cores\DataCore\DataCore\Classes\EquationEvaluator.cs:line 86
   at DataCore.Classes.Equation..ctor(Core core, String equation) in C:\Projects\Blueocean\Link\LinkManager\Cores\DataCore\DataCore\Classes\Equation.cs:line 68]]></Error>
    <Equation><![CDATA[return ;]]></Equation>
  </Log>
  <Log Timestamp="05/02/2016 13:59:43">
    <Error><![CDATA[System.Exception: An object of a type convertible to 'object' is required
   at DataCore.Classes.EquationEvaluator.Compile() in C:\Projects\Blueocean\Link\LinkManager\Cores\DataCore\DataCore\Classes\EquationEvaluator.cs:line 86
   at DataCore.Classes.Equation..ctor(Core core, String equation) in C:\Projects\Blueocean\Link\LinkManager\Cores\DataCore\DataCore\Classes\Equation.cs:line 68]]></Error>
    <Equation><![CDATA[return ;]]></Equation>
  </Log>
  <Log Timestamp="05/02/2016 13:59:43">
    <Error><![CDATA[System.Exception: An object of a type convertible to 'object' is required
   at DataCore.Classes.EquationEvaluator.Compile() in C:\Projects\Blueocean\Link\LinkManager\Cores\DataCore\DataCore\Classes\EquationEvaluator.cs:line 86
   at DataCore.Classes.Equation..ctor(Core core, String equation) in C:\Projects\Blueocean\Link\LinkManager\Cores\DataCore\DataCore\Classes\Equation.cs:line 68]]></Error>
    <Equation><![CDATA[return ;]]></Equation>
  </Log>
  <Log Timestamp="05/02/2016 13:59:47">
    <Error><![CDATA[System.Exception: An object of a type convertible to 'object' is required
   at DataCore.Classes.EquationEvaluator.Compile() in C:\Projects\Blueocean\Link\LinkManager\Cores\DataCore\DataCore\Classes\EquationEvaluator.cs:line 86
   at DataCore.Classes.Equation..ctor(Core core, String equation) in C:\Projects\Blueocean\Link\LinkManager\Cores\DataCore\DataCore\Classes\Equation.cs:line 68]]></Error>
    <Equation><![CDATA[return ;]]></Equation>
  </Log>
  <Log Timestamp="05/02/2016 13:59:48">
    <Error><![CDATA[System.Exception: An object of a type convertible to 'object' is required
   at DataCore.Classes.EquationEvaluator.Compile() in C:\Projects\Blueocean\Link\LinkManager\Cores\DataCore\DataCore\Classes\EquationEvaluator.cs:line 86
   at DataCore.Classes.Equation..ctor(Core core, String equation) in C:\Projects\Blueocean\Link\LinkManager\Cores\DataCore\DataCore\Classes\Equation.cs:line 68]]></Error>
    <Equation><![CDATA[return ;]]></Equation>
  </Log>
  <Log Timestamp="05/02/2016 13:59:48">
    <Error><![CDATA[System.Exception: An object of a type convertible to 'object' is required
   at DataCore.Classes.EquationEvaluator.Compile() in C:\Projects\Blueocean\Link\LinkManager\Cores\DataCore\DataCore\Classes\EquationEvaluator.cs:line 86
   at DataCore.Classes.Equation..ctor(Core core, String equation) in C:\Projects\Blueocean\Link\LinkManager\Cores\DataCore\DataCore\Classes\Equation.cs:line 68]]></Error>
    <Equation><![CDATA[return ;]]></Equation>
  </Log>
  <Log Timestamp="05/02/2016 13:59:52">
    <Error><![CDATA[System.Exception: An object of a type convertible to 'object' is required
   at DataCore.Classes.EquationEvaluator.Compile() in C:\Projects\Blueocean\Link\LinkManager\Cores\DataCore\DataCore\Classes\EquationEvaluator.cs:line 86
   at DataCore.Classes.Equation..ctor(Core core, String equation) in C:\Projects\Blueocean\Link\LinkManager\Cores\DataCore\DataCore\Classes\Equation.cs:line 68]]></Error>
    <Equation><![CDATA[return ;]]></Equation>
  </Log>
  <Log Timestamp="05/02/2016 13:59:53">
    <Error><![CDATA[System.Exception: An object of a type convertible to 'object' is required
   at DataCore.Classes.EquationEvaluator.Compile() in C:\Projects\Blueocean\Link\LinkManager\Cores\DataCore\DataCore\Classes\EquationEvaluator.cs:line 86
   at DataCore.Classes.Equation..ctor(Core core, String equation) in C:\Projects\Blueocean\Link\LinkManager\Cores\DataCore\DataCore\Classes\Equation.cs:line 68]]></Error>
    <Equation><![CDATA[return ;]]></Equation>
  </Log>
  <Log Timestamp="05/02/2016 13:59:53">
    <Error><![CDATA[System.Exception: An object of a type convertible to 'object' is required
   at DataCore.Classes.EquationEvaluator.Compile() in C:\Projects\Blueocean\Link\LinkManager\Cores\DataCore\DataCore\Classes\EquationEvaluator.cs:line 86
   at DataCore.Classes.Equation..ctor(Core core, String equation) in C:\Projects\Blueocean\Link\LinkManager\Cores\DataCore\DataCore\Classes\Equation.cs:line 68]]></Error>
    <Equation><![CDATA[return ;]]></Equation>
  </Log>
  <Log Timestamp="05/02/2016 13:59:57">
    <Error><![CDATA[System.Exception: An object of a type convertible to 'object' is required
   at DataCore.Classes.EquationEvaluator.Compile() in C:\Projects\Blueocean\Link\LinkManager\Cores\DataCore\DataCore\Classes\EquationEvaluator.cs:line 86
   at DataCore.Classes.Equation..ctor(Core core, String equation) in C:\Projects\Blueocean\Link\LinkManager\Cores\DataCore\DataCore\Classes\Equation.cs:line 68]]></Error>
    <Equation><![CDATA[return ;]]></Equation>
  </Log>
  <Log Timestamp="05/02/2016 13:59:58">
    <Error><![CDATA[System.Exception: An object of a type convertible to 'object' is required
   at DataCore.Classes.EquationEvaluator.Compile() in C:\Projects\Blueocean\Link\LinkManager\Cores\DataCore\DataCore\Classes\EquationEvaluator.cs:line 86
   at DataCore.Classes.Equation..ctor(Core core, String equation) in C:\Projects\Blueocean\Link\LinkManager\Cores\DataCore\DataCore\Classes\Equation.cs:line 68]]></Error>
    <Equation><![CDATA[return ;]]></Equation>
  </Log>
  <Log Timestamp="05/02/2016 13:59:58">
    <Error><![CDATA[System.Exception: An object of a type convertible to 'object' is required
   at DataCore.Classes.EquationEvaluator.Compile() in C:\Projects\Blueocean\Link\LinkManager\Cores\DataCore\DataCore\Classes\EquationEvaluator.cs:line 86
   at DataCore.Classes.Equation..ctor(Core core, String equation) in C:\Projects\Blueocean\Link\LinkManager\Cores\DataCore\DataCore\Classes\Equation.cs:line 68]]></Error>
    <Equation><![CDATA[return ;]]></Equation>
  </Log>
  <Log Timestamp="05/02/2016 14:00:02">
    <Error><![CDATA[System.Exception: An object of a type convertible to 'object' is required
   at DataCore.Classes.EquationEvaluator.Compile() in C:\Projects\Blueocean\Link\LinkManager\Cores\DataCore\DataCore\Classes\EquationEvaluator.cs:line 86
   at DataCore.Classes.Equation..ctor(Core core, String equation) in C:\Projects\Blueocean\Link\LinkManager\Cores\DataCore\DataCore\Classes\Equation.cs:line 68]]></Error>
    <Equation><![CDATA[return ;]]></Equation>
  </Log>
  <Log Timestamp="05/02/2016 14:00:03">
    <Error><![CDATA[System.Exception: An object of a type convertible to 'object' is required
   at DataCore.Classes.EquationEvaluator.Compile() in C:\Projects\Blueocean\Link\LinkManager\Cores\DataCore\DataCore\Classes\EquationEvaluator.cs:line 86
   at DataCore.Classes.Equation..ctor(Core core, String equation) in C:\Projects\Blueocean\Link\LinkManager\Cores\DataCore\DataCore\Classes\Equation.cs:line 68]]></Error>
    <Equation><![CDATA[return ;]]></Equation>
  </Log>
  <Log Timestamp="05/02/2016 14:00:03">
    <Error><![CDATA[System.Exception: An object of a type convertible to 'object' is required
   at DataCore.Classes.EquationEvaluator.Compile() in C:\Projects\Blueocean\Link\LinkManager\Cores\DataCore\DataCore\Classes\EquationEvaluator.cs:line 86
   at DataCore.Classes.Equation..ctor(Core core, String equation) in C:\Projects\Blueocean\Link\LinkManager\Cores\DataCore\DataCore\Classes\Equation.cs:line 68]]></Error>
    <Equation><![CDATA[return ;]]></Equation>
  </Log>
  <Log Timestamp="05/02/2016 14:00:08">
    <Error><![CDATA[System.Exception: An object of a type convertible to 'object' is required
   at DataCore.Classes.EquationEvaluator.Compile() in C:\Projects\Blueocean\Link\LinkManager\Cores\DataCore\DataCore\Classes\EquationEvaluator.cs:line 86
   at DataCore.Classes.Equation..ctor(Core core, String equation) in C:\Projects\Blueocean\Link\LinkManager\Cores\DataCore\DataCore\Classes\Equation.cs:line 68]]></Error>
    <Equation><![CDATA[return ;]]></Equation>
  </Log>
  <Log Timestamp="05/02/2016 14:00:09">
    <Error><![CDATA[System.Exception: An object of a type convertible to 'object' is required
   at DataCore.Classes.EquationEvaluator.Compile() in C:\Projects\Blueocean\Link\LinkManager\Cores\DataCore\DataCore\Classes\EquationEvaluator.cs:line 86
   at DataCore.Classes.Equation..ctor(Core core, String equation) in C:\Projects\Blueocean\Link\LinkManager\Cores\DataCore\DataCore\Classes\Equation.cs:line 68]]></Error>
    <Equation><![CDATA[return ;]]></Equation>
  </Log>
  <Log Timestamp="05/02/2016 14:00:10">
    <Error><![CDATA[System.Exception: An object of a type convertible to 'object' is required
   at DataCore.Classes.EquationEvaluator.Compile() in C:\Projects\Blueocean\Link\LinkManager\Cores\DataCore\DataCore\Classes\EquationEvaluator.cs:line 86
   at DataCore.Classes.Equation..ctor(Core core, String equation) in C:\Projects\Blueocean\Link\LinkManager\Cores\DataCore\DataCore\Classes\Equation.cs:line 68]]></Error>
    <Equation><![CDATA[return ;]]></Equation>
  </Log>
  <Log Timestamp="05/02/2016 14:00:12">
    <Error><![CDATA[System.Exception: An object of a type convertible to 'object' is required
   at DataCore.Classes.EquationEvaluator.Compile() in C:\Projects\Blueocean\Link\LinkManager\Cores\DataCore\DataCore\Classes\EquationEvaluator.cs:line 86
   at DataCore.Classes.Equation..ctor(Core core, String equation) in C:\Projects\Blueocean\Link\LinkManager\Cores\DataCore\DataCore\Classes\Equation.cs:line 68]]></Error>
    <Equation><![CDATA[return ;]]></Equation>
  </Log>
  <Log Timestamp="05/02/2016 14:00:13">
    <Error><![CDATA[System.Exception: An object of a type convertible to 'object' is required
   at DataCore.Classes.EquationEvaluator.Compile() in C:\Projects\Blueocean\Link\LinkManager\Cores\DataCore\DataCore\Classes\EquationEvaluator.cs:line 86
   at DataCore.Classes.Equation..ctor(Core core, String equation) in C:\Projects\Blueocean\Link\LinkManager\Cores\DataCore\DataCore\Classes\Equation.cs:line 68]]></Error>
    <Equation><![CDATA[return ;]]></Equation>
  </Log>
  <Log Timestamp="05/02/2016 14:00:13">
    <Error><![CDATA[System.Exception: An object of a type convertible to 'object' is required
   at DataCore.Classes.EquationEvaluator.Compile() in C:\Projects\Blueocean\Link\LinkManager\Cores\DataCore\DataCore\Classes\EquationEvaluator.cs:line 86
   at DataCore.Classes.Equation..ctor(Core core, String equation) in C:\Projects\Blueocean\Link\LinkManager\Cores\DataCore\DataCore\Classes\Equation.cs:line 68]]></Error>
    <Equation><![CDATA[return ;]]></Equation>
  </Log>
  <Log Timestamp="05/02/2016 14:00:18">
    <Error><![CDATA[System.Exception: An object of a type convertible to 'object' is required
   at DataCore.Classes.EquationEvaluator.Compile() in C:\Projects\Blueocean\Link\LinkManager\Cores\DataCore\DataCore\Classes\EquationEvaluator.cs:line 86
   at DataCore.Classes.Equation..ctor(Core core, String equation) in C:\Projects\Blueocean\Link\LinkManager\Cores\DataCore\DataCore\Classes\Equation.cs:line 68]]></Error>
    <Equation><![CDATA[return ;]]></Equation>
  </Log>
  <Log Timestamp="05/02/2016 14:00:19">
    <Error><![CDATA[System.Exception: An object of a type convertible to 'object' is required
   at DataCore.Classes.EquationEvaluator.Compile() in C:\Projects\Blueocean\Link\LinkManager\Cores\DataCore\DataCore\Classes\EquationEvaluator.cs:line 86
   at DataCore.Classes.Equation..ctor(Core core, String equation) in C:\Projects\Blueocean\Link\LinkManager\Cores\DataCore\DataCore\Classes\Equation.cs:line 68]]></Error>
    <Equation><![CDATA[return ;]]></Equation>
  </Log>
  <Log Timestamp="05/02/2016 14:00:20">
    <Error><![CDATA[System.Exception: An object of a type convertible to 'object' is required
   at DataCore.Classes.EquationEvaluator.Compile() in C:\Projects\Blueocean\Link\LinkManager\Cores\DataCore\DataCore\Classes\EquationEvaluator.cs:line 86
   at DataCore.Classes.Equation..ctor(Core core, String equation) in C:\Projects\Blueocean\Link\LinkManager\Cores\DataCore\DataCore\Classes\Equation.cs:line 68]]></Error>
    <Equation><![CDATA[return ;]]></Equation>
  </Log>
  <Log Timestamp="05/02/2016 14:00:22">
    <Error><![CDATA[System.Exception: An object of a type convertible to 'object' is required
   at DataCore.Classes.EquationEvaluator.Compile() in C:\Projects\Blueocean\Link\LinkManager\Cores\DataCore\DataCore\Classes\EquationEvaluator.cs:line 86
   at DataCore.Classes.Equation..ctor(Core core, String equation) in C:\Projects\Blueocean\Link\LinkManager\Cores\DataCore\DataCore\Classes\Equation.cs:line 68]]></Error>
    <Equation><![CDATA[return ;]]></Equation>
  </Log>
  <Log Timestamp="05/02/2016 14:00:23">
    <Error><![CDATA[System.Exception: An object of a type convertible to 'object' is required
   at DataCore.Classes.EquationEvaluator.Compile() in C:\Projects\Blueocean\Link\LinkManager\Cores\DataCore\DataCore\Classes\EquationEvaluator.cs:line 86
   at DataCore.Classes.Equation..ctor(Core core, String equation) in C:\Projects\Blueocean\Link\LinkManager\Cores\DataCore\DataCore\Classes\Equation.cs:line 68]]></Error>
    <Equation><![CDATA[return ;]]></Equation>
  </Log>
  <Log Timestamp="05/02/2016 14:00:24">
    <Error><![CDATA[System.Exception: An object of a type convertible to 'object' is required
   at DataCore.Classes.EquationEvaluator.Compile() in C:\Projects\Blueocean\Link\LinkManager\Cores\DataCore\DataCore\Classes\EquationEvaluator.cs:line 86
   at DataCore.Classes.Equation..ctor(Core core, String equation) in C:\Projects\Blueocean\Link\LinkManager\Cores\DataCore\DataCore\Classes\Equation.cs:line 68]]></Error>
    <Equation><![CDATA[return ;]]></Equation>
  </Log>
  <Log Timestamp="05/02/2016 14:00:28">
    <Error><![CDATA[System.Exception: An object of a type convertible to 'object' is required
   at DataCore.Classes.EquationEvaluator.Compile() in C:\Projects\Blueocean\Link\LinkManager\Cores\DataCore\DataCore\Classes\EquationEvaluator.cs:line 86
   at DataCore.Classes.Equation..ctor(Core core, String equation) in C:\Projects\Blueocean\Link\LinkManager\Cores\DataCore\DataCore\Classes\Equation.cs:line 68]]></Error>
    <Equation><![CDATA[return ;]]></Equation>
  </Log>
  <Log Timestamp="05/02/2016 14:00:29">
    <Error><![CDATA[System.Exception: An object of a type convertible to 'object' is required
   at DataCore.Classes.EquationEvaluator.Compile() in C:\Projects\Blueocean\Link\LinkManager\Cores\DataCore\DataCore\Classes\EquationEvaluator.cs:line 86
   at DataCore.Classes.Equation..ctor(Core core, String equation) in C:\Projects\Blueocean\Link\LinkManager\Cores\DataCore\DataCore\Classes\Equation.cs:line 68]]></Error>
    <Equation><![CDATA[return ;]]></Equation>
  </Log>
  <Log Timestamp="05/02/2016 14:00:29">
    <Error><![CDATA[System.Exception: An object of a type convertible to 'object' is required
   at DataCore.Classes.EquationEvaluator.Compile() in C:\Projects\Blueocean\Link\LinkManager\Cores\DataCore\DataCore\Classes\EquationEvaluator.cs:line 86
   at DataCore.Classes.Equation..ctor(Core core, String equation) in C:\Projects\Blueocean\Link\LinkManager\Cores\DataCore\DataCore\Classes\Equation.cs:line 68]]></Error>
    <Equation><![CDATA[return ;]]></Equation>
  </Log>
  <Log Timestamp="05/02/2016 14:00:32">
    <Error><![CDATA[System.Exception: An object of a type convertible to 'object' is required
   at DataCore.Classes.EquationEvaluator.Compile() in C:\Projects\Blueocean\Link\LinkManager\Cores\DataCore\DataCore\Classes\EquationEvaluator.cs:line 86
   at DataCore.Classes.Equation..ctor(Core core, String equation) in C:\Projects\Blueocean\Link\LinkManager\Cores\DataCore\DataCore\Classes\Equation.cs:line 68]]></Error>
    <Equation><![CDATA[return ;]]></Equation>
  </Log>
  <Log Timestamp="05/02/2016 14:00:33">
    <Error><![CDATA[System.Exception: An object of a type convertible to 'object' is required
   at DataCore.Classes.EquationEvaluator.Compile() in C:\Projects\Blueocean\Link\LinkManager\Cores\DataCore\DataCore\Classes\EquationEvaluator.cs:line 86
   at DataCore.Classes.Equation..ctor(Core core, String equation) in C:\Projects\Blueocean\Link\LinkManager\Cores\DataCore\DataCore\Classes\Equation.cs:line 68]]></Error>
    <Equation><![CDATA[return ;]]></Equation>
  </Log>
  <Log Timestamp="05/02/2016 14:00:37">
    <Error><![CDATA[System.Exception: An object of a type convertible to 'object' is required
   at DataCore.Classes.EquationEvaluator.Compile() in C:\Projects\Blueocean\Link\LinkManager\Cores\DataCore\DataCore\Classes\EquationEvaluator.cs:line 86
   at DataCore.Classes.Equation..ctor(Core core, String equation) in C:\Projects\Blueocean\Link\LinkManager\Cores\DataCore\DataCore\Classes\Equation.cs:line 68]]></Error>
    <Equation><![CDATA[return ;]]></Equation>
  </Log>
  <Log Timestamp="05/02/2016 14:00:38">
    <Error><![CDATA[System.Exception: An object of a type convertible to 'object' is required
   at DataCore.Classes.EquationEvaluator.Compile() in C:\Projects\Blueocean\Link\LinkManager\Cores\DataCore\DataCore\Classes\EquationEvaluator.cs:line 86
   at DataCore.Classes.Equation..ctor(Core core, String equation) in C:\Projects\Blueocean\Link\LinkManager\Cores\DataCore\DataCore\Classes\Equation.cs:line 68]]></Error>
    <Equation><![CDATA[return ;]]></Equation>
  </Log>
  <Log Timestamp="05/02/2016 14:00:38">
    <Error><![CDATA[System.Exception: An object of a type convertible to 'object' is required
   at DataCore.Classes.EquationEvaluator.Compile() in C:\Projects\Blueocean\Link\LinkManager\Cores\DataCore\DataCore\Classes\EquationEvaluator.cs:line 86
   at DataCore.Classes.Equation..ctor(Core core, String equation) in C:\Projects\Blueocean\Link\LinkManager\Cores\DataCore\DataCore\Classes\Equation.cs:line 68]]></Error>
    <Equation><![CDATA[return ;]]></Equation>
  </Log>
  <Log Timestamp="05/02/2016 14:00:39">
    <Error><![CDATA[System.Exception: An object of a type convertible to 'object' is required
   at DataCore.Classes.EquationEvaluator.Compile() in C:\Projects\Blueocean\Link\LinkManager\Cores\DataCore\DataCore\Classes\EquationEvaluator.cs:line 86
   at DataCore.Classes.Equation..ctor(Core core, String equation) in C:\Projects\Blueocean\Link\LinkManager\Cores\DataCore\DataCore\Classes\Equation.cs:line 68]]></Error>
    <Equation><![CDATA[return ;]]></Equation>
  </Log>
  <Log Timestamp="05/02/2016 14:00:42">
    <Error><![CDATA[System.Exception: An object of a type convertible to 'object' is required
   at DataCore.Classes.EquationEvaluator.Compile() in C:\Projects\Blueocean\Link\LinkManager\Cores\DataCore\DataCore\Classes\EquationEvaluator.cs:line 86
   at DataCore.Classes.Equation..ctor(Core core, String equation) in C:\Projects\Blueocean\Link\LinkManager\Cores\DataCore\DataCore\Classes\Equation.cs:line 68]]></Error>
    <Equation><![CDATA[return ;]]></Equation>
  </Log>
  <Log Timestamp="05/02/2016 14:00:43">
    <Error><![CDATA[System.Exception: An object of a type convertible to 'object' is required
   at DataCore.Classes.EquationEvaluator.Compile() in C:\Projects\Blueocean\Link\LinkManager\Cores\DataCore\DataCore\Classes\EquationEvaluator.cs:line 86
   at DataCore.Classes.Equation..ctor(Core core, String equation) in C:\Projects\Blueocean\Link\LinkManager\Cores\DataCore\DataCore\Classes\Equation.cs:line 68]]></Error>
    <Equation><![CDATA[return ;]]></Equation>
  </Log>
  <Log Timestamp="05/02/2016 14:00:43">
    <Error><![CDATA[System.Exception: An object of a type convertible to 'object' is required
   at DataCore.Classes.EquationEvaluator.Compile() in C:\Projects\Blueocean\Link\LinkManager\Cores\DataCore\DataCore\Classes\EquationEvaluator.cs:line 86
   at DataCore.Classes.Equation..ctor(Core core, String equation) in C:\Projects\Blueocean\Link\LinkManager\Cores\DataCore\DataCore\Classes\Equation.cs:line 68]]></Error>
    <Equation><![CDATA[return ;]]></Equation>
  </Log>
</Logs>