<Logs>
  <Log Timestamp="03/02/2016 10:43:52">
    <Error><![CDATA[System.Exception: No overload for method 'R' takes 1 arguments
   at DataCore.Classes.EquationEvaluator.Compile() in C:\Projects\Blueocean\Link\LinkManager\Cores\DataCore\DataCore\Classes\EquationEvaluator.cs:line 86
   at DataCore.Classes.Equation..ctor(Core core, String equation) in C:\Projects\Blueocean\Link\LinkManager\Cores\DataCore\DataCore\Classes\Equation.cs:line 65]]></Error>
    <Equation><![CDATA[Include.R("var_group1 <- c("+[AgeofRespondent.14to17yearsold!Gender.Male!]+", " + [AgeofRespondent.14to15yearsold!Gender.Male!]+ ")"); Include.R("var_group2 <- c("+[AgeofRespondent.14to17yearsold!Gender.Female!]+", " + [AgeofRespondent.14to15yearsold!Gender.Female!]+ ")");  return 1000;  return Include.R<double[]>("t.test(var_group1, var_group2)")[0];]]></Equation>
  </Log>
  <Log Timestamp="03/02/2016 10:44:00">
    <Error><![CDATA[System.Exception: No overload for method 'R' takes 1 arguments
   at DataCore.Classes.EquationEvaluator.Compile() in C:\Projects\Blueocean\Link\LinkManager\Cores\DataCore\DataCore\Classes\EquationEvaluator.cs:line 86
   at DataCore.Classes.Equation..ctor(Core core, String equation) in C:\Projects\Blueocean\Link\LinkManager\Cores\DataCore\DataCore\Classes\Equation.cs:line 65]]></Error>
    <Equation><![CDATA[Include.R("var_group1 <- c("+[AgeofRespondent.14to17yearsold!Gender.Male!]+", " + [AgeofRespondent.14to15yearsold!Gender.Male!]+ ")"); Include.R("var_group2 <- c("+[AgeofRespondent.14to17yearsold!Gender.Female!]+", " + [AgeofRespondent.14to15yearsold!Gender.Female!]+ ")");  return 1000;  return Include.R<double[]>("t.test(var_group1, var_group2)")[0];]]></Equation>
  </Log>
  <Log Timestamp="03/02/2016 10:57:46">
    <Error><![CDATA[System.Exception: ; expected
   at DataCore.Classes.EquationEvaluator.Compile() in C:\Projects\Blueocean\Link\LinkManager\Cores\DataCore\DataCore\Classes\EquationEvaluator.cs:line 86
   at DataCore.Classes.Equation..ctor(Core core, String equation) in C:\Projects\Blueocean\Link\LinkManager\Cores\DataCore\DataCore\Classes\Equation.cs:line 65]]></Error>
    <Equation><![CDATA[Include.R("var_alligator = data.frame("+ "  var_lnLength = c("+ [gender.Female$NONE$] +", "+ [gender.Male$NONE$] +"),"+ "  var_lnWeight = c("+ [gender.Female] +", "+ [gender.Male] +")"+ ")"));  Include.R("var_allimod1 = lm(var_lnWeight ~ var_lnLength, data = var_alligator)");  return Include.R<double[]>("summary(var_allimod1)", "r.squared")[0];]]></Equation>
  </Log>
  <Log Timestamp="03/02/2016 15:38:43">
    <Error><![CDATA[System.Exception: Invalid expression term 'double'
   at DataCore.Classes.EquationEvaluator.Compile() in C:\Projects\Blueocean\Link\LinkManager\Cores\DataCore\DataCore\Classes\EquationEvaluator.cs:line 86
   at DataCore.Classes.Equation..ctor(Core core, String equation) in C:\Projects\Blueocean\Link\LinkManager\Cores\DataCore\DataCore\Classes\Equation.cs:line 65]]></Error>
    <Equation><![CDATA[return double([gender.Male]);]]></Equation>
  </Log>
  <Log Timestamp="03/02/2016 15:38:53">
    <Error><![CDATA[System.Exception: Invalid expression term 'double'
   at DataCore.Classes.EquationEvaluator.Compile() in C:\Projects\Blueocean\Link\LinkManager\Cores\DataCore\DataCore\Classes\EquationEvaluator.cs:line 86
   at DataCore.Classes.Equation..ctor(Core core, String equation) in C:\Projects\Blueocean\Link\LinkManager\Cores\DataCore\DataCore\Classes\Equation.cs:line 65]]></Error>
    <Equation><![CDATA[return double([age._11_16_years]);]]></Equation>
  </Log>
  <Log Timestamp="03/02/2016 15:39:02">
    <Error><![CDATA[System.Exception: Invalid expression term 'double'
   at DataCore.Classes.EquationEvaluator.Compile() in C:\Projects\Blueocean\Link\LinkManager\Cores\DataCore\DataCore\Classes\EquationEvaluator.cs:line 86
   at DataCore.Classes.Equation..ctor(Core core, String equation) in C:\Projects\Blueocean\Link\LinkManager\Cores\DataCore\DataCore\Classes\Equation.cs:line 65]]></Error>
    <Equation><![CDATA[return double([age._11_16_years]);]]></Equation>
  </Log>
  <Log Timestamp="03/02/2016 15:41:46">
    <Error><![CDATA[System.Exception: Invalid expression term 'double'
   at DataCore.Classes.EquationEvaluator.Compile() in C:\Projects\Blueocean\Link\LinkManager\Cores\DataCore\DataCore\Classes\EquationEvaluator.cs:line 86
   at DataCore.Classes.Equation..ctor(Core core, String equation) in C:\Projects\Blueocean\Link\LinkManager\Cores\DataCore\DataCore\Classes\Equation.cs:line 65]]></Error>
    <Equation><![CDATA[return double([age._11_16_years]);]]></Equation>
  </Log>
  <Log Timestamp="03/02/2016 15:41:48">
    <Error><![CDATA[System.Exception: Invalid expression term 'double'
   at DataCore.Classes.EquationEvaluator.Compile() in C:\Projects\Blueocean\Link\LinkManager\Cores\DataCore\DataCore\Classes\EquationEvaluator.cs:line 86
   at DataCore.Classes.Equation..ctor(Core core, String equation) in C:\Projects\Blueocean\Link\LinkManager\Cores\DataCore\DataCore\Classes\Equation.cs:line 65]]></Error>
    <Equation><![CDATA[return double([age._11_16_years]);]]></Equation>
  </Log>
  <Log Timestamp="03/02/2016 15:41:54">
    <Error><![CDATA[System.Exception: Invalid expression term 'double'
   at DataCore.Classes.EquationEvaluator.Compile() in C:\Projects\Blueocean\Link\LinkManager\Cores\DataCore\DataCore\Classes\EquationEvaluator.cs:line 86
   at DataCore.Classes.Equation..ctor(Core core, String equation) in C:\Projects\Blueocean\Link\LinkManager\Cores\DataCore\DataCore\Classes\Equation.cs:line 65]]></Error>
    <Equation><![CDATA[return double([age._11_16_years]);]]></Equation>
  </Log>
  <Log Timestamp="03/02/2016 15:42:43">
    <Error><![CDATA[System.Exception: Invalid expression term 'double'
   at DataCore.Classes.EquationEvaluator.Compile() in C:\Projects\Blueocean\Link\LinkManager\Cores\DataCore\DataCore\Classes\EquationEvaluator.cs:line 86
   at DataCore.Classes.Equation..ctor(Core core, String equation) in C:\Projects\Blueocean\Link\LinkManager\Cores\DataCore\DataCore\Classes\Equation.cs:line 65]]></Error>
    <Equation><![CDATA[return double([age._11_16_years]);]]></Equation>
  </Log>
  <Log Timestamp="03/02/2016 15:42:43">
    <Error><![CDATA[System.Exception: Invalid expression term 'double'
   at DataCore.Classes.EquationEvaluator.Compile() in C:\Projects\Blueocean\Link\LinkManager\Cores\DataCore\DataCore\Classes\EquationEvaluator.cs:line 86
   at DataCore.Classes.Equation..ctor(Core core, String equation) in C:\Projects\Blueocean\Link\LinkManager\Cores\DataCore\DataCore\Classes\Equation.cs:line 65]]></Error>
    <Equation><![CDATA[return double([age._11_16_years]);]]></Equation>
  </Log>
  <Log Timestamp="03/02/2016 15:42:47">
    <Error><![CDATA[System.Exception: Invalid expression term 'double'
   at DataCore.Classes.EquationEvaluator.Compile() in C:\Projects\Blueocean\Link\LinkManager\Cores\DataCore\DataCore\Classes\EquationEvaluator.cs:line 86
   at DataCore.Classes.Equation..ctor(Core core, String equation) in C:\Projects\Blueocean\Link\LinkManager\Cores\DataCore\DataCore\Classes\Equation.cs:line 65]]></Error>
    <Equation><![CDATA[return double([age._11_16_years]);]]></Equation>
  </Log>
  <Log Timestamp="03/02/2016 15:42:51">
    <Error><![CDATA[System.Exception: Invalid expression term 'double'
   at DataCore.Classes.EquationEvaluator.Compile() in C:\Projects\Blueocean\Link\LinkManager\Cores\DataCore\DataCore\Classes\EquationEvaluator.cs:line 86
   at DataCore.Classes.Equation..ctor(Core core, String equation) in C:\Projects\Blueocean\Link\LinkManager\Cores\DataCore\DataCore\Classes\Equation.cs:line 65]]></Error>
    <Equation><![CDATA[return double([age._11_16_years]);]]></Equation>
  </Log>
  <Log Timestamp="03/02/2016 15:42:51">
    <Error><![CDATA[System.Exception: Invalid expression term 'double'
   at DataCore.Classes.EquationEvaluator.Compile() in C:\Projects\Blueocean\Link\LinkManager\Cores\DataCore\DataCore\Classes\EquationEvaluator.cs:line 86
   at DataCore.Classes.Equation..ctor(Core core, String equation) in C:\Projects\Blueocean\Link\LinkManager\Cores\DataCore\DataCore\Classes\Equation.cs:line 65]]></Error>
    <Equation><![CDATA[return double([age._11_16_years]);]]></Equation>
  </Log>
  <Log Timestamp="03/02/2016 16:11:02">
    <Error><![CDATA[System.Exception: Invalid expression term 'double'
   at DataCore.Classes.EquationEvaluator.Compile() in C:\Projects\Blueocean\Link\LinkManager\Cores\DataCore\DataCore\Classes\EquationEvaluator.cs:line 86
   at DataCore.Classes.Equation..ctor(Core core, String equation) in C:\Projects\Blueocean\Link\LinkManager\Cores\DataCore\DataCore\Classes\Equation.cs:line 65]]></Error>
    <Equation><![CDATA[return double([age._11_16_years]);]]></Equation>
  </Log>
  <Log Timestamp="03/02/2016 16:11:59">
    <Error><![CDATA[System.Exception: Invalid expression term 'double'
   at DataCore.Classes.EquationEvaluator.Compile() in C:\Projects\Blueocean\Link\LinkManager\Cores\DataCore\DataCore\Classes\EquationEvaluator.cs:line 86
   at DataCore.Classes.Equation..ctor(Core core, String equation) in C:\Projects\Blueocean\Link\LinkManager\Cores\DataCore\DataCore\Classes\Equation.cs:line 65]]></Error>
    <Equation><![CDATA[return double([age._11_16_years]);]]></Equation>
  </Log>
  <Log Timestamp="03/02/2016 16:12:34">
    <Error><![CDATA[System.Exception: Invalid expression term 'double'
   at DataCore.Classes.EquationEvaluator.Compile() in C:\Projects\Blueocean\Link\LinkManager\Cores\DataCore\DataCore\Classes\EquationEvaluator.cs:line 86
   at DataCore.Classes.Equation..ctor(Core core, String equation) in C:\Projects\Blueocean\Link\LinkManager\Cores\DataCore\DataCore\Classes\Equation.cs:line 65]]></Error>
    <Equation><![CDATA[return double([age._11_16_years]);]]></Equation>
  </Log>
  <Log Timestamp="03/02/2016 16:13:02">
    <Error><![CDATA[System.Exception: Invalid expression term 'double'
   at DataCore.Classes.EquationEvaluator.Compile() in C:\Projects\Blueocean\Link\LinkManager\Cores\DataCore\DataCore\Classes\EquationEvaluator.cs:line 86
   at DataCore.Classes.Equation..ctor(Core core, String equation) in C:\Projects\Blueocean\Link\LinkManager\Cores\DataCore\DataCore\Classes\Equation.cs:line 65]]></Error>
    <Equation><![CDATA[return double([age._11_16_years]);]]></Equation>
  </Log>
  <Log Timestamp="03/02/2016 16:13:19">
    <Error><![CDATA[System.Exception: Invalid expression term 'double'
   at DataCore.Classes.EquationEvaluator.Compile() in C:\Projects\Blueocean\Link\LinkManager\Cores\DataCore\DataCore\Classes\EquationEvaluator.cs:line 86
   at DataCore.Classes.Equation..ctor(Core core, String equation) in C:\Projects\Blueocean\Link\LinkManager\Cores\DataCore\DataCore\Classes\Equation.cs:line 65]]></Error>
    <Equation><![CDATA[return double([age._11_16_years]);  [sdjflkdsf.asdfhs];]]></Equation>
  </Log>
  <Log Timestamp="03/02/2016 16:13:54"><![CDATA[[InsecureEquationDetected]: return double([age._11_16_years])      skdjfgkld      [fdg.d];]]></Log>
  <Log Timestamp="03/02/2016 16:16:48">
    <Error><![CDATA[System.Exception: Invalid expression term 'double'
   at DataCore.Classes.EquationEvaluator.Compile() in C:\Projects\Blueocean\Link\LinkManager\Cores\DataCore\DataCore\Classes\EquationEvaluator.cs:line 86
   at DataCore.Classes.Equation..ctor(Core core, String equation) in C:\Projects\Blueocean\Link\LinkManager\Cores\DataCore\DataCore\Classes\Equation.cs:line 65]]></Error>
    <Equation><![CDATA[return double([age._11_16_years]);  [gender.dsfjk];]]></Equation>
  </Log>
  <Log Timestamp="03/02/2016 16:16:54">
    <Error><![CDATA[System.Exception: Invalid expression term 'double'
   at DataCore.Classes.EquationEvaluator.Compile() in C:\Projects\Blueocean\Link\LinkManager\Cores\DataCore\DataCore\Classes\EquationEvaluator.cs:line 86
   at DataCore.Classes.Equation..ctor(Core core, String equation) in C:\Projects\Blueocean\Link\LinkManager\Cores\DataCore\DataCore\Classes\Equation.cs:line 65]]></Error>
    <Equation><![CDATA[return double([age._11_16_years])  [gender.dsfjk];]]></Equation>
  </Log>
  <Log Timestamp="03/02/2016 16:17:05">
    <Error><![CDATA[System.Exception: Invalid expression term 'double'
   at DataCore.Classes.EquationEvaluator.Compile() in C:\Projects\Blueocean\Link\LinkManager\Cores\DataCore\DataCore\Classes\EquationEvaluator.cs:line 86
   at DataCore.Classes.Equation..ctor(Core core, String equation) in C:\Projects\Blueocean\Link\LinkManager\Cores\DataCore\DataCore\Classes\Equation.cs:line 65]]></Error>
    <Equation><![CDATA[return double([age._11_16_years])  double var_test = 100;;]]></Equation>
  </Log>
  <Log Timestamp="03/02/2016 16:17:11">
    <Error><![CDATA[System.Exception: ; expected
   at DataCore.Classes.EquationEvaluator.Compile() in C:\Projects\Blueocean\Link\LinkManager\Cores\DataCore\DataCore\Classes\EquationEvaluator.cs:line 86
   at DataCore.Classes.Equation..ctor(Core core, String equation) in C:\Projects\Blueocean\Link\LinkManager\Cores\DataCore\DataCore\Classes\Equation.cs:line 65]]></Error>
    <Equation><![CDATA[return [age._11_16_years]  double var_test = 100;;]]></Equation>
  </Log>
  <Log Timestamp="03/02/2016 16:18:18"><![CDATA[[InsecureEquationDetected]: return double test = [age._11_16_years];]]></Log>
  <Log Timestamp="03/02/2016 16:18:28">
    <Error><![CDATA[System.Exception: Invalid expression term 'double'
   at DataCore.Classes.EquationEvaluator.Compile() in C:\Projects\Blueocean\Link\LinkManager\Cores\DataCore\DataCore\Classes\EquationEvaluator.cs:line 86
   at DataCore.Classes.Equation..ctor(Core core, String equation) in C:\Projects\Blueocean\Link\LinkManager\Cores\DataCore\DataCore\Classes\Equation.cs:line 65]]></Error>
    <Equation><![CDATA[return double var_test = [age._11_16_years];;]]></Equation>
  </Log>
  <Log Timestamp="03/02/2016 16:18:46">
    <Error><![CDATA[System.Exception: Invalid expression term 'double'
   at DataCore.Classes.EquationEvaluator.Compile() in C:\Projects\Blueocean\Link\LinkManager\Cores\DataCore\DataCore\Classes\EquationEvaluator.cs:line 86
   at DataCore.Classes.Equation..ctor(Core core, String equation) in C:\Projects\Blueocean\Link\LinkManager\Cores\DataCore\DataCore\Classes\Equation.cs:line 65]]></Error>
    <Equation><![CDATA[return double var_test = [age._11_16_years];;]]></Equation>
  </Log>
  <Log Timestamp="03/02/2016 16:18:58">
    <Error><![CDATA[System.Exception: Invalid expression term 'double'
   at DataCore.Classes.EquationEvaluator.Compile() in C:\Projects\Blueocean\Link\LinkManager\Cores\DataCore\DataCore\Classes\EquationEvaluator.cs:line 86
   at DataCore.Classes.Equation..ctor(Core core, String equation) in C:\Projects\Blueocean\Link\LinkManager\Cores\DataCore\DataCore\Classes\Equation.cs:line 65]]></Error>
    <Equation><![CDATA[return double var_test = [age._11_16_years]; double var_test2 = [gender.Male];;]]></Equation>
  </Log>
  <Log Timestamp="03/02/2016 16:19:07">
    <Error><![CDATA[System.Exception: Invalid expression term 'double'
   at DataCore.Classes.EquationEvaluator.Compile() in C:\Projects\Blueocean\Link\LinkManager\Cores\DataCore\DataCore\Classes\EquationEvaluator.cs:line 86
   at DataCore.Classes.Equation..ctor(Core core, String equation) in C:\Projects\Blueocean\Link\LinkManager\Cores\DataCore\DataCore\Classes\Equation.cs:line 65]]></Error>
    <Equation><![CDATA[return  double var_test = [age._11_16_years]; double var_test2 = [gender.Male];;]]></Equation>
  </Log>
  <Log Timestamp="03/02/2016 16:19:12">
    <Error><![CDATA[System.Exception: Invalid expression term 'double'
   at DataCore.Classes.EquationEvaluator.Compile() in C:\Projects\Blueocean\Link\LinkManager\Cores\DataCore\DataCore\Classes\EquationEvaluator.cs:line 86
   at DataCore.Classes.Equation..ctor(Core core, String equation) in C:\Projects\Blueocean\Link\LinkManager\Cores\DataCore\DataCore\Classes\Equation.cs:line 65]]></Error>
    <Equation><![CDATA[return  double var_test = [age._11_16_years]; double var_test2 = [gender.Female];;]]></Equation>
  </Log>
  <Log Timestamp="03/02/2016 16:19:43">
    <Error><![CDATA[System.Exception: The name 'var_Test2' does not exist in the current context
   at DataCore.Classes.EquationEvaluator.Compile() in C:\Projects\Blueocean\Link\LinkManager\Cores\DataCore\DataCore\Classes\EquationEvaluator.cs:line 86
   at DataCore.Classes.Equation..ctor(Core core, String equation) in C:\Projects\Blueocean\Link\LinkManager\Cores\DataCore\DataCore\Classes\Equation.cs:line 65]]></Error>
    <Equation><![CDATA[double var_test = [age._11_16_years]; double var_test2 = [gender.Female];  return var_test + var_Test2;]]></Equation>
  </Log>
  <Log Timestamp="03/02/2016 16:19:58">
    <Error><![CDATA[System.Exception: Invalid expression term 'double'
   at DataCore.Classes.EquationEvaluator.Compile() in C:\Projects\Blueocean\Link\LinkManager\Cores\DataCore\DataCore\Classes\EquationEvaluator.cs:line 86
   at DataCore.Classes.Equation..ctor(Core core, String equation) in C:\Projects\Blueocean\Link\LinkManager\Cores\DataCore\DataCore\Classes\Equation.cs:line 65]]></Error>
    <Equation><![CDATA[return double var_test2 = [gender.Female];;]]></Equation>
  </Log>
  <Log Timestamp="03/02/2016 16:20:02">
    <Error><![CDATA[System.Exception: An object of a type convertible to 'object' is required
   at DataCore.Classes.EquationEvaluator.Compile() in C:\Projects\Blueocean\Link\LinkManager\Cores\DataCore\DataCore\Classes\EquationEvaluator.cs:line 86
   at DataCore.Classes.Equation..ctor(Core core, String equation) in C:\Projects\Blueocean\Link\LinkManager\Cores\DataCore\DataCore\Classes\Equation.cs:line 65]]></Error>
    <Equation><![CDATA[return ;]]></Equation>
  </Log>
  <Log Timestamp="03/02/2016 16:21:21">
    <Error><![CDATA[System.Exception: ; expected
   at DataCore.Classes.EquationEvaluator.Compile() in C:\Projects\Blueocean\Link\LinkManager\Cores\DataCore\DataCore\Classes\EquationEvaluator.cs:line 86
   at DataCore.Classes.Equation..ctor(Core core, String equation) in C:\Projects\Blueocean\Link\LinkManager\Cores\DataCore\DataCore\Classes\Equation.cs:line 65]]></Error>
    <Equation><![CDATA[return ""]]></Equation>
  </Log>
  <Log Timestamp="03/02/2016 16:23:34"><![CDATA[[InsecureEquationDetected]: return double[age._11_16_years];]]></Log>
  <Log Timestamp="03/02/2016 16:23:35">
    <Error><![CDATA[System.Exception: Invalid expression term 'double'
   at DataCore.Classes.EquationEvaluator.Compile() in C:\Projects\Blueocean\Link\LinkManager\Cores\DataCore\DataCore\Classes\EquationEvaluator.cs:line 86
   at DataCore.Classes.Equation..ctor(Core core, String equation) in C:\Projects\Blueocean\Link\LinkManager\Cores\DataCore\DataCore\Classes\Equation.cs:line 65]]></Error>
    <Equation><![CDATA[return double([age._11_16_years]);]]></Equation>
  </Log>
  <Log Timestamp="03/02/2016 16:23:36">
    <Error><![CDATA[System.Exception: Invalid expression term 'double'
   at DataCore.Classes.EquationEvaluator.Compile() in C:\Projects\Blueocean\Link\LinkManager\Cores\DataCore\DataCore\Classes\EquationEvaluator.cs:line 86
   at DataCore.Classes.Equation..ctor(Core core, String equation) in C:\Projects\Blueocean\Link\LinkManager\Cores\DataCore\DataCore\Classes\Equation.cs:line 65]]></Error>
    <Equation><![CDATA[return double([age._11_16_years]);]]></Equation>
  </Log>
  <Log Timestamp="03/02/2016 16:23:37">
    <Error><![CDATA[System.Exception: Invalid expression term 'double'
   at DataCore.Classes.EquationEvaluator.Compile() in C:\Projects\Blueocean\Link\LinkManager\Cores\DataCore\DataCore\Classes\EquationEvaluator.cs:line 86
   at DataCore.Classes.Equation..ctor(Core core, String equation) in C:\Projects\Blueocean\Link\LinkManager\Cores\DataCore\DataCore\Classes\Equation.cs:line 65]]></Error>
    <Equation><![CDATA[return double([age._11_16_years]);]]></Equation>
  </Log>
  <Log Timestamp="03/02/2016 16:23:38">
    <Error><![CDATA[System.Exception: Invalid expression term 'double'
   at DataCore.Classes.EquationEvaluator.Compile() in C:\Projects\Blueocean\Link\LinkManager\Cores\DataCore\DataCore\Classes\EquationEvaluator.cs:line 86
   at DataCore.Classes.Equation..ctor(Core core, String equation) in C:\Projects\Blueocean\Link\LinkManager\Cores\DataCore\DataCore\Classes\Equation.cs:line 65]]></Error>
    <Equation><![CDATA[return double([age._11_16_years]);]]></Equation>
  </Log>
  <Log Timestamp="03/02/2016 16:23:39">
    <Error><![CDATA[System.Exception: Invalid expression term 'double'
   at DataCore.Classes.EquationEvaluator.Compile() in C:\Projects\Blueocean\Link\LinkManager\Cores\DataCore\DataCore\Classes\EquationEvaluator.cs:line 86
   at DataCore.Classes.Equation..ctor(Core core, String equation) in C:\Projects\Blueocean\Link\LinkManager\Cores\DataCore\DataCore\Classes\Equation.cs:line 65]]></Error>
    <Equation><![CDATA[return double([age._11_16_years];]]></Equation>
  </Log>
  <Log Timestamp="03/02/2016 16:23:40"><![CDATA[[InsecureEquationDetected]: return double[age._11_16_years];]]></Log>
  <Log Timestamp="03/02/2016 16:23:41">
    <Error><![CDATA[System.Exception: Invalid expression term 'double'
   at DataCore.Classes.EquationEvaluator.Compile() in C:\Projects\Blueocean\Link\LinkManager\Cores\DataCore\DataCore\Classes\EquationEvaluator.cs:line 86
   at DataCore.Classes.Equation..ctor(Core core, String equation) in C:\Projects\Blueocean\Link\LinkManager\Cores\DataCore\DataCore\Classes\Equation.cs:line 65]]></Error>
    <Equation><![CDATA[return double [age._11_16_years];]]></Equation>
  </Log>
  <Log Timestamp="03/02/2016 16:23:43">
    <Error><![CDATA[System.Exception: Invalid expression term 'double'
   at DataCore.Classes.EquationEvaluator.Compile() in C:\Projects\Blueocean\Link\LinkManager\Cores\DataCore\DataCore\Classes\EquationEvaluator.cs:line 86
   at DataCore.Classes.Equation..ctor(Core core, String equation) in C:\Projects\Blueocean\Link\LinkManager\Cores\DataCore\DataCore\Classes\Equation.cs:line 65]]></Error>
    <Equation><![CDATA[return double var_Test [age._11_16_years];]]></Equation>
  </Log>
  <Log Timestamp="03/02/2016 16:23:44">
    <Error><![CDATA[System.Exception: Invalid expression term 'double'
   at DataCore.Classes.EquationEvaluator.Compile() in C:\Projects\Blueocean\Link\LinkManager\Cores\DataCore\DataCore\Classes\EquationEvaluator.cs:line 86
   at DataCore.Classes.Equation..ctor(Core core, String equation) in C:\Projects\Blueocean\Link\LinkManager\Cores\DataCore\DataCore\Classes\Equation.cs:line 65]]></Error>
    <Equation><![CDATA[return double var_[age._11_16_years];]]></Equation>
  </Log>
  <Log Timestamp="03/02/2016 16:23:45">
    <Error><![CDATA[System.Exception: Invalid expression term 'double'
   at DataCore.Classes.EquationEvaluator.Compile() in C:\Projects\Blueocean\Link\LinkManager\Cores\DataCore\DataCore\Classes\EquationEvaluator.cs:line 86
   at DataCore.Classes.Equation..ctor(Core core, String equation) in C:\Projects\Blueocean\Link\LinkManager\Cores\DataCore\DataCore\Classes\Equation.cs:line 65]]></Error>
    <Equation><![CDATA[return double var_test = [age._11_16_years];]]></Equation>
  </Log>
  <Log Timestamp="03/02/2016 16:23:46">
    <Error><![CDATA[System.Exception: Invalid expression term 'double'
   at DataCore.Classes.EquationEvaluator.Compile() in C:\Projects\Blueocean\Link\LinkManager\Cores\DataCore\DataCore\Classes\EquationEvaluator.cs:line 86
   at DataCore.Classes.Equation..ctor(Core core, String equation) in C:\Projects\Blueocean\Link\LinkManager\Cores\DataCore\DataCore\Classes\Equation.cs:line 65]]></Error>
    <Equation><![CDATA[return double var_test = [age._11_16_years];;]]></Equation>
  </Log>
  <Log Timestamp="03/02/2016 16:23:47">
    <Error><![CDATA[System.Exception: Invalid expression term 'double'
   at DataCore.Classes.EquationEvaluator.Compile() in C:\Projects\Blueocean\Link\LinkManager\Cores\DataCore\DataCore\Classes\EquationEvaluator.cs:line 86
   at DataCore.Classes.Equation..ctor(Core core, String equation) in C:\Projects\Blueocean\Link\LinkManager\Cores\DataCore\DataCore\Classes\Equation.cs:line 65]]></Error>
    <Equation><![CDATA[return double var_test = [age._11_16_years];  return;]]></Equation>
  </Log>
  <Log Timestamp="03/02/2016 16:23:48">
    <Error><![CDATA[System.Exception: ; expected
   at DataCore.Classes.EquationEvaluator.Compile() in C:\Projects\Blueocean\Link\LinkManager\Cores\DataCore\DataCore\Classes\EquationEvaluator.cs:line 86
   at DataCore.Classes.Equation..ctor(Core core, String equation) in C:\Projects\Blueocean\Link\LinkManager\Cores\DataCore\DataCore\Classes\Equation.cs:line 65]]></Error>
    <Equation><![CDATA[double var_test = [age._11_16_years];  return var_]]></Equation>
  </Log>
  <Log Timestamp="03/02/2016 16:24:15"><![CDATA[[InsecureEquationDetected]: return duo[age._11_16_years];]]></Log>
  <Log Timestamp="03/02/2016 16:24:16"><![CDATA[[InsecureEquationDetected]: return doub[age._11_16_years];]]></Log>
  <Log Timestamp="03/02/2016 16:24:17"><![CDATA[[InsecureEquationDetected]: return double var[age._11_16_years];]]></Log>
  <Log Timestamp="03/02/2016 16:24:18">
    <Error><![CDATA[System.Exception: Invalid expression term 'double'
   at DataCore.Classes.EquationEvaluator.Compile() in C:\Projects\Blueocean\Link\LinkManager\Cores\DataCore\DataCore\Classes\EquationEvaluator.cs:line 86
   at DataCore.Classes.Equation..ctor(Core core, String equation) in C:\Projects\Blueocean\Link\LinkManager\Cores\DataCore\DataCore\Classes\Equation.cs:line 65]]></Error>
    <Equation><![CDATA[return double var_Test =[age._11_16_years];]]></Equation>
  </Log>
  <Log Timestamp="03/02/2016 16:24:19">
    <Error><![CDATA[System.Exception: Invalid expression term 'double'
   at DataCore.Classes.EquationEvaluator.Compile() in C:\Projects\Blueocean\Link\LinkManager\Cores\DataCore\DataCore\Classes\EquationEvaluator.cs:line 86
   at DataCore.Classes.Equation..ctor(Core core, String equation) in C:\Projects\Blueocean\Link\LinkManager\Cores\DataCore\DataCore\Classes\Equation.cs:line 65]]></Error>
    <Equation><![CDATA[return double var_Test [age._11_16_years];]]></Equation>
  </Log>
  <Log Timestamp="03/02/2016 16:24:21">
    <Error><![CDATA[System.Exception: Invalid expression term 'double'
   at DataCore.Classes.EquationEvaluator.Compile() in C:\Projects\Blueocean\Link\LinkManager\Cores\DataCore\DataCore\Classes\EquationEvaluator.cs:line 86
   at DataCore.Classes.Equation..ctor(Core core, String equation) in C:\Projects\Blueocean\Link\LinkManager\Cores\DataCore\DataCore\Classes\Equation.cs:line 65]]></Error>
    <Equation><![CDATA[return double var_Test = [age._11_16_years];;]]></Equation>
  </Log>
  <Log Timestamp="03/02/2016 16:24:22">
    <Error><![CDATA[System.Exception: Invalid expression term 'double'
   at DataCore.Classes.EquationEvaluator.Compile() in C:\Projects\Blueocean\Link\LinkManager\Cores\DataCore\DataCore\Classes\EquationEvaluator.cs:line 86
   at DataCore.Classes.Equation..ctor(Core core, String equation) in C:\Projects\Blueocean\Link\LinkManager\Cores\DataCore\DataCore\Classes\Equation.cs:line 65]]></Error>
    <Equation><![CDATA[return double var_Test = [age._11_16_years];;]]></Equation>
  </Log>
  <Log Timestamp="03/02/2016 16:24:23"><![CDATA[[InsecureEquationDetected]: return double var_Test = [age._11_16_years];  re;]]></Log>
  <Log Timestamp="03/02/2016 16:24:24">
    <Error><![CDATA[System.Exception: Invalid expression term '}'
   at DataCore.Classes.EquationEvaluator.Compile() in C:\Projects\Blueocean\Link\LinkManager\Cores\DataCore\DataCore\Classes\EquationEvaluator.cs:line 86
   at DataCore.Classes.Equation..ctor(Core core, String equation) in C:\Projects\Blueocean\Link\LinkManager\Cores\DataCore\DataCore\Classes\Equation.cs:line 65]]></Error>
    <Equation><![CDATA[double var_Test = [age._11_16_years];  return ]]></Equation>
  </Log>
  <Log Timestamp="03/02/2016 16:25:33"><![CDATA[[InsecureEquationDetected]: return doubl[age._11_16_years];]]></Log>
  <Log Timestamp="03/02/2016 16:25:34"><![CDATA[[InsecureEquationDetected]: return double[age._11_16_years];]]></Log>
  <Log Timestamp="03/02/2016 16:25:34"><![CDATA[[InsecureEquationDetected]: return double[age._11_16_years];]]></Log>
  <Log Timestamp="03/02/2016 16:25:34"><![CDATA[[InsecureEquationDetected]: return double[age._11_16_years];]]></Log>
  <Log Timestamp="03/02/2016 16:25:34"><![CDATA[[InsecureEquationDetected]: return double[age._11_16_years];]]></Log>
  <Log Timestamp="03/02/2016 16:25:34"><![CDATA[[InsecureEquationDetected]: return double[age._11_16_years];]]></Log>
  <Log Timestamp="03/02/2016 16:25:34"><![CDATA[[InsecureEquationDetected]: return double tes[age._11_16_years];]]></Log>
  <Log Timestamp="03/02/2016 16:25:35"><![CDATA[[InsecureEquationDetected]: return double test[age._11_16_years];]]></Log>
  <Log Timestamp="03/02/2016 16:25:35"><![CDATA[[InsecureEquationDetected]: return double test[age._11_16_years];]]></Log>
  <Log Timestamp="03/02/2016 16:25:35"><![CDATA[[InsecureEquationDetected]: return double test[age._11_16_years];]]></Log>
  <Log Timestamp="03/02/2016 16:25:35"><![CDATA[[InsecureEquationDetected]: return double test[age._11_16_years];]]></Log>
  <Log Timestamp="03/02/2016 16:25:35">
    <Error><![CDATA[System.Exception: Invalid expression term 'double'
   at DataCore.Classes.EquationEvaluator.Compile() in C:\Projects\Blueocean\Link\LinkManager\Cores\DataCore\DataCore\Classes\EquationEvaluator.cs:line 86
   at DataCore.Classes.Equation..ctor(Core core, String equation) in C:\Projects\Blueocean\Link\LinkManager\Cores\DataCore\DataCore\Classes\Equation.cs:line 65]]></Error>
    <Equation><![CDATA[return double [age._11_16_years];]]></Equation>
  </Log>
  <Log Timestamp="03/02/2016 16:25:35">
    <Error><![CDATA[System.Exception: Invalid expression term 'double'
   at DataCore.Classes.EquationEvaluator.Compile() in C:\Projects\Blueocean\Link\LinkManager\Cores\DataCore\DataCore\Classes\EquationEvaluator.cs:line 86
   at DataCore.Classes.Equation..ctor(Core core, String equation) in C:\Projects\Blueocean\Link\LinkManager\Cores\DataCore\DataCore\Classes\Equation.cs:line 65]]></Error>
    <Equation><![CDATA[return double [age._11_16_years];]]></Equation>
  </Log>
  <Log Timestamp="03/02/2016 16:25:36">
    <Error><![CDATA[System.Exception: Invalid expression term 'double'
   at DataCore.Classes.EquationEvaluator.Compile() in C:\Projects\Blueocean\Link\LinkManager\Cores\DataCore\DataCore\Classes\EquationEvaluator.cs:line 86
   at DataCore.Classes.Equation..ctor(Core core, String equation) in C:\Projects\Blueocean\Link\LinkManager\Cores\DataCore\DataCore\Classes\Equation.cs:line 65]]></Error>
    <Equation><![CDATA[return double [age._11_16_years];]]></Equation>
  </Log>
  <Log Timestamp="03/02/2016 16:25:36"><![CDATA[[InsecureEquationDetected]: return double v[age._11_16_years];]]></Log>
  <Log Timestamp="03/02/2016 16:25:36"><![CDATA[[InsecureEquationDetected]: return double va[age._11_16_years];]]></Log>
  <Log Timestamp="03/02/2016 16:25:36"><![CDATA[[InsecureEquationDetected]: return double var[age._11_16_years];]]></Log>
  <Log Timestamp="03/02/2016 16:25:36"><![CDATA[[InsecureEquationDetected]: return double[age._11_16_years];]]></Log>
  <Log Timestamp="03/02/2016 16:25:36"><![CDATA[[InsecureEquationDetected]: return double var[age._11_16_years];]]></Log>
  <Log Timestamp="03/02/2016 16:25:36">
    <Error><![CDATA[System.Exception: Invalid expression term 'double'
   at DataCore.Classes.EquationEvaluator.Compile() in C:\Projects\Blueocean\Link\LinkManager\Cores\DataCore\DataCore\Classes\EquationEvaluator.cs:line 86
   at DataCore.Classes.Equation..ctor(Core core, String equation) in C:\Projects\Blueocean\Link\LinkManager\Cores\DataCore\DataCore\Classes\Equation.cs:line 65]]></Error>
    <Equation><![CDATA[return double var_[age._11_16_years];]]></Equation>
  </Log>
  <Log Timestamp="03/02/2016 16:25:37">
    <Error><![CDATA[System.Exception: Invalid expression term 'double'
   at DataCore.Classes.EquationEvaluator.Compile() in C:\Projects\Blueocean\Link\LinkManager\Cores\DataCore\DataCore\Classes\EquationEvaluator.cs:line 86
   at DataCore.Classes.Equation..ctor(Core core, String equation) in C:\Projects\Blueocean\Link\LinkManager\Cores\DataCore\DataCore\Classes\Equation.cs:line 65]]></Error>
    <Equation><![CDATA[return double var_[age._11_16_years];]]></Equation>
  </Log>
  <Log Timestamp="03/02/2016 16:25:37">
    <Error><![CDATA[System.Exception: Invalid expression term 'double'
   at DataCore.Classes.EquationEvaluator.Compile() in C:\Projects\Blueocean\Link\LinkManager\Cores\DataCore\DataCore\Classes\EquationEvaluator.cs:line 86
   at DataCore.Classes.Equation..ctor(Core core, String equation) in C:\Projects\Blueocean\Link\LinkManager\Cores\DataCore\DataCore\Classes\Equation.cs:line 65]]></Error>
    <Equation><![CDATA[return double var_[age._11_16_years];]]></Equation>
  </Log>
  <Log Timestamp="03/02/2016 16:25:37">
    <Error><![CDATA[System.Exception: Invalid expression term 'double'
   at DataCore.Classes.EquationEvaluator.Compile() in C:\Projects\Blueocean\Link\LinkManager\Cores\DataCore\DataCore\Classes\EquationEvaluator.cs:line 86
   at DataCore.Classes.Equation..ctor(Core core, String equation) in C:\Projects\Blueocean\Link\LinkManager\Cores\DataCore\DataCore\Classes\Equation.cs:line 65]]></Error>
    <Equation><![CDATA[return double var_Te[age._11_16_years];]]></Equation>
  </Log>
  <Log Timestamp="03/02/2016 16:25:37">
    <Error><![CDATA[System.Exception: Invalid expression term 'double'
   at DataCore.Classes.EquationEvaluator.Compile() in C:\Projects\Blueocean\Link\LinkManager\Cores\DataCore\DataCore\Classes\EquationEvaluator.cs:line 86
   at DataCore.Classes.Equation..ctor(Core core, String equation) in C:\Projects\Blueocean\Link\LinkManager\Cores\DataCore\DataCore\Classes\Equation.cs:line 65]]></Error>
    <Equation><![CDATA[return double var_Tes[age._11_16_years];]]></Equation>
  </Log>
  <Log Timestamp="03/02/2016 16:25:37">
    <Error><![CDATA[System.Exception: Invalid expression term 'double'
   at DataCore.Classes.EquationEvaluator.Compile() in C:\Projects\Blueocean\Link\LinkManager\Cores\DataCore\DataCore\Classes\EquationEvaluator.cs:line 86
   at DataCore.Classes.Equation..ctor(Core core, String equation) in C:\Projects\Blueocean\Link\LinkManager\Cores\DataCore\DataCore\Classes\Equation.cs:line 65]]></Error>
    <Equation><![CDATA[return double var_Test[age._11_16_years];]]></Equation>
  </Log>
  <Log Timestamp="03/02/2016 16:25:37">
    <Error><![CDATA[System.Exception: Invalid expression term 'double'
   at DataCore.Classes.EquationEvaluator.Compile() in C:\Projects\Blueocean\Link\LinkManager\Cores\DataCore\DataCore\Classes\EquationEvaluator.cs:line 86
   at DataCore.Classes.Equation..ctor(Core core, String equation) in C:\Projects\Blueocean\Link\LinkManager\Cores\DataCore\DataCore\Classes\Equation.cs:line 65]]></Error>
    <Equation><![CDATA[return double var_Test[age._11_16_years];]]></Equation>
  </Log>
  <Log Timestamp="03/02/2016 16:25:37">
    <Error><![CDATA[System.Exception: Invalid expression term 'double'
   at DataCore.Classes.EquationEvaluator.Compile() in C:\Projects\Blueocean\Link\LinkManager\Cores\DataCore\DataCore\Classes\EquationEvaluator.cs:line 86
   at DataCore.Classes.Equation..ctor(Core core, String equation) in C:\Projects\Blueocean\Link\LinkManager\Cores\DataCore\DataCore\Classes\Equation.cs:line 65]]></Error>
    <Equation><![CDATA[return double var_Test [age._11_16_years];]]></Equation>
  </Log>
  <Log Timestamp="03/02/2016 16:25:37">
    <Error><![CDATA[System.Exception: Invalid expression term 'double'
   at DataCore.Classes.EquationEvaluator.Compile() in C:\Projects\Blueocean\Link\LinkManager\Cores\DataCore\DataCore\Classes\EquationEvaluator.cs:line 86
   at DataCore.Classes.Equation..ctor(Core core, String equation) in C:\Projects\Blueocean\Link\LinkManager\Cores\DataCore\DataCore\Classes\Equation.cs:line 65]]></Error>
    <Equation><![CDATA[return double var_Test = [age._11_16_years];]]></Equation>
  </Log>
  <Log Timestamp="03/02/2016 16:25:37">
    <Error><![CDATA[System.Exception: Invalid expression term 'double'
   at DataCore.Classes.EquationEvaluator.Compile() in C:\Projects\Blueocean\Link\LinkManager\Cores\DataCore\DataCore\Classes\EquationEvaluator.cs:line 86
   at DataCore.Classes.Equation..ctor(Core core, String equation) in C:\Projects\Blueocean\Link\LinkManager\Cores\DataCore\DataCore\Classes\Equation.cs:line 65]]></Error>
    <Equation><![CDATA[return double var_Test = [age._11_16_years];]]></Equation>
  </Log>
  <Log Timestamp="03/02/2016 16:25:38">
    <Error><![CDATA[System.Exception: Invalid expression term 'double'
   at DataCore.Classes.EquationEvaluator.Compile() in C:\Projects\Blueocean\Link\LinkManager\Cores\DataCore\DataCore\Classes\EquationEvaluator.cs:line 86
   at DataCore.Classes.Equation..ctor(Core core, String equation) in C:\Projects\Blueocean\Link\LinkManager\Cores\DataCore\DataCore\Classes\Equation.cs:line 65]]></Error>
    <Equation><![CDATA[return double var_Test = [age._11_16_years];]]></Equation>
  </Log>
  <Log Timestamp="03/02/2016 16:25:38">
    <Error><![CDATA[System.Exception: Invalid expression term 'double'
   at DataCore.Classes.EquationEvaluator.Compile() in C:\Projects\Blueocean\Link\LinkManager\Cores\DataCore\DataCore\Classes\EquationEvaluator.cs:line 86
   at DataCore.Classes.Equation..ctor(Core core, String equation) in C:\Projects\Blueocean\Link\LinkManager\Cores\DataCore\DataCore\Classes\Equation.cs:line 65]]></Error>
    <Equation><![CDATA[return double var_Test = [age._11_16_years];]]></Equation>
  </Log>
  <Log Timestamp="03/02/2016 16:25:38">
    <Error><![CDATA[System.Exception: Invalid expression term 'double'
   at DataCore.Classes.EquationEvaluator.Compile() in C:\Projects\Blueocean\Link\LinkManager\Cores\DataCore\DataCore\Classes\EquationEvaluator.cs:line 86
   at DataCore.Classes.Equation..ctor(Core core, String equation) in C:\Projects\Blueocean\Link\LinkManager\Cores\DataCore\DataCore\Classes\Equation.cs:line 65]]></Error>
    <Equation><![CDATA[return double var_Test = [age._11_16_years];]]></Equation>
  </Log>
  <Log Timestamp="03/02/2016 16:25:38">
    <Error><![CDATA[System.Exception: Invalid expression term 'double'
   at DataCore.Classes.EquationEvaluator.Compile() in C:\Projects\Blueocean\Link\LinkManager\Cores\DataCore\DataCore\Classes\EquationEvaluator.cs:line 86
   at DataCore.Classes.Equation..ctor(Core core, String equation) in C:\Projects\Blueocean\Link\LinkManager\Cores\DataCore\DataCore\Classes\Equation.cs:line 65]]></Error>
    <Equation><![CDATA[return double var_Test = [age._11_16_years];]]></Equation>
  </Log>
  <Log Timestamp="03/02/2016 16:25:38">
    <Error><![CDATA[System.Exception: Invalid expression term 'double'
   at DataCore.Classes.EquationEvaluator.Compile() in C:\Projects\Blueocean\Link\LinkManager\Cores\DataCore\DataCore\Classes\EquationEvaluator.cs:line 86
   at DataCore.Classes.Equation..ctor(Core core, String equation) in C:\Projects\Blueocean\Link\LinkManager\Cores\DataCore\DataCore\Classes\Equation.cs:line 65]]></Error>
    <Equation><![CDATA[return double var_Test = [age._11_16_years];]]></Equation>
  </Log>
  <Log Timestamp="03/02/2016 16:25:38">
    <Error><![CDATA[System.Exception: Invalid expression term 'double'
   at DataCore.Classes.EquationEvaluator.Compile() in C:\Projects\Blueocean\Link\LinkManager\Cores\DataCore\DataCore\Classes\EquationEvaluator.cs:line 86
   at DataCore.Classes.Equation..ctor(Core core, String equation) in C:\Projects\Blueocean\Link\LinkManager\Cores\DataCore\DataCore\Classes\Equation.cs:line 65]]></Error>
    <Equation><![CDATA[return double var_Test = [age._11_16_years];]]></Equation>
  </Log>
  <Log Timestamp="03/02/2016 16:25:38">
    <Error><![CDATA[System.Exception: Invalid expression term 'double'
   at DataCore.Classes.EquationEvaluator.Compile() in C:\Projects\Blueocean\Link\LinkManager\Cores\DataCore\DataCore\Classes\EquationEvaluator.cs:line 86
   at DataCore.Classes.Equation..ctor(Core core, String equation) in C:\Projects\Blueocean\Link\LinkManager\Cores\DataCore\DataCore\Classes\Equation.cs:line 65]]></Error>
    <Equation><![CDATA[return double var_Test = [age._11_16_years];]]></Equation>
  </Log>
  <Log Timestamp="03/02/2016 16:25:38">
    <Error><![CDATA[System.Exception: Invalid expression term 'double'
   at DataCore.Classes.EquationEvaluator.Compile() in C:\Projects\Blueocean\Link\LinkManager\Cores\DataCore\DataCore\Classes\EquationEvaluator.cs:line 86
   at DataCore.Classes.Equation..ctor(Core core, String equation) in C:\Projects\Blueocean\Link\LinkManager\Cores\DataCore\DataCore\Classes\Equation.cs:line 65]]></Error>
    <Equation><![CDATA[return double var_Test = [age._11_16_years];]]></Equation>
  </Log>
  <Log Timestamp="03/02/2016 16:25:39">
    <Error><![CDATA[System.Exception: Invalid expression term 'double'
   at DataCore.Classes.EquationEvaluator.Compile() in C:\Projects\Blueocean\Link\LinkManager\Cores\DataCore\DataCore\Classes\EquationEvaluator.cs:line 86
   at DataCore.Classes.Equation..ctor(Core core, String equation) in C:\Projects\Blueocean\Link\LinkManager\Cores\DataCore\DataCore\Classes\Equation.cs:line 65]]></Error>
    <Equation><![CDATA[return double var_Test = [age._11_16_years];]]></Equation>
  </Log>
  <Log Timestamp="03/02/2016 16:25:39">
    <Error><![CDATA[System.Exception: Invalid expression term 'double'
   at DataCore.Classes.EquationEvaluator.Compile() in C:\Projects\Blueocean\Link\LinkManager\Cores\DataCore\DataCore\Classes\EquationEvaluator.cs:line 86
   at DataCore.Classes.Equation..ctor(Core core, String equation) in C:\Projects\Blueocean\Link\LinkManager\Cores\DataCore\DataCore\Classes\Equation.cs:line 65]]></Error>
    <Equation><![CDATA[return double var_Test = [age._11_16_years];]]></Equation>
  </Log>
  <Log Timestamp="03/02/2016 16:25:39">
    <Error><![CDATA[System.Exception: Invalid expression term 'double'
   at DataCore.Classes.EquationEvaluator.Compile() in C:\Projects\Blueocean\Link\LinkManager\Cores\DataCore\DataCore\Classes\EquationEvaluator.cs:line 86
   at DataCore.Classes.Equation..ctor(Core core, String equation) in C:\Projects\Blueocean\Link\LinkManager\Cores\DataCore\DataCore\Classes\Equation.cs:line 65]]></Error>
    <Equation><![CDATA[return double var_Test = [age._11_16_years];]]></Equation>
  </Log>
  <Log Timestamp="03/02/2016 16:25:39">
    <Error><![CDATA[System.Exception: Invalid expression term 'double'
   at DataCore.Classes.EquationEvaluator.Compile() in C:\Projects\Blueocean\Link\LinkManager\Cores\DataCore\DataCore\Classes\EquationEvaluator.cs:line 86
   at DataCore.Classes.Equation..ctor(Core core, String equation) in C:\Projects\Blueocean\Link\LinkManager\Cores\DataCore\DataCore\Classes\Equation.cs:line 65]]></Error>
    <Equation><![CDATA[return double var_Test = [age._11_16_years];]]></Equation>
  </Log>
  <Log Timestamp="03/02/2016 16:25:39">
    <Error><![CDATA[System.Exception: Invalid expression term 'double'
   at DataCore.Classes.EquationEvaluator.Compile() in C:\Projects\Blueocean\Link\LinkManager\Cores\DataCore\DataCore\Classes\EquationEvaluator.cs:line 86
   at DataCore.Classes.Equation..ctor(Core core, String equation) in C:\Projects\Blueocean\Link\LinkManager\Cores\DataCore\DataCore\Classes\Equation.cs:line 65]]></Error>
    <Equation><![CDATA[return double var_Test = [age._11_16_years];]]></Equation>
  </Log>
  <Log Timestamp="03/02/2016 16:25:39">
    <Error><![CDATA[System.Exception: Invalid expression term 'double'
   at DataCore.Classes.EquationEvaluator.Compile() in C:\Projects\Blueocean\Link\LinkManager\Cores\DataCore\DataCore\Classes\EquationEvaluator.cs:line 86
   at DataCore.Classes.Equation..ctor(Core core, String equation) in C:\Projects\Blueocean\Link\LinkManager\Cores\DataCore\DataCore\Classes\Equation.cs:line 65]]></Error>
    <Equation><![CDATA[return double var_Test = [age._11_16_years];;]]></Equation>
  </Log>
  <Log Timestamp="03/02/2016 16:25:39"><![CDATA[[InsecureEquationDetected]: return double var_Test = [age._11_16_years];  re;]]></Log>
  <Log Timestamp="03/02/2016 16:25:39"><![CDATA[[InsecureEquationDetected]: return double var_Test = [age._11_16_years];  re;]]></Log>
  <Log Timestamp="03/02/2016 16:25:39"><![CDATA[[InsecureEquationDetected]: return double var_Test = [age._11_16_years];  re;]]></Log>
  <Log Timestamp="03/02/2016 16:25:40"><![CDATA[[InsecureEquationDetected]: return double var_Test = [age._11_16_years];  ret;]]></Log>
  <Log Timestamp="03/02/2016 16:25:40"><![CDATA[[InsecureEquationDetected]: return double var_Test = [age._11_16_years];  retu;]]></Log>
  <Log Timestamp="03/02/2016 16:25:40"><![CDATA[[InsecureEquationDetected]: return double var_Test = [age._11_16_years];  retur;]]></Log>
  <Log Timestamp="03/02/2016 16:25:40">
    <Error><![CDATA[System.Exception: Invalid expression term 'double'
   at DataCore.Classes.EquationEvaluator.Compile() in C:\Projects\Blueocean\Link\LinkManager\Cores\DataCore\DataCore\Classes\EquationEvaluator.cs:line 86
   at DataCore.Classes.Equation..ctor(Core core, String equation) in C:\Projects\Blueocean\Link\LinkManager\Cores\DataCore\DataCore\Classes\Equation.cs:line 65]]></Error>
    <Equation><![CDATA[return double var_Test = [age._11_16_years];  return;]]></Equation>
  </Log>
  <Log Timestamp="03/02/2016 16:25:40">
    <Error><![CDATA[System.Exception: Invalid expression term 'double'
   at DataCore.Classes.EquationEvaluator.Compile() in C:\Projects\Blueocean\Link\LinkManager\Cores\DataCore\DataCore\Classes\EquationEvaluator.cs:line 86
   at DataCore.Classes.Equation..ctor(Core core, String equation) in C:\Projects\Blueocean\Link\LinkManager\Cores\DataCore\DataCore\Classes\Equation.cs:line 65]]></Error>
    <Equation><![CDATA[return double var_Test = [age._11_16_years];  return;]]></Equation>
  </Log>
  <Log Timestamp="03/02/2016 16:25:40"><![CDATA[[InsecureEquationDetected]: double var_Test = [age._11_16_years];  return var]]></Log>
  <Log Timestamp="03/02/2016 16:25:40"><![CDATA[[InsecureEquationDetected]: double var_Test = [age._11_16_years];  return var]]></Log>
  <Log Timestamp="03/02/2016 16:25:40"><![CDATA[[InsecureEquationDetected]: double var_Test = [age._11_16_years];  return var]]></Log>
  <Log Timestamp="03/02/2016 16:25:41"><![CDATA[[InsecureEquationDetected]: double var_Test = [age._11_16_years];  return var]]></Log>
  <Log Timestamp="03/02/2016 16:25:41">
    <Error><![CDATA[System.Exception: ; expected
   at DataCore.Classes.EquationEvaluator.Compile() in C:\Projects\Blueocean\Link\LinkManager\Cores\DataCore\DataCore\Classes\EquationEvaluator.cs:line 86
   at DataCore.Classes.Equation..ctor(Core core, String equation) in C:\Projects\Blueocean\Link\LinkManager\Cores\DataCore\DataCore\Classes\Equation.cs:line 65]]></Error>
    <Equation><![CDATA[double var_Test = [age._11_16_years];  return var_]]></Equation>
  </Log>
  <Log Timestamp="03/02/2016 16:25:41">
    <Error><![CDATA[System.Exception: ; expected
   at DataCore.Classes.EquationEvaluator.Compile() in C:\Projects\Blueocean\Link\LinkManager\Cores\DataCore\DataCore\Classes\EquationEvaluator.cs:line 86
   at DataCore.Classes.Equation..ctor(Core core, String equation) in C:\Projects\Blueocean\Link\LinkManager\Cores\DataCore\DataCore\Classes\Equation.cs:line 65]]></Error>
    <Equation><![CDATA[double var_Test = [age._11_16_years];  return var_]]></Equation>
  </Log>
  <Log Timestamp="03/02/2016 16:25:41"><![CDATA[[InsecureEquationDetected]: return double[age._11_16_years];]]></Log>
  <Log Timestamp="03/02/2016 16:25:41">
    <Error><![CDATA[System.Exception: ; expected
   at DataCore.Classes.EquationEvaluator.Compile() in C:\Projects\Blueocean\Link\LinkManager\Cores\DataCore\DataCore\Classes\EquationEvaluator.cs:line 86
   at DataCore.Classes.Equation..ctor(Core core, String equation) in C:\Projects\Blueocean\Link\LinkManager\Cores\DataCore\DataCore\Classes\Equation.cs:line 65]]></Error>
    <Equation><![CDATA[double var_Test = [age._11_16_years];  return var_T]]></Equation>
  </Log>
  <Log Timestamp="03/02/2016 16:26:12">
    <Error><![CDATA[System.Exception: ; expected
   at DataCore.Classes.EquationEvaluator.Compile() in C:\Projects\Blueocean\Link\LinkManager\Cores\DataCore\DataCore\Classes\EquationEvaluator.cs:line 86
   at DataCore.Classes.Equation..ctor(Core core, String equation) in C:\Projects\Blueocean\Link\LinkManager\Cores\DataCore\DataCore\Classes\Equation.cs:line 65]]></Error>
    <Equation><![CDATA[double var_Test = [age._11_16_years];  return var_]]></Equation>
  </Log>
  <Log Timestamp="03/02/2016 16:26:13"><![CDATA[[InsecureEquationDetected]: return double var[age._11_16_years];]]></Log>
  <Log Timestamp="03/02/2016 16:26:28"><![CDATA[[InsecureEquationDetected]: return doubl[age._11_16_years];]]></Log>
  <Log Timestamp="03/02/2016 16:26:31">
    <Error><![CDATA[System.Exception: Invalid expression term 'double'
   at DataCore.Classes.EquationEvaluator.Compile() in C:\Projects\Blueocean\Link\LinkManager\Cores\DataCore\DataCore\Classes\EquationEvaluator.cs:line 86
   at DataCore.Classes.Equation..ctor(Core core, String equation) in C:\Projects\Blueocean\Link\LinkManager\Cores\DataCore\DataCore\Classes\Equation.cs:line 65]]></Error>
    <Equation><![CDATA[return double var_test = [age._11_16_years];;]]></Equation>
  </Log>
  <Log Timestamp="03/02/2016 16:26:32"><![CDATA[[InsecureEquationDetected]: double var_test = [age._11_16_years];  return va]]></Log>
  <Log Timestamp="03/02/2016 16:26:54">
    <Error><![CDATA[System.Exception: Invalid expression term 'double'
   at DataCore.Classes.EquationEvaluator.Compile() in C:\Projects\Blueocean\Link\LinkManager\Cores\DataCore\DataCore\Classes\EquationEvaluator.cs:line 86
   at DataCore.Classes.Equation..ctor(Core core, String equation) in C:\Projects\Blueocean\Link\LinkManager\Cores\DataCore\DataCore\Classes\Equation.cs:line 65]]></Error>
    <Equation><![CDATA[return double var_Test = [age._11_16_years];;]]></Equation>
  </Log>
  <Log Timestamp="03/02/2016 16:33:33"><![CDATA[[InsecureEquationDetected]: return d[age._11_16_years];]]></Log>
  <Log Timestamp="03/02/2016 16:33:38">
    <Error><![CDATA[System.Exception: Invalid expression term 'double'
   at DataCore.Classes.EquationEvaluator.Compile() in C:\Projects\Blueocean\Link\LinkManager\Cores\DataCore\DataCore\Classes\EquationEvaluator.cs:line 86
   at DataCore.Classes.Equation..ctor(Core core, String equation) in C:\Projects\Blueocean\Link\LinkManager\Cores\DataCore\DataCore\Classes\Equation.cs:line 65]]></Error>
    <Equation><![CDATA[return double([age._11_16_years]);]]></Equation>
  </Log>
  <Log Timestamp="03/02/2016 16:33:43">
    <Error><![CDATA[System.Exception: Invalid expression term 'double'
   at DataCore.Classes.EquationEvaluator.Compile() in C:\Projects\Blueocean\Link\LinkManager\Cores\DataCore\DataCore\Classes\EquationEvaluator.cs:line 86
   at DataCore.Classes.Equation..ctor(Core core, String equation) in C:\Projects\Blueocean\Link\LinkManager\Cores\DataCore\DataCore\Classes\Equation.cs:line 65]]></Error>
    <Equation><![CDATA[return double([age._11_16_years]);]]></Equation>
  </Log>
  <Log Timestamp="03/02/2016 16:33:48">
    <Error><![CDATA[System.Exception: Invalid expression term 'double'
   at DataCore.Classes.EquationEvaluator.Compile() in C:\Projects\Blueocean\Link\LinkManager\Cores\DataCore\DataCore\Classes\EquationEvaluator.cs:line 86
   at DataCore.Classes.Equation..ctor(Core core, String equation) in C:\Projects\Blueocean\Link\LinkManager\Cores\DataCore\DataCore\Classes\Equation.cs:line 65]]></Error>
    <Equation><![CDATA[return double([age._11_16_years]);]]></Equation>
  </Log>
  <Log Timestamp="03/02/2016 16:33:53"><![CDATA[[InsecureEquationDetected]: return double test = ([age._11_16_years]);]]></Log>
  <Log Timestamp="03/02/2016 16:33:58">
    <Error><![CDATA[System.Exception: Invalid expression term 'double'
   at DataCore.Classes.EquationEvaluator.Compile() in C:\Projects\Blueocean\Link\LinkManager\Cores\DataCore\DataCore\Classes\EquationEvaluator.cs:line 86
   at DataCore.Classes.Equation..ctor(Core core, String equation) in C:\Projects\Blueocean\Link\LinkManager\Cores\DataCore\DataCore\Classes\Equation.cs:line 65]]></Error>
    <Equation><![CDATA[return double var_test = ([age._11_16_years]);]]></Equation>
  </Log>
  <Log Timestamp="03/02/2016 16:34:03">
    <Error><![CDATA[System.Exception: Invalid expression term 'double'
   at DataCore.Classes.EquationEvaluator.Compile() in C:\Projects\Blueocean\Link\LinkManager\Cores\DataCore\DataCore\Classes\EquationEvaluator.cs:line 86
   at DataCore.Classes.Equation..ctor(Core core, String equation) in C:\Projects\Blueocean\Link\LinkManager\Cores\DataCore\DataCore\Classes\Equation.cs:line 65]]></Error>
    <Equation><![CDATA[return double var_test = ([age._11_16_years]);]]></Equation>
  </Log>
  <Log Timestamp="03/02/2016 16:34:08">
    <Error><![CDATA[System.Exception: Invalid expression term 'double'
   at DataCore.Classes.EquationEvaluator.Compile() in C:\Projects\Blueocean\Link\LinkManager\Cores\DataCore\DataCore\Classes\EquationEvaluator.cs:line 86
   at DataCore.Classes.Equation..ctor(Core core, String equation) in C:\Projects\Blueocean\Link\LinkManager\Cores\DataCore\DataCore\Classes\Equation.cs:line 65]]></Error>
    <Equation><![CDATA[return double var_test = ([age._11_16_years]);]]></Equation>
  </Log>
  <Log Timestamp="03/02/2016 16:34:13">
    <Error><![CDATA[System.Exception: Invalid expression term 'double'
   at DataCore.Classes.EquationEvaluator.Compile() in C:\Projects\Blueocean\Link\LinkManager\Cores\DataCore\DataCore\Classes\EquationEvaluator.cs:line 86
   at DataCore.Classes.Equation..ctor(Core core, String equation) in C:\Projects\Blueocean\Link\LinkManager\Cores\DataCore\DataCore\Classes\Equation.cs:line 65]]></Error>
    <Equation><![CDATA[return double var_test = ([age._11_16_years]);]]></Equation>
  </Log>
  <Log Timestamp="03/02/2016 16:34:18">
    <Error><![CDATA[System.Exception: Invalid expression term 'double'
   at DataCore.Classes.EquationEvaluator.Compile() in C:\Projects\Blueocean\Link\LinkManager\Cores\DataCore\DataCore\Classes\EquationEvaluator.cs:line 86
   at DataCore.Classes.Equation..ctor(Core core, String equation) in C:\Projects\Blueocean\Link\LinkManager\Cores\DataCore\DataCore\Classes\Equation.cs:line 65]]></Error>
    <Equation><![CDATA[return double var_test = ([age._11_16_years]);]]></Equation>
  </Log>
  <Log Timestamp="03/02/2016 16:34:27">
    <Error><![CDATA[System.Exception: Invalid expression term 'double'
   at DataCore.Classes.EquationEvaluator.Compile() in C:\Projects\Blueocean\Link\LinkManager\Cores\DataCore\DataCore\Classes\EquationEvaluator.cs:line 86
   at DataCore.Classes.Equation..ctor(Core core, String equation) in C:\Projects\Blueocean\Link\LinkManager\Cores\DataCore\DataCore\Classes\Equation.cs:line 65]]></Error>
    <Equation><![CDATA[return double var_test = ([age._11_16_years]);]]></Equation>
  </Log>
  <Log Timestamp="03/02/2016 16:35:05">
    <Error><![CDATA[System.Exception: Invalid expression term 'double'
   at DataCore.Classes.EquationEvaluator.Compile() in C:\Projects\Blueocean\Link\LinkManager\Cores\DataCore\DataCore\Classes\EquationEvaluator.cs:line 86
   at DataCore.Classes.Equation..ctor(Core core, String equation) in C:\Projects\Blueocean\Link\LinkManager\Cores\DataCore\DataCore\Classes\Equation.cs:line 65]]></Error>
    <Equation><![CDATA[return double var_test = ([age._11_16_years]);]]></Equation>
  </Log>
  <Log Timestamp="03/02/2016 16:35:05">
    <Error><![CDATA[System.Exception: Invalid expression term 'double'
   at DataCore.Classes.EquationEvaluator.Compile() in C:\Projects\Blueocean\Link\LinkManager\Cores\DataCore\DataCore\Classes\EquationEvaluator.cs:line 86
   at DataCore.Classes.Equation..ctor(Core core, String equation) in C:\Projects\Blueocean\Link\LinkManager\Cores\DataCore\DataCore\Classes\Equation.cs:line 65]]></Error>
    <Equation><![CDATA[return double var_test = ([age._11_16_years]);]]></Equation>
  </Log>
  <Log Timestamp="03/02/2016 16:35:05">
    <Error><![CDATA[System.Exception: Invalid expression term 'double'
   at DataCore.Classes.EquationEvaluator.Compile() in C:\Projects\Blueocean\Link\LinkManager\Cores\DataCore\DataCore\Classes\EquationEvaluator.cs:line 86
   at DataCore.Classes.Equation..ctor(Core core, String equation) in C:\Projects\Blueocean\Link\LinkManager\Cores\DataCore\DataCore\Classes\Equation.cs:line 65]]></Error>
    <Equation><![CDATA[return double var_test = ([age._11_16_years]);]]></Equation>
  </Log>
  <Log Timestamp="03/02/2016 16:35:05">
    <Error><![CDATA[System.Exception: Invalid expression term 'double'
   at DataCore.Classes.EquationEvaluator.Compile() in C:\Projects\Blueocean\Link\LinkManager\Cores\DataCore\DataCore\Classes\EquationEvaluator.cs:line 86
   at DataCore.Classes.Equation..ctor(Core core, String equation) in C:\Projects\Blueocean\Link\LinkManager\Cores\DataCore\DataCore\Classes\Equation.cs:line 65]]></Error>
    <Equation><![CDATA[return double var_test = ([age._11_16_years]);]]></Equation>
  </Log>
  <Log Timestamp="03/02/2016 16:35:06">
    <Error><![CDATA[System.Exception: Invalid expression term 'double'
   at DataCore.Classes.EquationEvaluator.Compile() in C:\Projects\Blueocean\Link\LinkManager\Cores\DataCore\DataCore\Classes\EquationEvaluator.cs:line 86
   at DataCore.Classes.Equation..ctor(Core core, String equation) in C:\Projects\Blueocean\Link\LinkManager\Cores\DataCore\DataCore\Classes\Equation.cs:line 65]]></Error>
    <Equation><![CDATA[return double var_test = ([age._11_16_years]);]]></Equation>
  </Log>
  <Log Timestamp="03/02/2016 16:35:06">
    <Error><![CDATA[System.Exception: Invalid expression term 'double'
   at DataCore.Classes.EquationEvaluator.Compile() in C:\Projects\Blueocean\Link\LinkManager\Cores\DataCore\DataCore\Classes\EquationEvaluator.cs:line 86
   at DataCore.Classes.Equation..ctor(Core core, String equation) in C:\Projects\Blueocean\Link\LinkManager\Cores\DataCore\DataCore\Classes\Equation.cs:line 65]]></Error>
    <Equation><![CDATA[return double var_test = ([age._11_16_years]);]]></Equation>
  </Log>
  <Log Timestamp="03/02/2016 16:35:06">
    <Error><![CDATA[System.Exception: Invalid expression term 'double'
   at DataCore.Classes.EquationEvaluator.Compile() in C:\Projects\Blueocean\Link\LinkManager\Cores\DataCore\DataCore\Classes\EquationEvaluator.cs:line 86
   at DataCore.Classes.Equation..ctor(Core core, String equation) in C:\Projects\Blueocean\Link\LinkManager\Cores\DataCore\DataCore\Classes\Equation.cs:line 65]]></Error>
    <Equation><![CDATA[return double var_test = ([age._11_16_years]);]]></Equation>
  </Log>
  <Log Timestamp="03/02/2016 16:35:07">
    <Error><![CDATA[System.Exception: Invalid expression term 'double'
   at DataCore.Classes.EquationEvaluator.Compile() in C:\Projects\Blueocean\Link\LinkManager\Cores\DataCore\DataCore\Classes\EquationEvaluator.cs:line 86
   at DataCore.Classes.Equation..ctor(Core core, String equation) in C:\Projects\Blueocean\Link\LinkManager\Cores\DataCore\DataCore\Classes\Equation.cs:line 65]]></Error>
    <Equation><![CDATA[return double var_test = ([age._11_16_years]);]]></Equation>
  </Log>
  <Log Timestamp="03/02/2016 16:35:08">
    <Error><![CDATA[System.Exception: Invalid expression term 'double'
   at DataCore.Classes.EquationEvaluator.Compile() in C:\Projects\Blueocean\Link\LinkManager\Cores\DataCore\DataCore\Classes\EquationEvaluator.cs:line 86
   at DataCore.Classes.Equation..ctor(Core core, String equation) in C:\Projects\Blueocean\Link\LinkManager\Cores\DataCore\DataCore\Classes\Equation.cs:line 65]]></Error>
    <Equation><![CDATA[return double var_test = ([age._11_16_years]);]]></Equation>
  </Log>
  <Log Timestamp="03/02/2016 16:35:13">
    <Error><![CDATA[System.Exception: Invalid expression term 'double'
   at DataCore.Classes.EquationEvaluator.Compile() in C:\Projects\Blueocean\Link\LinkManager\Cores\DataCore\DataCore\Classes\EquationEvaluator.cs:line 86
   at DataCore.Classes.Equation..ctor(Core core, String equation) in C:\Projects\Blueocean\Link\LinkManager\Cores\DataCore\DataCore\Classes\Equation.cs:line 65]]></Error>
    <Equation><![CDATA[return double var_test = ([age._11_16_years]);]]></Equation>
  </Log>
  <Log Timestamp="03/02/2016 16:35:18">
    <Error><![CDATA[System.Exception: Invalid expression term 'double'
   at DataCore.Classes.EquationEvaluator.Compile() in C:\Projects\Blueocean\Link\LinkManager\Cores\DataCore\DataCore\Classes\EquationEvaluator.cs:line 86
   at DataCore.Classes.Equation..ctor(Core core, String equation) in C:\Projects\Blueocean\Link\LinkManager\Cores\DataCore\DataCore\Classes\Equation.cs:line 65]]></Error>
    <Equation><![CDATA[return double var_test = ([age._11_16_years]);]]></Equation>
  </Log>
  <Log Timestamp="03/02/2016 16:35:23">
    <Error><![CDATA[System.Exception: Invalid expression term 'double'
   at DataCore.Classes.EquationEvaluator.Compile() in C:\Projects\Blueocean\Link\LinkManager\Cores\DataCore\DataCore\Classes\EquationEvaluator.cs:line 86
   at DataCore.Classes.Equation..ctor(Core core, String equation) in C:\Projects\Blueocean\Link\LinkManager\Cores\DataCore\DataCore\Classes\Equation.cs:line 65]]></Error>
    <Equation><![CDATA[return double var_test = ([age._11_16_years]);]]></Equation>
  </Log>
  <Log Timestamp="03/02/2016 16:35:28">
    <Error><![CDATA[System.Exception: Invalid expression term 'double'
   at DataCore.Classes.EquationEvaluator.Compile() in C:\Projects\Blueocean\Link\LinkManager\Cores\DataCore\DataCore\Classes\EquationEvaluator.cs:line 86
   at DataCore.Classes.Equation..ctor(Core core, String equation) in C:\Projects\Blueocean\Link\LinkManager\Cores\DataCore\DataCore\Classes\Equation.cs:line 65]]></Error>
    <Equation><![CDATA[return double var_test = ([age._11_16_years]);]]></Equation>
  </Log>
  <Log Timestamp="03/02/2016 16:35:42">
    <Error><![CDATA[System.Exception: ; expected
   at DataCore.Classes.EquationEvaluator.Compile() in C:\Projects\Blueocean\Link\LinkManager\Cores\DataCore\DataCore\Classes\EquationEvaluator.cs:line 86
   at DataCore.Classes.Equation..ctor(Core core, String equation) in C:\Projects\Blueocean\Link\LinkManager\Cores\DataCore\DataCore\Classes\Equation.cs:line 65]]></Error>
    <Equation><![CDATA[[age._11_16_years]]]></Equation>
  </Log>
  <Log Timestamp="03/02/2016 16:35:47">
    <Error><![CDATA[System.Exception: Only assignment, call, increment, decrement, await, and new object expressions can be used as a statement
   at DataCore.Classes.EquationEvaluator.Compile() in C:\Projects\Blueocean\Link\LinkManager\Cores\DataCore\DataCore\Classes\EquationEvaluator.cs:line 86
   at DataCore.Classes.Equation..ctor(Core core, String equation) in C:\Projects\Blueocean\Link\LinkManager\Cores\DataCore\DataCore\Classes\Equation.cs:line 65]]></Error>
    <Equation><![CDATA[[age._11_16_years];]]></Equation>
  </Log>
  <Log Timestamp="03/02/2016 16:35:52"><![CDATA[[InsecureEquationDetected]: d[age._11_16_years];]]></Log>
  <Log Timestamp="03/02/2016 16:35:57">
    <Error><![CDATA[System.Exception: 'UserScript.RunScript.Eval(double)': not all code paths return a value
   at DataCore.Classes.EquationEvaluator.Compile() in C:\Projects\Blueocean\Link\LinkManager\Cores\DataCore\DataCore\Classes\EquationEvaluator.cs:line 86
   at DataCore.Classes.Equation..ctor(Core core, String equation) in C:\Projects\Blueocean\Link\LinkManager\Cores\DataCore\DataCore\Classes\Equation.cs:line 65]]></Error>
    <Equation><![CDATA[double var_test = [age._11_16_years];]]></Equation>
  </Log>
  <Log Timestamp="03/02/2016 16:36:02">
    <Error><![CDATA[System.Exception: 'UserScript.RunScript.Eval(double)': not all code paths return a value
   at DataCore.Classes.EquationEvaluator.Compile() in C:\Projects\Blueocean\Link\LinkManager\Cores\DataCore\DataCore\Classes\EquationEvaluator.cs:line 86
   at DataCore.Classes.Equation..ctor(Core core, String equation) in C:\Projects\Blueocean\Link\LinkManager\Cores\DataCore\DataCore\Classes\Equation.cs:line 65]]></Error>
    <Equation><![CDATA[double var_test = [age._11_16_years];]]></Equation>
  </Log>
  <Log Timestamp="03/02/2016 16:36:07">
    <Error><![CDATA[System.Exception: 'UserScript.RunScript.Eval(double)': not all code paths return a value
   at DataCore.Classes.EquationEvaluator.Compile() in C:\Projects\Blueocean\Link\LinkManager\Cores\DataCore\DataCore\Classes\EquationEvaluator.cs:line 86
   at DataCore.Classes.Equation..ctor(Core core, String equation) in C:\Projects\Blueocean\Link\LinkManager\Cores\DataCore\DataCore\Classes\Equation.cs:line 65]]></Error>
    <Equation><![CDATA[double var_test = [age._11_16_years];]]></Equation>
  </Log>
  <Log Timestamp="03/02/2016 16:36:12">
    <Error><![CDATA[System.Exception: ; expected
   at DataCore.Classes.EquationEvaluator.Compile() in C:\Projects\Blueocean\Link\LinkManager\Cores\DataCore\DataCore\Classes\EquationEvaluator.cs:line 86
   at DataCore.Classes.Equation..ctor(Core core, String equation) in C:\Projects\Blueocean\Link\LinkManager\Cores\DataCore\DataCore\Classes\Equation.cs:line 65]]></Error>
    <Equation><![CDATA[double var_test = [age._11_16_years];  return var_te]]></Equation>
  </Log>
  <Log Timestamp="03/02/2016 16:51:49"><![CDATA[[InsecureEquationDetected]: double var_test = [age._11_16_yearssdkljgkldfg];  return var_test;CONDITION ? TRUE : FALSE]]></Log>
  <Log Timestamp="03/02/2016 16:51:59"><![CDATA[[InsecureEquationDetected]: double var_test = [age._11_16_yearssdkljgkldfg];  return var_test;jk]]></Log>
  <Log Timestamp="03/02/2016 16:57:26">
    <Error><![CDATA[System.Exception: ; expected
   at DataCore.Classes.EquationEvaluator.Compile() in C:\Projects\Blueocean\Link\LinkManager\Cores\DataCore\DataCore\Classes\EquationEvaluator.cs:line 86
   at DataCore.Classes.Equation..ctor(Core core, String equation) in C:\Projects\Blueocean\Link\LinkManager\Cores\DataCore\DataCore\Classes\Equation.cs:line 65]]></Error>
    <Equation><![CDATA[[age._11_16_years]]]></Equation>
  </Log>
  <Log Timestamp="03/02/2016 16:57:31">
    <Error><![CDATA[System.Exception: ; expected
   at DataCore.Classes.EquationEvaluator.Compile() in C:\Projects\Blueocean\Link\LinkManager\Cores\DataCore\DataCore\Classes\EquationEvaluator.cs:line 86
   at DataCore.Classes.Equation..ctor(Core core, String equation) in C:\Projects\Blueocean\Link\LinkManager\Cores\DataCore\DataCore\Classes\Equation.cs:line 65]]></Error>
    <Equation><![CDATA[[age._11_16_years]]]></Equation>
  </Log>
  <Log Timestamp="03/02/2016 16:57:36">
    <Error><![CDATA[System.Exception: ; expected
   at DataCore.Classes.EquationEvaluator.Compile() in C:\Projects\Blueocean\Link\LinkManager\Cores\DataCore\DataCore\Classes\EquationEvaluator.cs:line 86
   at DataCore.Classes.Equation..ctor(Core core, String equation) in C:\Projects\Blueocean\Link\LinkManager\Cores\DataCore\DataCore\Classes\Equation.cs:line 65]]></Error>
    <Equation><![CDATA[return [age._11_16_years]]]></Equation>
  </Log>
</Logs>