<Logs>
  <Log Timestamp="01/02/2016 12:58:52">
    <Error><![CDATA[System.Reflection.TargetInvocationException: Exception has been thrown by the target of an invocation. ---> System.ArgumentException: An item with the same key has already been added.
   at System.ThrowHelper.ThrowArgumentException(ExceptionResource resource)
   at System.Collections.Generic.Dictionary`2.Insert(TKey key, TValue value, Boolean add)
   at RDotNet.NativeLibrary.UnmanagedDll.GetFunction[TDelegate](String entryPoint)
   at RDotNet.NativeLibrary.UnmanagedDll.GetFunction[TDelegate]()
   at RDotNet.REngine.Initialize(StartupParameter parameter, ICharacterDevice device, Boolean setupMainLoop)
   at RDotNet.REngine.GetInstance(String dll, Boolean initialize, StartupParameter parameter, ICharacterDevice device)
   at EquationInclude.Include.R(String script) in C:\Projects\Blueocean\Link\LinkManager\Tools\EquationInclude\Include.cs:line 17
   at UserScript.RunScript.Eval()
   --- End of inner exception stack trace ---
   at System.RuntimeMethodHandle.InvokeMethod(Object target, Object[] arguments, Signature sig, Boolean constructor)
   at System.Reflection.RuntimeMethodInfo.UnsafeInvokeInternal(Object obj, Object[] parameters, Object[] arguments)
   at System.Reflection.RuntimeMethodInfo.Invoke(Object obj, BindingFlags invokeAttr, Binder binder, Object[] parameters, CultureInfo culture)
   at System.RuntimeType.InvokeMember(String name, BindingFlags bindingFlags, Binder binder, Object target, Object[] providedArgs, ParameterModifier[] modifiers, CultureInfo culture, String[] namedParams)
   at System.Type.InvokeMember(String name, BindingFlags invokeAttr, Binder binder, Object target, Object[] args)
   at DataCore.Classes.EquationAssembly.Evaluate(Object[] arguments) in C:\Projects\Blueocean\Link\LinkManager\Cores\DataCore\DataCore\Classes\EquationEvaluator.cs:line 123
   at DataCore.Classes.Equation.Calculate(Data filter, Database storageMethod, WeightingFilterCollection weights) in C:\Projects\Blueocean\Link\LinkManager\Cores\DataCore\DataCore\Classes\Equation.cs:line 262]]></Error>
    <Equation><![CDATA[Include.R("var_group1 <- c(25.5, 20.1)");  return 1000;]]></Equation>
  </Log>
  <Log Timestamp="01/02/2016 12:58:52">
    <Error><![CDATA[System.Reflection.TargetInvocationException: Exception has been thrown by the target of an invocation. ---> System.ArgumentException: An item with the same key has already been added.
   at System.ThrowHelper.ThrowArgumentException(ExceptionResource resource)
   at System.Collections.Generic.Dictionary`2.Insert(TKey key, TValue value, Boolean add)
   at RDotNet.NativeLibrary.UnmanagedDll.GetFunction[TDelegate](String entryPoint)
   at RDotNet.NativeLibrary.UnmanagedDll.GetFunction[TDelegate]()
   at RDotNet.REngine.Initialize(StartupParameter parameter, ICharacterDevice device, Boolean setupMainLoop)
   at EquationInclude.Include.R(String script) in C:\Projects\Blueocean\Link\LinkManager\Tools\EquationInclude\Include.cs:line 20
   at UserScript.RunScript.Eval()
   --- End of inner exception stack trace ---
   at System.RuntimeMethodHandle.InvokeMethod(Object target, Object[] arguments, Signature sig, Boolean constructor)
   at System.Reflection.RuntimeMethodInfo.UnsafeInvokeInternal(Object obj, Object[] parameters, Object[] arguments)
   at System.Reflection.RuntimeMethodInfo.Invoke(Object obj, BindingFlags invokeAttr, Binder binder, Object[] parameters, CultureInfo culture)
   at System.RuntimeType.InvokeMember(String name, BindingFlags bindingFlags, Binder binder, Object target, Object[] providedArgs, ParameterModifier[] modifiers, CultureInfo culture, String[] namedParams)
   at System.Type.InvokeMember(String name, BindingFlags invokeAttr, Binder binder, Object target, Object[] args)
   at DataCore.Classes.EquationAssembly.Evaluate(Object[] arguments) in C:\Projects\Blueocean\Link\LinkManager\Cores\DataCore\DataCore\Classes\EquationEvaluator.cs:line 123
   at DataCore.Classes.Equation.Calculate(Data filter, Database storageMethod, WeightingFilterCollection weights) in C:\Projects\Blueocean\Link\LinkManager\Cores\DataCore\DataCore\Classes\Equation.cs:line 262]]></Error>
    <Equation><![CDATA[Include.R("var_group1 <- c(25.5, 20.1)");  return 1000;]]></Equation>
  </Log>
  <Log Timestamp="01/02/2016 13:02:55">
    <Error><![CDATA[System.Reflection.TargetInvocationException: Exception has been thrown by the target of an invocation. ---> System.ArgumentException: An item with the same key has already been added.
   at System.ThrowHelper.ThrowArgumentException(ExceptionResource resource)
   at System.Collections.Generic.Dictionary`2.Insert(TKey key, TValue value, Boolean add)
   at RDotNet.NativeLibrary.UnmanagedDll.GetFunction[TDelegate](String entryPoint)
   at RDotNet.Devices.CharacterDeviceAdapter.SetupWindowsDevice(StartupParameter parameter)
   at RDotNet.REngine.Initialize(StartupParameter parameter, ICharacterDevice device, Boolean setupMainLoop)
   at EquationInclude.Include.R(String script) in C:\Projects\Blueocean\Link\LinkManager\Tools\EquationInclude\Include.cs:line 20
   at UserScript.RunScript.Eval(Double _71f773bf7cc547c2ab8f885caca1a099)
   --- End of inner exception stack trace ---
   at System.RuntimeMethodHandle.InvokeMethod(Object target, Object[] arguments, Signature sig, Boolean constructor)
   at System.Reflection.RuntimeMethodInfo.UnsafeInvokeInternal(Object obj, Object[] parameters, Object[] arguments)
   at System.Reflection.RuntimeMethodInfo.Invoke(Object obj, BindingFlags invokeAttr, Binder binder, Object[] parameters, CultureInfo culture)
   at System.RuntimeType.InvokeMember(String name, BindingFlags bindingFlags, Binder binder, Object target, Object[] providedArgs, ParameterModifier[] modifiers, CultureInfo culture, String[] namedParams)
   at System.Type.InvokeMember(String name, BindingFlags invokeAttr, Binder binder, Object target, Object[] args)
   at DataCore.Classes.EquationAssembly.Evaluate(Object[] arguments) in C:\Projects\Blueocean\Link\LinkManager\Cores\DataCore\DataCore\Classes\EquationEvaluator.cs:line 123
   at DataCore.Classes.Equation.Calculate(Data filter, Database storageMethod, WeightingFilterCollection weights) in C:\Projects\Blueocean\Link\LinkManager\Cores\DataCore\DataCore\Classes\Equation.cs:line 262]]></Error>
    <Equation><![CDATA[Include.R("var_group1 <- c(25.5, 20.1)");  return [Gender.Male];]]></Equation>
  </Log>
  <Log Timestamp="01/02/2016 13:06:26">
    <Error><![CDATA[System.Reflection.TargetInvocationException: Exception has been thrown by the target of an invocation. ---> System.ArgumentException: An item with the same key has already been added.
   at System.ThrowHelper.ThrowArgumentException(ExceptionResource resource)
   at System.Collections.Generic.Dictionary`2.Insert(TKey key, TValue value, Boolean add)
   at RDotNet.NativeLibrary.UnmanagedDll.GetFunction[TDelegate](String entryPoint)
   at RDotNet.NativeLibrary.UnmanagedDll.GetFunction[TDelegate]()
   at RDotNet.REngine.Initialize(StartupParameter parameter, ICharacterDevice device, Boolean setupMainLoop)
   at EquationInclude.Include.R(String script) in C:\Projects\Blueocean\Link\LinkManager\Tools\EquationInclude\Include.cs:line 20
   at UserScript.RunScript.Eval(Double _a73d92bdd3f649d3b3be8eea2710e8fd)
   --- End of inner exception stack trace ---
   at System.RuntimeMethodHandle.InvokeMethod(Object target, Object[] arguments, Signature sig, Boolean constructor)
   at System.Reflection.RuntimeMethodInfo.UnsafeInvokeInternal(Object obj, Object[] parameters, Object[] arguments)
   at System.Reflection.RuntimeMethodInfo.Invoke(Object obj, BindingFlags invokeAttr, Binder binder, Object[] parameters, CultureInfo culture)
   at System.RuntimeType.InvokeMember(String name, BindingFlags bindingFlags, Binder binder, Object target, Object[] providedArgs, ParameterModifier[] modifiers, CultureInfo culture, String[] namedParams)
   at System.Type.InvokeMember(String name, BindingFlags invokeAttr, Binder binder, Object target, Object[] args)
   at DataCore.Classes.EquationAssembly.Evaluate(Object[] arguments) in C:\Projects\Blueocean\Link\LinkManager\Cores\DataCore\DataCore\Classes\EquationEvaluator.cs:line 123
   at DataCore.Classes.Equation.Calculate(Data filter, Database storageMethod, WeightingFilterCollection weights) in C:\Projects\Blueocean\Link\LinkManager\Cores\DataCore\DataCore\Classes\Equation.cs:line 237]]></Error>
    <Equation><![CDATA[Include.R("var_group1 <- c(25.5, 20.1)");  return [Gender.Male];]]></Equation>
  </Log>
  <Log Timestamp="01/02/2016 13:12:17">
    <Error><![CDATA[System.Reflection.TargetInvocationException: Exception has been thrown by the target of an invocation. ---> System.ArgumentException: An item with the same key has already been added.
   at System.ThrowHelper.ThrowArgumentException(ExceptionResource resource)
   at System.Collections.Generic.Dictionary`2.Insert(TKey key, TValue value, Boolean add)
   at RDotNet.NativeLibrary.UnmanagedDll.GetFunction[TDelegate](String entryPoint)
   at RDotNet.REngine.Initialize(StartupParameter parameter, ICharacterDevice device, Boolean setupMainLoop)
   at RDotNet.REngine.GetInstance(String dll, Boolean initialize, StartupParameter parameter, ICharacterDevice device)
   at EquationInclude.Include.R(String script) in C:\Projects\Blueocean\Link\LinkManager\Tools\EquationInclude\Include.cs:line 17
   at UserScript.RunScript.Eval(Double _094781a001d0400a9d1a45c2b5109be2)
   --- End of inner exception stack trace ---
   at System.RuntimeMethodHandle.InvokeMethod(Object target, Object[] arguments, Signature sig, Boolean constructor)
   at System.Reflection.RuntimeMethodInfo.UnsafeInvokeInternal(Object obj, Object[] parameters, Object[] arguments)
   at System.Reflection.RuntimeMethodInfo.Invoke(Object obj, BindingFlags invokeAttr, Binder binder, Object[] parameters, CultureInfo culture)
   at System.RuntimeType.InvokeMember(String name, BindingFlags bindingFlags, Binder binder, Object target, Object[] providedArgs, ParameterModifier[] modifiers, CultureInfo culture, String[] namedParams)
   at System.Type.InvokeMember(String name, BindingFlags invokeAttr, Binder binder, Object target, Object[] args)
   at DataCore.Classes.EquationAssembly.Evaluate(Object[] arguments) in C:\Projects\Blueocean\Link\LinkManager\Cores\DataCore\DataCore\Classes\EquationEvaluator.cs:line 123
   at DataCore.Classes.Equation.Calculate(Data filter, Database storageMethod, WeightingFilterCollection weights) in C:\Projects\Blueocean\Link\LinkManager\Cores\DataCore\DataCore\Classes\Equation.cs:line 262]]></Error>
    <Equation><![CDATA[Include.R("var_group1 <- c(25.5, 20.1)");  return [Gender.Male];]]></Equation>
  </Log>
  <Log Timestamp="01/02/2016 13:14:14">
    <Error><![CDATA[System.Reflection.TargetInvocationException: Exception has been thrown by the target of an invocation. ---> System.ArgumentException: An item with the same key has already been added.
   at System.ThrowHelper.ThrowArgumentException(ExceptionResource resource)
   at System.Collections.Generic.Dictionary`2.Insert(TKey key, TValue value, Boolean add)
   at RDotNet.NativeLibrary.UnmanagedDll.GetFunction[TDelegate](String entryPoint)
   at RDotNet.Devices.CharacterDeviceAdapter.SetupWindowsDevice(StartupParameter parameter)
   at RDotNet.REngine.Initialize(StartupParameter parameter, ICharacterDevice device, Boolean setupMainLoop)
   at RDotNet.REngine.GetInstance(String dll, Boolean initialize, StartupParameter parameter, ICharacterDevice device)
   at EquationInclude.Include.R(String script) in C:\Projects\Blueocean\Link\LinkManager\Tools\EquationInclude\Include.cs:line 17
   at UserScript.RunScript.Eval(Double _9e1d93c7425c45e98c336b751b68bcc6)
   --- End of inner exception stack trace ---
   at System.RuntimeMethodHandle.InvokeMethod(Object target, Object[] arguments, Signature sig, Boolean constructor)
   at System.Reflection.RuntimeMethodInfo.UnsafeInvokeInternal(Object obj, Object[] parameters, Object[] arguments)
   at System.Reflection.RuntimeMethodInfo.Invoke(Object obj, BindingFlags invokeAttr, Binder binder, Object[] parameters, CultureInfo culture)
   at System.RuntimeType.InvokeMember(String name, BindingFlags bindingFlags, Binder binder, Object target, Object[] providedArgs, ParameterModifier[] modifiers, CultureInfo culture, String[] namedParams)
   at System.Type.InvokeMember(String name, BindingFlags invokeAttr, Binder binder, Object target, Object[] args)
   at DataCore.Classes.EquationAssembly.Evaluate(Object[] arguments) in C:\Projects\Blueocean\Link\LinkManager\Cores\DataCore\DataCore\Classes\EquationEvaluator.cs:line 123
   at DataCore.Classes.Equation.Calculate(Data filter, Database storageMethod, WeightingFilterCollection weights) in C:\Projects\Blueocean\Link\LinkManager\Cores\DataCore\DataCore\Classes\Equation.cs:line 262]]></Error>
    <Equation><![CDATA[Include.R("var_group1 <- c(25.5, 20.1)");  return [Gender.Male];]]></Equation>
  </Log>
  <Log Timestamp="01/02/2016 13:18:35">
    <Error><![CDATA[System.Reflection.TargetInvocationException: Exception has been thrown by the target of an invocation. ---> System.ArgumentException: An item with the same key has already been added.
   at System.ThrowHelper.ThrowArgumentException(ExceptionResource resource)
   at System.Collections.Generic.Dictionary`2.Insert(TKey key, TValue value, Boolean add)
   at RDotNet.NativeLibrary.UnmanagedDll.GetFunction[TDelegate](String entryPoint)
   at RDotNet.NativeLibrary.UnmanagedDll.GetFunction[TDelegate]()
   at RDotNet.REngine.Initialize(StartupParameter parameter, ICharacterDevice device, Boolean setupMainLoop)
   at RDotNet.REngine.GetInstance(String dll, Boolean initialize, StartupParameter parameter, ICharacterDevice device)
   at EquationInclude.Include.R(String script) in C:\Projects\Blueocean\Link\LinkManager\Tools\EquationInclude\Include.cs:line 17
   at UserScript.RunScript.Eval(Double _588b77b527ec4e93b6deb1a89f49f5c9)
   --- End of inner exception stack trace ---
   at System.RuntimeMethodHandle.InvokeMethod(Object target, Object[] arguments, Signature sig, Boolean constructor)
   at System.Reflection.RuntimeMethodInfo.UnsafeInvokeInternal(Object obj, Object[] parameters, Object[] arguments)
   at System.Reflection.RuntimeMethodInfo.Invoke(Object obj, BindingFlags invokeAttr, Binder binder, Object[] parameters, CultureInfo culture)
   at System.RuntimeType.InvokeMember(String name, BindingFlags bindingFlags, Binder binder, Object target, Object[] providedArgs, ParameterModifier[] modifiers, CultureInfo culture, String[] namedParams)
   at System.Type.InvokeMember(String name, BindingFlags invokeAttr, Binder binder, Object target, Object[] args)
   at DataCore.Classes.EquationAssembly.Evaluate(Object[] arguments) in C:\Projects\Blueocean\Link\LinkManager\Cores\DataCore\DataCore\Classes\EquationEvaluator.cs:line 123
   at DataCore.Classes.Equation.Calculate(Data filter, Database storageMethod, WeightingFilterCollection weights) in C:\Projects\Blueocean\Link\LinkManager\Cores\DataCore\DataCore\Classes\Equation.cs:line 262]]></Error>
    <Equation><![CDATA[Include.R("var_group1 <- c(25.5, 20.1)");  return [Gender.Male];]]></Equation>
  </Log>
  <Log Timestamp="01/02/2016 13:19:59">
    <Error><![CDATA[System.Reflection.TargetInvocationException: Exception has been thrown by the target of an invocation. ---> System.ArgumentException: An item with the same key has already been added.
   at System.ThrowHelper.ThrowArgumentException(ExceptionResource resource)
   at System.Collections.Generic.Dictionary`2.Insert(TKey key, TValue value, Boolean add)
   at RDotNet.NativeLibrary.UnmanagedDll.GetFunction[TDelegate](String entryPoint)
   at RDotNet.NativeLibrary.UnmanagedDll.GetFunction[TDelegate]()
   at RDotNet.REngine.Initialize(StartupParameter parameter, ICharacterDevice device, Boolean setupMainLoop)
   at RDotNet.REngine.GetInstance(String dll, Boolean initialize, StartupParameter parameter, ICharacterDevice device)
   at EquationInclude.Include.R(String script) in C:\Projects\Blueocean\Link\LinkManager\Tools\EquationInclude\Include.cs:line 17
   at UserScript.RunScript.Eval(Double _3c5e315325134befb164ab4a0f1a5eed)
   --- End of inner exception stack trace ---
   at System.RuntimeMethodHandle.InvokeMethod(Object target, Object[] arguments, Signature sig, Boolean constructor)
   at System.Reflection.RuntimeMethodInfo.UnsafeInvokeInternal(Object obj, Object[] parameters, Object[] arguments)
   at System.Reflection.RuntimeMethodInfo.Invoke(Object obj, BindingFlags invokeAttr, Binder binder, Object[] parameters, CultureInfo culture)
   at System.RuntimeType.InvokeMember(String name, BindingFlags bindingFlags, Binder binder, Object target, Object[] providedArgs, ParameterModifier[] modifiers, CultureInfo culture, String[] namedParams)
   at System.Type.InvokeMember(String name, BindingFlags invokeAttr, Binder binder, Object target, Object[] args)
   at DataCore.Classes.EquationAssembly.Evaluate(Object[] arguments) in C:\Projects\Blueocean\Link\LinkManager\Cores\DataCore\DataCore\Classes\EquationEvaluator.cs:line 123
   at DataCore.Classes.Equation.Calculate(Data filter, Database storageMethod, WeightingFilterCollection weights) in C:\Projects\Blueocean\Link\LinkManager\Cores\DataCore\DataCore\Classes\Equation.cs:line 262]]></Error>
    <Equation><![CDATA[Include.R("var_group1 <- c(25.5, 20.1)");  return [Gender.Male];]]></Equation>
  </Log>
  <Log Timestamp="01/02/2016 14:59:48">
    <Error><![CDATA[System.Reflection.TargetInvocationException: Exception has been thrown by the target of an invocation. ---> RDotNet.EvaluationException: Unable to retrieve an R error message. Evaluating 'geterrmessage()' fails. The R engine is not in a working state.
   at RDotNet.REngine.get_LastErrorMessage()
   at RDotNet.REngine.Parse(String statement, StringBuilder incompleteStatement)
   at RDotNet.REngine.<Defer>d__0.MoveNext()
   at System.Linq.Enumerable.LastOrDefault[TSource](IEnumerable`1 source)
   at RDotNet.REngine.Evaluate(String statement)
   at EquationInclude.Include.R(String script) in C:\Projects\Blueocean\Link\LinkManager\Tools\EquationInclude\Include.cs:line 22
   at UserScript.RunScript.Eval()
   --- End of inner exception stack trace ---
   at System.RuntimeMethodHandle.InvokeMethod(Object target, Object[] arguments, Signature sig, Boolean constructor)
   at System.Reflection.RuntimeMethodInfo.UnsafeInvokeInternal(Object obj, Object[] parameters, Object[] arguments)
   at System.Reflection.RuntimeMethodInfo.Invoke(Object obj, BindingFlags invokeAttr, Binder binder, Object[] parameters, CultureInfo culture)
   at System.RuntimeType.InvokeMember(String name, BindingFlags bindingFlags, Binder binder, Object target, Object[] providedArgs, ParameterModifier[] modifiers, CultureInfo culture, String[] namedParams)
   at System.Type.InvokeMember(String name, BindingFlags invokeAttr, Binder binder, Object target, Object[] args)
   at DataCore.Classes.EquationAssembly.Evaluate(Object[] arguments) in C:\Projects\Blueocean\Link\LinkManager\Cores\DataCore\DataCore\Classes\EquationEvaluator.cs:line 123
   at DataCore.Classes.Equation.Calculate(Data filter, Database storageMethod, WeightingFilterCollection weights) in C:\Projects\Blueocean\Link\LinkManager\Cores\DataCore\DataCore\Classes\Equation.cs:line 262]]></Error>
    <Equation><![CDATA[Include.R("var_group1 <- c(25.5, 20.1)");  return 1000;]]></Equation>
  </Log>
  <Log Timestamp="01/02/2016 14:59:48">
    <Error><![CDATA[System.Reflection.TargetInvocationException: Exception has been thrown by the target of an invocation. ---> RDotNet.EvaluationException: Unable to retrieve an R error message. Evaluating 'geterrmessage()' fails. The R engine is not in a working state.
   at RDotNet.REngine.get_LastErrorMessage()
   at RDotNet.REngine.Parse(String statement, StringBuilder incompleteStatement)
   at RDotNet.REngine.<Defer>d__0.MoveNext()
   at System.Linq.Enumerable.LastOrDefault[TSource](IEnumerable`1 source)
   at RDotNet.REngine.Evaluate(String statement)
   at EquationInclude.Include.R(String script) in C:\Projects\Blueocean\Link\LinkManager\Tools\EquationInclude\Include.cs:line 22
   at UserScript.RunScript.Eval()
   --- End of inner exception stack trace ---
   at System.RuntimeMethodHandle.InvokeMethod(Object target, Object[] arguments, Signature sig, Boolean constructor)
   at System.Reflection.RuntimeMethodInfo.UnsafeInvokeInternal(Object obj, Object[] parameters, Object[] arguments)
   at System.Reflection.RuntimeMethodInfo.Invoke(Object obj, BindingFlags invokeAttr, Binder binder, Object[] parameters, CultureInfo culture)
   at System.RuntimeType.InvokeMember(String name, BindingFlags bindingFlags, Binder binder, Object target, Object[] providedArgs, ParameterModifier[] modifiers, CultureInfo culture, String[] namedParams)
   at System.Type.InvokeMember(String name, BindingFlags invokeAttr, Binder binder, Object target, Object[] args)
   at DataCore.Classes.EquationAssembly.Evaluate(Object[] arguments) in C:\Projects\Blueocean\Link\LinkManager\Cores\DataCore\DataCore\Classes\EquationEvaluator.cs:line 123
   at DataCore.Classes.Equation.Calculate(Data filter, Database storageMethod, WeightingFilterCollection weights) in C:\Projects\Blueocean\Link\LinkManager\Cores\DataCore\DataCore\Classes\Equation.cs:line 262]]></Error>
    <Equation><![CDATA[Include.R("var_group1 <- c(25.5, 20.1)");  return 1000;]]></Equation>
  </Log>
  <Log Timestamp="01/02/2016 14:59:48">
    <Error><![CDATA[System.Reflection.TargetInvocationException: Exception has been thrown by the target of an invocation. ---> RDotNet.EvaluationException: Unable to retrieve an R error message. Evaluating 'geterrmessage()' fails. The R engine is not in a working state.
   at RDotNet.REngine.get_LastErrorMessage()
   at RDotNet.REngine.Parse(String statement, StringBuilder incompleteStatement)
   at RDotNet.REngine.<Defer>d__0.MoveNext()
   at System.Linq.Enumerable.LastOrDefault[TSource](IEnumerable`1 source)
   at RDotNet.REngine.Evaluate(String statement)
   at EquationInclude.Include.R(String script) in C:\Projects\Blueocean\Link\LinkManager\Tools\EquationInclude\Include.cs:line 22
   at UserScript.RunScript.Eval()
   --- End of inner exception stack trace ---
   at System.RuntimeMethodHandle.InvokeMethod(Object target, Object[] arguments, Signature sig, Boolean constructor)
   at System.Reflection.RuntimeMethodInfo.UnsafeInvokeInternal(Object obj, Object[] parameters, Object[] arguments)
   at System.Reflection.RuntimeMethodInfo.Invoke(Object obj, BindingFlags invokeAttr, Binder binder, Object[] parameters, CultureInfo culture)
   at System.RuntimeType.InvokeMember(String name, BindingFlags bindingFlags, Binder binder, Object target, Object[] providedArgs, ParameterModifier[] modifiers, CultureInfo culture, String[] namedParams)
   at System.Type.InvokeMember(String name, BindingFlags invokeAttr, Binder binder, Object target, Object[] args)
   at DataCore.Classes.EquationAssembly.Evaluate(Object[] arguments) in C:\Projects\Blueocean\Link\LinkManager\Cores\DataCore\DataCore\Classes\EquationEvaluator.cs:line 123
   at DataCore.Classes.Equation.Calculate(Data filter, Database storageMethod, WeightingFilterCollection weights) in C:\Projects\Blueocean\Link\LinkManager\Cores\DataCore\DataCore\Classes\Equation.cs:line 262]]></Error>
    <Equation><![CDATA[Include.R("var_group1 <- c(25.5, 20.1)");  return 1000;]]></Equation>
  </Log>
  <Log Timestamp="01/02/2016 14:59:48">
    <Error><![CDATA[System.Reflection.TargetInvocationException: Exception has been thrown by the target of an invocation. ---> RDotNet.EvaluationException: Unable to retrieve an R error message. Evaluating 'geterrmessage()' fails. The R engine is not in a working state.
   at RDotNet.REngine.get_LastErrorMessage()
   at RDotNet.REngine.Parse(String statement, StringBuilder incompleteStatement)
   at RDotNet.REngine.<Defer>d__0.MoveNext()
   at System.Linq.Enumerable.LastOrDefault[TSource](IEnumerable`1 source)
   at RDotNet.REngine.Evaluate(String statement)
   at EquationInclude.Include.R(String script) in C:\Projects\Blueocean\Link\LinkManager\Tools\EquationInclude\Include.cs:line 22
   at UserScript.RunScript.Eval()
   --- End of inner exception stack trace ---
   at System.RuntimeMethodHandle.InvokeMethod(Object target, Object[] arguments, Signature sig, Boolean constructor)
   at System.Reflection.RuntimeMethodInfo.UnsafeInvokeInternal(Object obj, Object[] parameters, Object[] arguments)
   at System.Reflection.RuntimeMethodInfo.Invoke(Object obj, BindingFlags invokeAttr, Binder binder, Object[] parameters, CultureInfo culture)
   at System.RuntimeType.InvokeMember(String name, BindingFlags bindingFlags, Binder binder, Object target, Object[] providedArgs, ParameterModifier[] modifiers, CultureInfo culture, String[] namedParams)
   at System.Type.InvokeMember(String name, BindingFlags invokeAttr, Binder binder, Object target, Object[] args)
   at DataCore.Classes.EquationAssembly.Evaluate(Object[] arguments) in C:\Projects\Blueocean\Link\LinkManager\Cores\DataCore\DataCore\Classes\EquationEvaluator.cs:line 123
   at DataCore.Classes.Equation.Calculate(Data filter, Database storageMethod, WeightingFilterCollection weights) in C:\Projects\Blueocean\Link\LinkManager\Cores\DataCore\DataCore\Classes\Equation.cs:line 262]]></Error>
    <Equation><![CDATA[Include.R("var_group1 <- c(25.5, 20.1)");  return 1000;]]></Equation>
  </Log>
  <Log Timestamp="01/02/2016 14:59:48">
    <Error><![CDATA[System.Reflection.TargetInvocationException: Exception has been thrown by the target of an invocation. ---> RDotNet.EvaluationException: Unable to retrieve an R error message. Evaluating 'geterrmessage()' fails. The R engine is not in a working state.
   at RDotNet.REngine.get_LastErrorMessage()
   at RDotNet.REngine.Parse(String statement, StringBuilder incompleteStatement)
   at RDotNet.REngine.<Defer>d__0.MoveNext()
   at System.Linq.Enumerable.LastOrDefault[TSource](IEnumerable`1 source)
   at RDotNet.REngine.Evaluate(String statement)
   at EquationInclude.Include.R(String script) in C:\Projects\Blueocean\Link\LinkManager\Tools\EquationInclude\Include.cs:line 22
   at UserScript.RunScript.Eval()
   --- End of inner exception stack trace ---
   at System.RuntimeMethodHandle.InvokeMethod(Object target, Object[] arguments, Signature sig, Boolean constructor)
   at System.Reflection.RuntimeMethodInfo.UnsafeInvokeInternal(Object obj, Object[] parameters, Object[] arguments)
   at System.Reflection.RuntimeMethodInfo.Invoke(Object obj, BindingFlags invokeAttr, Binder binder, Object[] parameters, CultureInfo culture)
   at System.RuntimeType.InvokeMember(String name, BindingFlags bindingFlags, Binder binder, Object target, Object[] providedArgs, ParameterModifier[] modifiers, CultureInfo culture, String[] namedParams)
   at System.Type.InvokeMember(String name, BindingFlags invokeAttr, Binder binder, Object target, Object[] args)
   at DataCore.Classes.EquationAssembly.Evaluate(Object[] arguments) in C:\Projects\Blueocean\Link\LinkManager\Cores\DataCore\DataCore\Classes\EquationEvaluator.cs:line 123
   at DataCore.Classes.Equation.Calculate(Data filter, Database storageMethod, WeightingFilterCollection weights) in C:\Projects\Blueocean\Link\LinkManager\Cores\DataCore\DataCore\Classes\Equation.cs:line 262]]></Error>
    <Equation><![CDATA[Include.R("var_group1 <- c(25.5, 20.1)");  return 1000;]]></Equation>
  </Log>
  <Log Timestamp="01/02/2016 14:59:48">
    <Error><![CDATA[System.Reflection.TargetInvocationException: Exception has been thrown by the target of an invocation. ---> RDotNet.EvaluationException: Unable to retrieve an R error message. Evaluating 'geterrmessage()' fails. The R engine is not in a working state.
   at RDotNet.REngine.get_LastErrorMessage()
   at RDotNet.REngine.Parse(String statement, StringBuilder incompleteStatement)
   at RDotNet.REngine.<Defer>d__0.MoveNext()
   at System.Linq.Enumerable.LastOrDefault[TSource](IEnumerable`1 source)
   at RDotNet.REngine.Evaluate(String statement)
   at EquationInclude.Include.R(String script) in C:\Projects\Blueocean\Link\LinkManager\Tools\EquationInclude\Include.cs:line 22
   at UserScript.RunScript.Eval()
   --- End of inner exception stack trace ---
   at System.RuntimeMethodHandle.InvokeMethod(Object target, Object[] arguments, Signature sig, Boolean constructor)
   at System.Reflection.RuntimeMethodInfo.UnsafeInvokeInternal(Object obj, Object[] parameters, Object[] arguments)
   at System.Reflection.RuntimeMethodInfo.Invoke(Object obj, BindingFlags invokeAttr, Binder binder, Object[] parameters, CultureInfo culture)
   at System.RuntimeType.InvokeMember(String name, BindingFlags bindingFlags, Binder binder, Object target, Object[] providedArgs, ParameterModifier[] modifiers, CultureInfo culture, String[] namedParams)
   at System.Type.InvokeMember(String name, BindingFlags invokeAttr, Binder binder, Object target, Object[] args)
   at DataCore.Classes.EquationAssembly.Evaluate(Object[] arguments) in C:\Projects\Blueocean\Link\LinkManager\Cores\DataCore\DataCore\Classes\EquationEvaluator.cs:line 123
   at DataCore.Classes.Equation.Calculate(Data filter, Database storageMethod, WeightingFilterCollection weights) in C:\Projects\Blueocean\Link\LinkManager\Cores\DataCore\DataCore\Classes\Equation.cs:line 262]]></Error>
    <Equation><![CDATA[Include.R("var_group1 <- c(25.5, 20.1)");  return 1000;]]></Equation>
  </Log>
  <Log Timestamp="01/02/2016 14:59:51">
    <Error><![CDATA[System.Reflection.TargetInvocationException: Exception has been thrown by the target of an invocation. ---> RDotNet.EvaluationException: Unable to retrieve an R error message. Evaluating 'geterrmessage()' fails. The R engine is not in a working state.
   at RDotNet.REngine.get_LastErrorMessage()
   at RDotNet.REngine.Parse(String statement, StringBuilder incompleteStatement)
   at RDotNet.REngine.<Defer>d__0.MoveNext()
   at System.Linq.Enumerable.LastOrDefault[TSource](IEnumerable`1 source)
   at RDotNet.REngine.Evaluate(String statement)
   at EquationInclude.Include.R(String script) in C:\Projects\Blueocean\Link\LinkManager\Tools\EquationInclude\Include.cs:line 22
   at UserScript.RunScript.Eval()
   --- End of inner exception stack trace ---
   at System.RuntimeMethodHandle.InvokeMethod(Object target, Object[] arguments, Signature sig, Boolean constructor)
   at System.Reflection.RuntimeMethodInfo.UnsafeInvokeInternal(Object obj, Object[] parameters, Object[] arguments)
   at System.Reflection.RuntimeMethodInfo.Invoke(Object obj, BindingFlags invokeAttr, Binder binder, Object[] parameters, CultureInfo culture)
   at System.RuntimeType.InvokeMember(String name, BindingFlags bindingFlags, Binder binder, Object target, Object[] providedArgs, ParameterModifier[] modifiers, CultureInfo culture, String[] namedParams)
   at System.Type.InvokeMember(String name, BindingFlags invokeAttr, Binder binder, Object target, Object[] args)
   at DataCore.Classes.EquationAssembly.Evaluate(Object[] arguments) in C:\Projects\Blueocean\Link\LinkManager\Cores\DataCore\DataCore\Classes\EquationEvaluator.cs:line 123
   at DataCore.Classes.Equation.Calculate(Data filter, Database storageMethod, WeightingFilterCollection weights) in C:\Projects\Blueocean\Link\LinkManager\Cores\DataCore\DataCore\Classes\Equation.cs:line 262]]></Error>
    <Equation><![CDATA[Include.R("var_group1 <- c(25.5, 20.1)");  return 1000;]]></Equation>
  </Log>
  <Log Timestamp="01/02/2016 14:59:51">
    <Error><![CDATA[System.Reflection.TargetInvocationException: Exception has been thrown by the target of an invocation. ---> RDotNet.EvaluationException: Unable to retrieve an R error message. Evaluating 'geterrmessage()' fails. The R engine is not in a working state.
   at RDotNet.REngine.get_LastErrorMessage()
   at RDotNet.REngine.Parse(String statement, StringBuilder incompleteStatement)
   at RDotNet.REngine.<Defer>d__0.MoveNext()
   at System.Linq.Enumerable.LastOrDefault[TSource](IEnumerable`1 source)
   at RDotNet.REngine.Evaluate(String statement)
   at EquationInclude.Include.R(String script) in C:\Projects\Blueocean\Link\LinkManager\Tools\EquationInclude\Include.cs:line 22
   at UserScript.RunScript.Eval()
   --- End of inner exception stack trace ---
   at System.RuntimeMethodHandle.InvokeMethod(Object target, Object[] arguments, Signature sig, Boolean constructor)
   at System.Reflection.RuntimeMethodInfo.UnsafeInvokeInternal(Object obj, Object[] parameters, Object[] arguments)
   at System.Reflection.RuntimeMethodInfo.Invoke(Object obj, BindingFlags invokeAttr, Binder binder, Object[] parameters, CultureInfo culture)
   at System.RuntimeType.InvokeMember(String name, BindingFlags bindingFlags, Binder binder, Object target, Object[] providedArgs, ParameterModifier[] modifiers, CultureInfo culture, String[] namedParams)
   at System.Type.InvokeMember(String name, BindingFlags invokeAttr, Binder binder, Object target, Object[] args)
   at DataCore.Classes.EquationAssembly.Evaluate(Object[] arguments) in C:\Projects\Blueocean\Link\LinkManager\Cores\DataCore\DataCore\Classes\EquationEvaluator.cs:line 123
   at DataCore.Classes.Equation.Calculate(Data filter, Database storageMethod, WeightingFilterCollection weights) in C:\Projects\Blueocean\Link\LinkManager\Cores\DataCore\DataCore\Classes\Equation.cs:line 262]]></Error>
    <Equation><![CDATA[Include.R("var_group1 <- c(25.5, 20.1)");  return 1000;]]></Equation>
  </Log>
  <Log Timestamp="01/02/2016 15:00:07">
    <Error><![CDATA[System.Reflection.TargetInvocationException: Exception has been thrown by the target of an invocation. ---> RDotNet.EvaluationException: Unable to retrieve an R error message. Evaluating 'geterrmessage()' fails. The R engine is not in a working state.
   at RDotNet.REngine.get_LastErrorMessage()
   at RDotNet.REngine.Parse(String statement, StringBuilder incompleteStatement)
   at RDotNet.REngine.<Defer>d__0.MoveNext()
   at System.Linq.Enumerable.LastOrDefault[TSource](IEnumerable`1 source)
   at RDotNet.REngine.Evaluate(String statement)
   at EquationInclude.Include.R(String script) in C:\Projects\Blueocean\Link\LinkManager\Tools\EquationInclude\Include.cs:line 22
   at UserScript.RunScript.Eval()
   --- End of inner exception stack trace ---
   at System.RuntimeMethodHandle.InvokeMethod(Object target, Object[] arguments, Signature sig, Boolean constructor)
   at System.Reflection.RuntimeMethodInfo.UnsafeInvokeInternal(Object obj, Object[] parameters, Object[] arguments)
   at System.Reflection.RuntimeMethodInfo.Invoke(Object obj, BindingFlags invokeAttr, Binder binder, Object[] parameters, CultureInfo culture)
   at System.RuntimeType.InvokeMember(String name, BindingFlags bindingFlags, Binder binder, Object target, Object[] providedArgs, ParameterModifier[] modifiers, CultureInfo culture, String[] namedParams)
   at System.Type.InvokeMember(String name, BindingFlags invokeAttr, Binder binder, Object target, Object[] args)
   at DataCore.Classes.EquationAssembly.Evaluate(Object[] arguments) in C:\Projects\Blueocean\Link\LinkManager\Cores\DataCore\DataCore\Classes\EquationEvaluator.cs:line 123
   at DataCore.Classes.Equation.Calculate(Data filter, Database storageMethod, WeightingFilterCollection weights) in C:\Projects\Blueocean\Link\LinkManager\Cores\DataCore\DataCore\Classes\Equation.cs:line 262]]></Error>
    <Equation><![CDATA[Include.R("var_group1 <- c(25.5, 20.1)");  return 1000;]]></Equation>
  </Log>
  <Log Timestamp="01/02/2016 15:00:07">
    <Error><![CDATA[System.Reflection.TargetInvocationException: Exception has been thrown by the target of an invocation. ---> System.Runtime.InteropServices.SEHException: External component has thrown an exception.
   at RDotNet.ProtectedPointer.Dispose()
   at RDotNet.REngine.Parse(String statement, StringBuilder incompleteStatement)
   at RDotNet.REngine.<Defer>d__0.MoveNext()
   at System.Linq.Enumerable.LastOrDefault[TSource](IEnumerable`1 source)
   at RDotNet.REngine.Evaluate(String statement)
   at EquationInclude.Include.R(String script) in C:\Projects\Blueocean\Link\LinkManager\Tools\EquationInclude\Include.cs:line 22
   at UserScript.RunScript.Eval()
   --- End of inner exception stack trace ---
   at System.RuntimeMethodHandle.InvokeMethod(Object target, Object[] arguments, Signature sig, Boolean constructor)
   at System.Reflection.RuntimeMethodInfo.UnsafeInvokeInternal(Object obj, Object[] parameters, Object[] arguments)
   at System.Reflection.RuntimeMethodInfo.Invoke(Object obj, BindingFlags invokeAttr, Binder binder, Object[] parameters, CultureInfo culture)
   at System.RuntimeType.InvokeMember(String name, BindingFlags bindingFlags, Binder binder, Object target, Object[] providedArgs, ParameterModifier[] modifiers, CultureInfo culture, String[] namedParams)
   at System.Type.InvokeMember(String name, BindingFlags invokeAttr, Binder binder, Object target, Object[] args)
   at DataCore.Classes.EquationAssembly.Evaluate(Object[] arguments) in C:\Projects\Blueocean\Link\LinkManager\Cores\DataCore\DataCore\Classes\EquationEvaluator.cs:line 123
   at DataCore.Classes.Equation.Calculate(Data filter, Database storageMethod, WeightingFilterCollection weights) in C:\Projects\Blueocean\Link\LinkManager\Cores\DataCore\DataCore\Classes\Equation.cs:line 262]]></Error>
    <Equation><![CDATA[Include.R("var_group1 <- c(25.5, 20.1)");  return 1000;]]></Equation>
  </Log>
  <Log Timestamp="01/02/2016 15:00:07">
    <Error><![CDATA[System.Reflection.TargetInvocationException: Exception has been thrown by the target of an invocation. ---> RDotNet.EvaluationException: Unable to retrieve an R error message. Evaluating 'geterrmessage()' fails. The R engine is not in a working state.
   at RDotNet.REngine.get_LastErrorMessage()
   at RDotNet.REngine.Parse(String statement, StringBuilder incompleteStatement)
   at RDotNet.REngine.<Defer>d__0.MoveNext()
   at System.Linq.Enumerable.LastOrDefault[TSource](IEnumerable`1 source)
   at RDotNet.REngine.Evaluate(String statement)
   at EquationInclude.Include.R(String script) in C:\Projects\Blueocean\Link\LinkManager\Tools\EquationInclude\Include.cs:line 22
   at UserScript.RunScript.Eval()
   --- End of inner exception stack trace ---
   at System.RuntimeMethodHandle.InvokeMethod(Object target, Object[] arguments, Signature sig, Boolean constructor)
   at System.Reflection.RuntimeMethodInfo.UnsafeInvokeInternal(Object obj, Object[] parameters, Object[] arguments)
   at System.Reflection.RuntimeMethodInfo.Invoke(Object obj, BindingFlags invokeAttr, Binder binder, Object[] parameters, CultureInfo culture)
   at System.RuntimeType.InvokeMember(String name, BindingFlags bindingFlags, Binder binder, Object target, Object[] providedArgs, ParameterModifier[] modifiers, CultureInfo culture, String[] namedParams)
   at System.Type.InvokeMember(String name, BindingFlags invokeAttr, Binder binder, Object target, Object[] args)
   at DataCore.Classes.EquationAssembly.Evaluate(Object[] arguments) in C:\Projects\Blueocean\Link\LinkManager\Cores\DataCore\DataCore\Classes\EquationEvaluator.cs:line 123
   at DataCore.Classes.Equation.Calculate(Data filter, Database storageMethod, WeightingFilterCollection weights) in C:\Projects\Blueocean\Link\LinkManager\Cores\DataCore\DataCore\Classes\Equation.cs:line 262]]></Error>
    <Equation><![CDATA[Include.R("var_group1 <- c(25.5, 20.1)");  return 1000;]]></Equation>
  </Log>
  <Log Timestamp="01/02/2016 15:00:07">
    <Error><![CDATA[System.Reflection.TargetInvocationException: Exception has been thrown by the target of an invocation. ---> RDotNet.EvaluationException: Unable to retrieve an R error message. Evaluating 'geterrmessage()' fails. The R engine is not in a working state.
   at RDotNet.REngine.get_LastErrorMessage()
   at RDotNet.REngine.Parse(String statement, StringBuilder incompleteStatement)
   at RDotNet.REngine.<Defer>d__0.MoveNext()
   at System.Linq.Enumerable.LastOrDefault[TSource](IEnumerable`1 source)
   at RDotNet.REngine.Evaluate(String statement)
   at EquationInclude.Include.R(String script) in C:\Projects\Blueocean\Link\LinkManager\Tools\EquationInclude\Include.cs:line 22
   at UserScript.RunScript.Eval()
   --- End of inner exception stack trace ---
   at System.RuntimeMethodHandle.InvokeMethod(Object target, Object[] arguments, Signature sig, Boolean constructor)
   at System.Reflection.RuntimeMethodInfo.UnsafeInvokeInternal(Object obj, Object[] parameters, Object[] arguments)
   at System.Reflection.RuntimeMethodInfo.Invoke(Object obj, BindingFlags invokeAttr, Binder binder, Object[] parameters, CultureInfo culture)
   at System.RuntimeType.InvokeMember(String name, BindingFlags bindingFlags, Binder binder, Object target, Object[] providedArgs, ParameterModifier[] modifiers, CultureInfo culture, String[] namedParams)
   at System.Type.InvokeMember(String name, BindingFlags invokeAttr, Binder binder, Object target, Object[] args)
   at DataCore.Classes.EquationAssembly.Evaluate(Object[] arguments) in C:\Projects\Blueocean\Link\LinkManager\Cores\DataCore\DataCore\Classes\EquationEvaluator.cs:line 123
   at DataCore.Classes.Equation.Calculate(Data filter, Database storageMethod, WeightingFilterCollection weights) in C:\Projects\Blueocean\Link\LinkManager\Cores\DataCore\DataCore\Classes\Equation.cs:line 262]]></Error>
    <Equation><![CDATA[Include.R("var_group1 <- c(25.5, 20.1)");  return 1000;]]></Equation>
  </Log>
  <Log Timestamp="01/02/2016 15:00:07">
    <Error><![CDATA[System.Reflection.TargetInvocationException: Exception has been thrown by the target of an invocation. ---> RDotNet.EvaluationException: Unable to retrieve an R error message. Evaluating 'geterrmessage()' fails. The R engine is not in a working state.
   at RDotNet.REngine.get_LastErrorMessage()
   at RDotNet.REngine.Parse(String statement, StringBuilder incompleteStatement)
   at RDotNet.REngine.<Defer>d__0.MoveNext()
   at System.Linq.Enumerable.LastOrDefault[TSource](IEnumerable`1 source)
   at RDotNet.REngine.Evaluate(String statement)
   at EquationInclude.Include.R(String script) in C:\Projects\Blueocean\Link\LinkManager\Tools\EquationInclude\Include.cs:line 22
   at UserScript.RunScript.Eval()
   --- End of inner exception stack trace ---
   at System.RuntimeMethodHandle.InvokeMethod(Object target, Object[] arguments, Signature sig, Boolean constructor)
   at System.Reflection.RuntimeMethodInfo.UnsafeInvokeInternal(Object obj, Object[] parameters, Object[] arguments)
   at System.Reflection.RuntimeMethodInfo.Invoke(Object obj, BindingFlags invokeAttr, Binder binder, Object[] parameters, CultureInfo culture)
   at System.RuntimeType.InvokeMember(String name, BindingFlags bindingFlags, Binder binder, Object target, Object[] providedArgs, ParameterModifier[] modifiers, CultureInfo culture, String[] namedParams)
   at System.Type.InvokeMember(String name, BindingFlags invokeAttr, Binder binder, Object target, Object[] args)
   at DataCore.Classes.EquationAssembly.Evaluate(Object[] arguments) in C:\Projects\Blueocean\Link\LinkManager\Cores\DataCore\DataCore\Classes\EquationEvaluator.cs:line 123
   at DataCore.Classes.Equation.Calculate(Data filter, Database storageMethod, WeightingFilterCollection weights) in C:\Projects\Blueocean\Link\LinkManager\Cores\DataCore\DataCore\Classes\Equation.cs:line 262]]></Error>
    <Equation><![CDATA[Include.R("var_group1 <- c(25.5, 20.1)");  return 1000;]]></Equation>
  </Log>
  <Log Timestamp="01/02/2016 15:00:07">
    <Error><![CDATA[System.Reflection.TargetInvocationException: Exception has been thrown by the target of an invocation. ---> RDotNet.EvaluationException: Unable to retrieve an R error message. Evaluating 'geterrmessage()' fails. The R engine is not in a working state.
   at RDotNet.REngine.get_LastErrorMessage()
   at RDotNet.REngine.Parse(String statement, StringBuilder incompleteStatement)
   at RDotNet.REngine.<Defer>d__0.MoveNext()
   at System.Linq.Enumerable.LastOrDefault[TSource](IEnumerable`1 source)
   at RDotNet.REngine.Evaluate(String statement)
   at EquationInclude.Include.R(String script) in C:\Projects\Blueocean\Link\LinkManager\Tools\EquationInclude\Include.cs:line 22
   at UserScript.RunScript.Eval()
   --- End of inner exception stack trace ---
   at System.RuntimeMethodHandle.InvokeMethod(Object target, Object[] arguments, Signature sig, Boolean constructor)
   at System.Reflection.RuntimeMethodInfo.UnsafeInvokeInternal(Object obj, Object[] parameters, Object[] arguments)
   at System.Reflection.RuntimeMethodInfo.Invoke(Object obj, BindingFlags invokeAttr, Binder binder, Object[] parameters, CultureInfo culture)
   at System.RuntimeType.InvokeMember(String name, BindingFlags bindingFlags, Binder binder, Object target, Object[] providedArgs, ParameterModifier[] modifiers, CultureInfo culture, String[] namedParams)
   at System.Type.InvokeMember(String name, BindingFlags invokeAttr, Binder binder, Object target, Object[] args)
   at DataCore.Classes.EquationAssembly.Evaluate(Object[] arguments) in C:\Projects\Blueocean\Link\LinkManager\Cores\DataCore\DataCore\Classes\EquationEvaluator.cs:line 123
   at DataCore.Classes.Equation.Calculate(Data filter, Database storageMethod, WeightingFilterCollection weights) in C:\Projects\Blueocean\Link\LinkManager\Cores\DataCore\DataCore\Classes\Equation.cs:line 262]]></Error>
    <Equation><![CDATA[Include.R("var_group1 <- c(25.5, 20.1)");  return 1000;]]></Equation>
  </Log>
  <Log Timestamp="01/02/2016 15:00:07">
    <Error><![CDATA[System.Reflection.TargetInvocationException: Exception has been thrown by the target of an invocation. ---> RDotNet.EvaluationException: Unable to retrieve an R error message. Evaluating 'geterrmessage()' fails. The R engine is not in a working state.
   at RDotNet.REngine.get_LastErrorMessage()
   at RDotNet.REngine.Parse(String statement, StringBuilder incompleteStatement)
   at RDotNet.REngine.<Defer>d__0.MoveNext()
   at System.Linq.Enumerable.LastOrDefault[TSource](IEnumerable`1 source)
   at RDotNet.REngine.Evaluate(String statement)
   at EquationInclude.Include.R(String script) in C:\Projects\Blueocean\Link\LinkManager\Tools\EquationInclude\Include.cs:line 22
   at UserScript.RunScript.Eval()
   --- End of inner exception stack trace ---
   at System.RuntimeMethodHandle.InvokeMethod(Object target, Object[] arguments, Signature sig, Boolean constructor)
   at System.Reflection.RuntimeMethodInfo.UnsafeInvokeInternal(Object obj, Object[] parameters, Object[] arguments)
   at System.Reflection.RuntimeMethodInfo.Invoke(Object obj, BindingFlags invokeAttr, Binder binder, Object[] parameters, CultureInfo culture)
   at System.RuntimeType.InvokeMember(String name, BindingFlags bindingFlags, Binder binder, Object target, Object[] providedArgs, ParameterModifier[] modifiers, CultureInfo culture, String[] namedParams)
   at System.Type.InvokeMember(String name, BindingFlags invokeAttr, Binder binder, Object target, Object[] args)
   at DataCore.Classes.EquationAssembly.Evaluate(Object[] arguments) in C:\Projects\Blueocean\Link\LinkManager\Cores\DataCore\DataCore\Classes\EquationEvaluator.cs:line 123
   at DataCore.Classes.Equation.Calculate(Data filter, Database storageMethod, WeightingFilterCollection weights) in C:\Projects\Blueocean\Link\LinkManager\Cores\DataCore\DataCore\Classes\Equation.cs:line 262]]></Error>
    <Equation><![CDATA[Include.R("var_group1 <- c(25.5, 20.1)");  return 1000;]]></Equation>
  </Log>
  <Log Timestamp="01/02/2016 15:00:07">
    <Error><![CDATA[System.Reflection.TargetInvocationException: Exception has been thrown by the target of an invocation. ---> RDotNet.EvaluationException: Error: could not find function "v"

   at RDotNet.REngine.Parse(String statement, StringBuilder incompleteStatement)
   at RDotNet.REngine.<Defer>d__0.MoveNext()
   at System.Linq.Enumerable.LastOrDefault[TSource](IEnumerable`1 source)
   at RDotNet.REngine.Evaluate(String statement)
   at EquationInclude.Include.R(String script) in C:\Projects\Blueocean\Link\LinkManager\Tools\EquationInclude\Include.cs:line 22
   at UserScript.RunScript.Eval()
   --- End of inner exception stack trace ---
   at System.RuntimeMethodHandle.InvokeMethod(Object target, Object[] arguments, Signature sig, Boolean constructor)
   at System.Reflection.RuntimeMethodInfo.UnsafeInvokeInternal(Object obj, Object[] parameters, Object[] arguments)
   at System.Reflection.RuntimeMethodInfo.Invoke(Object obj, BindingFlags invokeAttr, Binder binder, Object[] parameters, CultureInfo culture)
   at System.RuntimeType.InvokeMember(String name, BindingFlags bindingFlags, Binder binder, Object target, Object[] providedArgs, ParameterModifier[] modifiers, CultureInfo culture, String[] namedParams)
   at System.Type.InvokeMember(String name, BindingFlags invokeAttr, Binder binder, Object target, Object[] args)
   at DataCore.Classes.EquationAssembly.Evaluate(Object[] arguments) in C:\Projects\Blueocean\Link\LinkManager\Cores\DataCore\DataCore\Classes\EquationEvaluator.cs:line 123
   at DataCore.Classes.Equation.Calculate(Data filter, Database storageMethod, WeightingFilterCollection weights) in C:\Projects\Blueocean\Link\LinkManager\Cores\DataCore\DataCore\Classes\Equation.cs:line 262]]></Error>
    <Equation><![CDATA[Include.R("var_group1 <- c(25.5, 20.1)");  return 1000;]]></Equation>
  </Log>
  <Log Timestamp="01/02/2016 15:00:07">
    <Error><![CDATA[System.Reflection.TargetInvocationException: Exception has been thrown by the target of an invocation. ---> RDotNet.EvaluationException: Unable to retrieve an R error message. Evaluating 'geterrmessage()' fails. The R engine is not in a working state.
   at RDotNet.REngine.get_LastErrorMessage()
   at RDotNet.REngine.Parse(String statement, StringBuilder incompleteStatement)
   at RDotNet.REngine.<Defer>d__0.MoveNext()
   at System.Linq.Enumerable.LastOrDefault[TSource](IEnumerable`1 source)
   at RDotNet.REngine.Evaluate(String statement)
   at EquationInclude.Include.R(String script) in C:\Projects\Blueocean\Link\LinkManager\Tools\EquationInclude\Include.cs:line 22
   at UserScript.RunScript.Eval()
   --- End of inner exception stack trace ---
   at System.RuntimeMethodHandle.InvokeMethod(Object target, Object[] arguments, Signature sig, Boolean constructor)
   at System.Reflection.RuntimeMethodInfo.UnsafeInvokeInternal(Object obj, Object[] parameters, Object[] arguments)
   at System.Reflection.RuntimeMethodInfo.Invoke(Object obj, BindingFlags invokeAttr, Binder binder, Object[] parameters, CultureInfo culture)
   at System.RuntimeType.InvokeMember(String name, BindingFlags bindingFlags, Binder binder, Object target, Object[] providedArgs, ParameterModifier[] modifiers, CultureInfo culture, String[] namedParams)
   at System.Type.InvokeMember(String name, BindingFlags invokeAttr, Binder binder, Object target, Object[] args)
   at DataCore.Classes.EquationAssembly.Evaluate(Object[] arguments) in C:\Projects\Blueocean\Link\LinkManager\Cores\DataCore\DataCore\Classes\EquationEvaluator.cs:line 123
   at DataCore.Classes.Equation.Calculate(Data filter, Database storageMethod, WeightingFilterCollection weights) in C:\Projects\Blueocean\Link\LinkManager\Cores\DataCore\DataCore\Classes\Equation.cs:line 262]]></Error>
    <Equation><![CDATA[Include.R("var_group1 <- c(25.5, 20.1)");  return 1000;]]></Equation>
  </Log>
  <Log Timestamp="01/02/2016 15:00:07">
    <Error><![CDATA[System.Reflection.TargetInvocationException: Exception has been thrown by the target of an invocation. ---> RDotNet.EvaluationException: Unable to retrieve an R error message. Evaluating 'geterrmessage()' fails. The R engine is not in a working state.
   at RDotNet.REngine.get_LastErrorMessage()
   at RDotNet.REngine.Parse(String statement, StringBuilder incompleteStatement)
   at RDotNet.REngine.<Defer>d__0.MoveNext()
   at System.Linq.Enumerable.LastOrDefault[TSource](IEnumerable`1 source)
   at RDotNet.REngine.Evaluate(String statement)
   at EquationInclude.Include.R(String script) in C:\Projects\Blueocean\Link\LinkManager\Tools\EquationInclude\Include.cs:line 22
   at UserScript.RunScript.Eval()
   --- End of inner exception stack trace ---
   at System.RuntimeMethodHandle.InvokeMethod(Object target, Object[] arguments, Signature sig, Boolean constructor)
   at System.Reflection.RuntimeMethodInfo.UnsafeInvokeInternal(Object obj, Object[] parameters, Object[] arguments)
   at System.Reflection.RuntimeMethodInfo.Invoke(Object obj, BindingFlags invokeAttr, Binder binder, Object[] parameters, CultureInfo culture)
   at System.RuntimeType.InvokeMember(String name, BindingFlags bindingFlags, Binder binder, Object target, Object[] providedArgs, ParameterModifier[] modifiers, CultureInfo culture, String[] namedParams)
   at System.Type.InvokeMember(String name, BindingFlags invokeAttr, Binder binder, Object target, Object[] args)
   at DataCore.Classes.EquationAssembly.Evaluate(Object[] arguments) in C:\Projects\Blueocean\Link\LinkManager\Cores\DataCore\DataCore\Classes\EquationEvaluator.cs:line 123
   at DataCore.Classes.Equation.Calculate(Data filter, Database storageMethod, WeightingFilterCollection weights) in C:\Projects\Blueocean\Link\LinkManager\Cores\DataCore\DataCore\Classes\Equation.cs:line 262]]></Error>
    <Equation><![CDATA[Include.R("var_group1 <- c(25.5, 20.1)");  return 1000;]]></Equation>
  </Log>
  <Log Timestamp="01/02/2016 15:00:07">
    <Error><![CDATA[System.Reflection.TargetInvocationException: Exception has been thrown by the target of an invocation. ---> RDotNet.EvaluationException: Unable to retrieve an R error message. Evaluating 'geterrmessage()' fails. The R engine is not in a working state.
   at RDotNet.REngine.get_LastErrorMessage()
   at RDotNet.REngine.Parse(String statement, StringBuilder incompleteStatement)
   at RDotNet.REngine.<Defer>d__0.MoveNext()
   at System.Linq.Enumerable.LastOrDefault[TSource](IEnumerable`1 source)
   at RDotNet.REngine.Evaluate(String statement)
   at EquationInclude.Include.R(String script) in C:\Projects\Blueocean\Link\LinkManager\Tools\EquationInclude\Include.cs:line 22
   at UserScript.RunScript.Eval()
   --- End of inner exception stack trace ---
   at System.RuntimeMethodHandle.InvokeMethod(Object target, Object[] arguments, Signature sig, Boolean constructor)
   at System.Reflection.RuntimeMethodInfo.UnsafeInvokeInternal(Object obj, Object[] parameters, Object[] arguments)
   at System.Reflection.RuntimeMethodInfo.Invoke(Object obj, BindingFlags invokeAttr, Binder binder, Object[] parameters, CultureInfo culture)
   at System.RuntimeType.InvokeMember(String name, BindingFlags bindingFlags, Binder binder, Object target, Object[] providedArgs, ParameterModifier[] modifiers, CultureInfo culture, String[] namedParams)
   at System.Type.InvokeMember(String name, BindingFlags invokeAttr, Binder binder, Object target, Object[] args)
   at DataCore.Classes.EquationAssembly.Evaluate(Object[] arguments) in C:\Projects\Blueocean\Link\LinkManager\Cores\DataCore\DataCore\Classes\EquationEvaluator.cs:line 123
   at DataCore.Classes.Equation.Calculate(Data filter, Database storageMethod, WeightingFilterCollection weights) in C:\Projects\Blueocean\Link\LinkManager\Cores\DataCore\DataCore\Classes\Equation.cs:line 262]]></Error>
    <Equation><![CDATA[Include.R("var_group1 <- c(25.5, 20.1)");  return 1000;]]></Equation>
  </Log>
  <Log Timestamp="01/02/2016 15:00:07">
    <Error><![CDATA[System.Reflection.TargetInvocationException: Exception has been thrown by the target of an invocation. ---> RDotNet.EvaluationException: Unable to retrieve an R error message. Evaluating 'geterrmessage()' fails. The R engine is not in a working state.
   at RDotNet.REngine.get_LastErrorMessage()
   at RDotNet.REngine.Parse(String statement, StringBuilder incompleteStatement)
   at RDotNet.REngine.<Defer>d__0.MoveNext()
   at System.Linq.Enumerable.LastOrDefault[TSource](IEnumerable`1 source)
   at RDotNet.REngine.Evaluate(String statement)
   at EquationInclude.Include.R(String script) in C:\Projects\Blueocean\Link\LinkManager\Tools\EquationInclude\Include.cs:line 22
   at UserScript.RunScript.Eval()
   --- End of inner exception stack trace ---
   at System.RuntimeMethodHandle.InvokeMethod(Object target, Object[] arguments, Signature sig, Boolean constructor)
   at System.Reflection.RuntimeMethodInfo.UnsafeInvokeInternal(Object obj, Object[] parameters, Object[] arguments)
   at System.Reflection.RuntimeMethodInfo.Invoke(Object obj, BindingFlags invokeAttr, Binder binder, Object[] parameters, CultureInfo culture)
   at System.RuntimeType.InvokeMember(String name, BindingFlags bindingFlags, Binder binder, Object target, Object[] providedArgs, ParameterModifier[] modifiers, CultureInfo culture, String[] namedParams)
   at System.Type.InvokeMember(String name, BindingFlags invokeAttr, Binder binder, Object target, Object[] args)
   at DataCore.Classes.EquationAssembly.Evaluate(Object[] arguments) in C:\Projects\Blueocean\Link\LinkManager\Cores\DataCore\DataCore\Classes\EquationEvaluator.cs:line 123
   at DataCore.Classes.Equation.Calculate(Data filter, Database storageMethod, WeightingFilterCollection weights) in C:\Projects\Blueocean\Link\LinkManager\Cores\DataCore\DataCore\Classes\Equation.cs:line 262]]></Error>
    <Equation><![CDATA[Include.R("var_group1 <- c(25.5, 20.1)");  return 1000;]]></Equation>
  </Log>
  <Log Timestamp="01/02/2016 15:00:07">
    <Error><![CDATA[System.Reflection.TargetInvocationException: Exception has been thrown by the target of an invocation. ---> RDotNet.EvaluationException: Unable to retrieve an R error message. Evaluating 'geterrmessage()' fails. The R engine is not in a working state.
   at RDotNet.REngine.get_LastErrorMessage()
   at RDotNet.REngine.Parse(String statement, StringBuilder incompleteStatement)
   at RDotNet.REngine.<Defer>d__0.MoveNext()
   at System.Linq.Enumerable.LastOrDefault[TSource](IEnumerable`1 source)
   at RDotNet.REngine.Evaluate(String statement)
   at EquationInclude.Include.R(String script) in C:\Projects\Blueocean\Link\LinkManager\Tools\EquationInclude\Include.cs:line 22
   at UserScript.RunScript.Eval()
   --- End of inner exception stack trace ---
   at System.RuntimeMethodHandle.InvokeMethod(Object target, Object[] arguments, Signature sig, Boolean constructor)
   at System.Reflection.RuntimeMethodInfo.UnsafeInvokeInternal(Object obj, Object[] parameters, Object[] arguments)
   at System.Reflection.RuntimeMethodInfo.Invoke(Object obj, BindingFlags invokeAttr, Binder binder, Object[] parameters, CultureInfo culture)
   at System.RuntimeType.InvokeMember(String name, BindingFlags bindingFlags, Binder binder, Object target, Object[] providedArgs, ParameterModifier[] modifiers, CultureInfo culture, String[] namedParams)
   at System.Type.InvokeMember(String name, BindingFlags invokeAttr, Binder binder, Object target, Object[] args)
   at DataCore.Classes.EquationAssembly.Evaluate(Object[] arguments) in C:\Projects\Blueocean\Link\LinkManager\Cores\DataCore\DataCore\Classes\EquationEvaluator.cs:line 123
   at DataCore.Classes.Equation.Calculate(Data filter, Database storageMethod, WeightingFilterCollection weights) in C:\Projects\Blueocean\Link\LinkManager\Cores\DataCore\DataCore\Classes\Equation.cs:line 262]]></Error>
    <Equation><![CDATA[Include.R("var_group1 <- c(25.5, 20.1)");  return 1000;]]></Equation>
  </Log>
  <Log Timestamp="01/02/2016 15:00:07">
    <Error><![CDATA[System.Reflection.TargetInvocationException: Exception has been thrown by the target of an invocation. ---> RDotNet.EvaluationException: Unable to retrieve an R error message. Evaluating 'geterrmessage()' fails. The R engine is not in a working state.
   at RDotNet.REngine.get_LastErrorMessage()
   at RDotNet.REngine.Parse(String statement, StringBuilder incompleteStatement)
   at RDotNet.REngine.<Defer>d__0.MoveNext()
   at System.Linq.Enumerable.LastOrDefault[TSource](IEnumerable`1 source)
   at RDotNet.REngine.Evaluate(String statement)
   at EquationInclude.Include.R(String script) in C:\Projects\Blueocean\Link\LinkManager\Tools\EquationInclude\Include.cs:line 22
   at UserScript.RunScript.Eval()
   --- End of inner exception stack trace ---
   at System.RuntimeMethodHandle.InvokeMethod(Object target, Object[] arguments, Signature sig, Boolean constructor)
   at System.Reflection.RuntimeMethodInfo.UnsafeInvokeInternal(Object obj, Object[] parameters, Object[] arguments)
   at System.Reflection.RuntimeMethodInfo.Invoke(Object obj, BindingFlags invokeAttr, Binder binder, Object[] parameters, CultureInfo culture)
   at System.RuntimeType.InvokeMember(String name, BindingFlags bindingFlags, Binder binder, Object target, Object[] providedArgs, ParameterModifier[] modifiers, CultureInfo culture, String[] namedParams)
   at System.Type.InvokeMember(String name, BindingFlags invokeAttr, Binder binder, Object target, Object[] args)
   at DataCore.Classes.EquationAssembly.Evaluate(Object[] arguments) in C:\Projects\Blueocean\Link\LinkManager\Cores\DataCore\DataCore\Classes\EquationEvaluator.cs:line 123
   at DataCore.Classes.Equation.Calculate(Data filter, Database storageMethod, WeightingFilterCollection weights) in C:\Projects\Blueocean\Link\LinkManager\Cores\DataCore\DataCore\Classes\Equation.cs:line 262]]></Error>
    <Equation><![CDATA[Include.R("var_group1 <- c(25.5, 20.1)");  return 1000;]]></Equation>
  </Log>
  <Log Timestamp="01/02/2016 15:00:07">
    <Error><![CDATA[System.Reflection.TargetInvocationException: Exception has been thrown by the target of an invocation. ---> RDotNet.EvaluationException: Unable to retrieve an R error message. Evaluating 'geterrmessage()' fails. The R engine is not in a working state.
   at RDotNet.REngine.get_LastErrorMessage()
   at RDotNet.REngine.Parse(String statement, StringBuilder incompleteStatement)
   at RDotNet.REngine.<Defer>d__0.MoveNext()
   at System.Linq.Enumerable.LastOrDefault[TSource](IEnumerable`1 source)
   at RDotNet.REngine.Evaluate(String statement)
   at EquationInclude.Include.R(String script) in C:\Projects\Blueocean\Link\LinkManager\Tools\EquationInclude\Include.cs:line 22
   at UserScript.RunScript.Eval()
   --- End of inner exception stack trace ---
   at System.RuntimeMethodHandle.InvokeMethod(Object target, Object[] arguments, Signature sig, Boolean constructor)
   at System.Reflection.RuntimeMethodInfo.UnsafeInvokeInternal(Object obj, Object[] parameters, Object[] arguments)
   at System.Reflection.RuntimeMethodInfo.Invoke(Object obj, BindingFlags invokeAttr, Binder binder, Object[] parameters, CultureInfo culture)
   at System.RuntimeType.InvokeMember(String name, BindingFlags bindingFlags, Binder binder, Object target, Object[] providedArgs, ParameterModifier[] modifiers, CultureInfo culture, String[] namedParams)
   at System.Type.InvokeMember(String name, BindingFlags invokeAttr, Binder binder, Object target, Object[] args)
   at DataCore.Classes.EquationAssembly.Evaluate(Object[] arguments) in C:\Projects\Blueocean\Link\LinkManager\Cores\DataCore\DataCore\Classes\EquationEvaluator.cs:line 123
   at DataCore.Classes.Equation.Calculate(Data filter, Database storageMethod, WeightingFilterCollection weights) in C:\Projects\Blueocean\Link\LinkManager\Cores\DataCore\DataCore\Classes\Equation.cs:line 262]]></Error>
    <Equation><![CDATA[Include.R("var_group1 <- c(25.5, 20.1)");  return 1000;]]></Equation>
  </Log>
  <Log Timestamp="01/02/2016 15:00:07">
    <Error><![CDATA[System.Reflection.TargetInvocationException: Exception has been thrown by the target of an invocation. ---> RDotNet.EvaluationException: Unable to retrieve an R error message. Evaluating 'geterrmessage()' fails. The R engine is not in a working state.
   at RDotNet.REngine.get_LastErrorMessage()
   at RDotNet.REngine.Parse(String statement, StringBuilder incompleteStatement)
   at RDotNet.REngine.<Defer>d__0.MoveNext()
   at System.Linq.Enumerable.LastOrDefault[TSource](IEnumerable`1 source)
   at RDotNet.REngine.Evaluate(String statement)
   at EquationInclude.Include.R(String script) in C:\Projects\Blueocean\Link\LinkManager\Tools\EquationInclude\Include.cs:line 22
   at UserScript.RunScript.Eval()
   --- End of inner exception stack trace ---
   at System.RuntimeMethodHandle.InvokeMethod(Object target, Object[] arguments, Signature sig, Boolean constructor)
   at System.Reflection.RuntimeMethodInfo.UnsafeInvokeInternal(Object obj, Object[] parameters, Object[] arguments)
   at System.Reflection.RuntimeMethodInfo.Invoke(Object obj, BindingFlags invokeAttr, Binder binder, Object[] parameters, CultureInfo culture)
   at System.RuntimeType.InvokeMember(String name, BindingFlags bindingFlags, Binder binder, Object target, Object[] providedArgs, ParameterModifier[] modifiers, CultureInfo culture, String[] namedParams)
   at System.Type.InvokeMember(String name, BindingFlags invokeAttr, Binder binder, Object target, Object[] args)
   at DataCore.Classes.EquationAssembly.Evaluate(Object[] arguments) in C:\Projects\Blueocean\Link\LinkManager\Cores\DataCore\DataCore\Classes\EquationEvaluator.cs:line 123
   at DataCore.Classes.Equation.Calculate(Data filter, Database storageMethod, WeightingFilterCollection weights) in C:\Projects\Blueocean\Link\LinkManager\Cores\DataCore\DataCore\Classes\Equation.cs:line 262]]></Error>
    <Equation><![CDATA[Include.R("var_group1 <- c(25.5, 20.1)");  return 1000;]]></Equation>
  </Log>
</Logs>