<Logs>
  <Log Timestamp="13/11/2015 12:04:20">
    <Error><![CDATA[System.IO.FileNotFoundException: Could not load file or assembly 'file:///C:\WINDOWS\TEMP\esizc4tq.dll' or one of its dependencies. The system cannot find the file specified.
File name: 'file:///C:\WINDOWS\TEMP\esizc4tq.dll'
   at System.Reflection.RuntimeAssembly._nLoad(AssemblyName fileName, String codeBase, Evidence assemblySecurity, RuntimeAssembly locationHint, StackCrawlMark& stackMark, IntPtr pPrivHostBinder, Boolean throwOnFileNotFound, Boolean forIntrospection, Boolean suppressSecurityChecks)
   at System.Reflection.RuntimeAssembly.InternalLoadAssemblyName(AssemblyName assemblyRef, Evidence assemblySecurity, RuntimeAssembly reqAssembly, StackCrawlMark& stackMark, IntPtr pPrivHostBinder, Boolean throwOnFileNotFound, Boolean forIntrospection, Boolean suppressSecurityChecks)
   at System.Reflection.Assembly.Load(AssemblyName assemblyRef, Evidence assemblySecurity)
   at System.CodeDom.Compiler.CompilerResults.get_CompiledAssembly()
   at DataCore.Classes.EquationEvaluator.Eval(Data filter, Database storageMethod, WeightingFilterCollection weights) in C:\Projects\Blueocean\Link\LinkManager\Cores\DataCore\DataCore\Classes\EquationEvaluator.cs:line 59
   at DataCore.Classes.Equation.Calculate(Data filter, Database storageMethod, WeightingFilterCollection weights) in C:\Projects\Blueocean\Link\LinkManager\Cores\DataCore\DataCore\Classes\Equation.cs:line 195

WRN: Assembly binding logging is turned OFF.
To enable assembly bind failure logging, set the registry value [HKLM\Software\Microsoft\Fusion!EnableLog] (DWORD) to 1.
Note: There is some performance penalty associated with assembly bind failure logging.
To turn this feature off, remove the registry value [HKLM\Software\Microsoft\Fusion!EnableLog].
]]></Error>
    <Equation><![CDATA[SigDiff(([MonthofData.June2014] - [MonthofData.July2014]), [MonthofData], ([MonthofData.August2014] - [MonthofData.September2014]), [MonthofData], 95) ? "yes" : "no"]]></Equation>
  </Log>
  <Log Timestamp="13/11/2015 12:04:21">
    <Error><![CDATA[System.IO.FileNotFoundException: Could not load file or assembly 'file:///C:\WINDOWS\TEMP\n5eznu2g.dll' or one of its dependencies. The system cannot find the file specified.
File name: 'file:///C:\WINDOWS\TEMP\n5eznu2g.dll'
   at System.Reflection.RuntimeAssembly._nLoad(AssemblyName fileName, String codeBase, Evidence assemblySecurity, RuntimeAssembly locationHint, StackCrawlMark& stackMark, IntPtr pPrivHostBinder, Boolean throwOnFileNotFound, Boolean forIntrospection, Boolean suppressSecurityChecks)
   at System.Reflection.RuntimeAssembly.InternalLoadAssemblyName(AssemblyName assemblyRef, Evidence assemblySecurity, RuntimeAssembly reqAssembly, StackCrawlMark& stackMark, IntPtr pPrivHostBinder, Boolean throwOnFileNotFound, Boolean forIntrospection, Boolean suppressSecurityChecks)
   at System.Reflection.Assembly.Load(AssemblyName assemblyRef, Evidence assemblySecurity)
   at System.CodeDom.Compiler.CompilerResults.get_CompiledAssembly()
   at DataCore.Classes.EquationEvaluator.Eval(Data filter, Database storageMethod, WeightingFilterCollection weights) in C:\Projects\Blueocean\Link\LinkManager\Cores\DataCore\DataCore\Classes\EquationEvaluator.cs:line 59
   at DataCore.Classes.Equation.Calculate(Data filter, Database storageMethod, WeightingFilterCollection weights) in C:\Projects\Blueocean\Link\LinkManager\Cores\DataCore\DataCore\Classes\Equation.cs:line 195

WRN: Assembly binding logging is turned OFF.
To enable assembly bind failure logging, set the registry value [HKLM\Software\Microsoft\Fusion!EnableLog] (DWORD) to 1.
Note: There is some performance penalty associated with assembly bind failure logging.
To turn this feature off, remove the registry value [HKLM\Software\Microsoft\Fusion!EnableLog].
]]></Error>
    <Equation><![CDATA[SigDiff(([MonthofData.June2014] - [MonthofData.July2014]), [MonthofData], ([MonthofData.August2014] - [MonthofData.September2014]), [MonthofData], 95) ? "yes" : "no"]]></Equation>
  </Log>
  <Log Timestamp="13/11/2015 12:04:22">
    <Error><![CDATA[System.IO.FileNotFoundException: Could not load file or assembly 'file:///C:\WINDOWS\TEMP\pbjwu3xc.dll' or one of its dependencies. The system cannot find the file specified.
File name: 'file:///C:\WINDOWS\TEMP\pbjwu3xc.dll'
   at System.Reflection.RuntimeAssembly._nLoad(AssemblyName fileName, String codeBase, Evidence assemblySecurity, RuntimeAssembly locationHint, StackCrawlMark& stackMark, IntPtr pPrivHostBinder, Boolean throwOnFileNotFound, Boolean forIntrospection, Boolean suppressSecurityChecks)
   at System.Reflection.RuntimeAssembly.InternalLoadAssemblyName(AssemblyName assemblyRef, Evidence assemblySecurity, RuntimeAssembly reqAssembly, StackCrawlMark& stackMark, IntPtr pPrivHostBinder, Boolean throwOnFileNotFound, Boolean forIntrospection, Boolean suppressSecurityChecks)
   at System.Reflection.Assembly.Load(AssemblyName assemblyRef, Evidence assemblySecurity)
   at System.CodeDom.Compiler.CompilerResults.get_CompiledAssembly()
   at DataCore.Classes.EquationEvaluator.Eval(Data filter, Database storageMethod, WeightingFilterCollection weights) in C:\Projects\Blueocean\Link\LinkManager\Cores\DataCore\DataCore\Classes\EquationEvaluator.cs:line 59
   at DataCore.Classes.Equation.Calculate(Data filter, Database storageMethod, WeightingFilterCollection weights) in C:\Projects\Blueocean\Link\LinkManager\Cores\DataCore\DataCore\Classes\Equation.cs:line 195

WRN: Assembly binding logging is turned OFF.
To enable assembly bind failure logging, set the registry value [HKLM\Software\Microsoft\Fusion!EnableLog] (DWORD) to 1.
Note: There is some performance penalty associated with assembly bind failure logging.
To turn this feature off, remove the registry value [HKLM\Software\Microsoft\Fusion!EnableLog].
]]></Error>
    <Equation><![CDATA[SigDiff(([MonthofData.June2014] - [MonthofData.July2014]), [MonthofData], ([MonthofData.August2014] - [MonthofData.September2014]), [MonthofData], 95) ? "yes" : "no"]]></Equation>
  </Log>
  <Log Timestamp="13/11/2015 12:04:22">
    <Error><![CDATA[System.IO.FileNotFoundException: Could not load file or assembly 'file:///C:\WINDOWS\TEMP\n33m4ym4.dll' or one of its dependencies. The system cannot find the file specified.
File name: 'file:///C:\WINDOWS\TEMP\n33m4ym4.dll'
   at System.Reflection.RuntimeAssembly._nLoad(AssemblyName fileName, String codeBase, Evidence assemblySecurity, RuntimeAssembly locationHint, StackCrawlMark& stackMark, IntPtr pPrivHostBinder, Boolean throwOnFileNotFound, Boolean forIntrospection, Boolean suppressSecurityChecks)
   at System.Reflection.RuntimeAssembly.InternalLoadAssemblyName(AssemblyName assemblyRef, Evidence assemblySecurity, RuntimeAssembly reqAssembly, StackCrawlMark& stackMark, IntPtr pPrivHostBinder, Boolean throwOnFileNotFound, Boolean forIntrospection, Boolean suppressSecurityChecks)
   at System.Reflection.Assembly.Load(AssemblyName assemblyRef, Evidence assemblySecurity)
   at System.CodeDom.Compiler.CompilerResults.get_CompiledAssembly()
   at DataCore.Classes.EquationEvaluator.Eval(Data filter, Database storageMethod, WeightingFilterCollection weights) in C:\Projects\Blueocean\Link\LinkManager\Cores\DataCore\DataCore\Classes\EquationEvaluator.cs:line 59
   at DataCore.Classes.Equation.Calculate(Data filter, Database storageMethod, WeightingFilterCollection weights) in C:\Projects\Blueocean\Link\LinkManager\Cores\DataCore\DataCore\Classes\Equation.cs:line 195

WRN: Assembly binding logging is turned OFF.
To enable assembly bind failure logging, set the registry value [HKLM\Software\Microsoft\Fusion!EnableLog] (DWORD) to 1.
Note: There is some performance penalty associated with assembly bind failure logging.
To turn this feature off, remove the registry value [HKLM\Software\Microsoft\Fusion!EnableLog].
]]></Error>
    <Equation><![CDATA[SigDiff(([MonthofData.June2014] - [MonthofData.July2014]), [MonthofData], ([MonthofData.August2014] - [MonthofData.September2014]), [MonthofData], 95) ? "yes" : "no"]]></Equation>
  </Log>
  <Log Timestamp="13/11/2015 12:04:58">
    <Error><![CDATA[System.IO.FileNotFoundException: Could not load file or assembly 'file:///C:\WINDOWS\TEMP\bxih1qbw.dll' or one of its dependencies. The system cannot find the file specified.
File name: 'file:///C:\WINDOWS\TEMP\bxih1qbw.dll'
   at System.Reflection.RuntimeAssembly._nLoad(AssemblyName fileName, String codeBase, Evidence assemblySecurity, RuntimeAssembly locationHint, StackCrawlMark& stackMark, IntPtr pPrivHostBinder, Boolean throwOnFileNotFound, Boolean forIntrospection, Boolean suppressSecurityChecks)
   at System.Reflection.RuntimeAssembly.InternalLoadAssemblyName(AssemblyName assemblyRef, Evidence assemblySecurity, RuntimeAssembly reqAssembly, StackCrawlMark& stackMark, IntPtr pPrivHostBinder, Boolean throwOnFileNotFound, Boolean forIntrospection, Boolean suppressSecurityChecks)
   at System.Reflection.Assembly.Load(AssemblyName assemblyRef, Evidence assemblySecurity)
   at System.CodeDom.Compiler.CompilerResults.get_CompiledAssembly()
   at DataCore.Classes.EquationEvaluator.Eval(Data filter, Database storageMethod, WeightingFilterCollection weights) in C:\Projects\Blueocean\Link\LinkManager\Cores\DataCore\DataCore\Classes\EquationEvaluator.cs:line 59
   at DataCore.Classes.Equation.Calculate(Data filter, Database storageMethod, WeightingFilterCollection weights) in C:\Projects\Blueocean\Link\LinkManager\Cores\DataCore\DataCore\Classes\Equation.cs:line 195

WRN: Assembly binding logging is turned OFF.
To enable assembly bind failure logging, set the registry value [HKLM\Software\Microsoft\Fusion!EnableLog] (DWORD) to 1.
Note: There is some performance penalty associated with assembly bind failure logging.
To turn this feature off, remove the registry value [HKLM\Software\Microsoft\Fusion!EnableLog].
]]></Error>
    <Equation><![CDATA[SigDiff(([MonthofData.June2014] - [MonthofData.July2014]), [MonthofData], ([MonthofData.August2014] - [MonthofData.September2014]), [MonthofData], 95) ? 1000 : 0]]></Equation>
  </Log>
  <Log Timestamp="13/11/2015 12:04:59">
    <Error><![CDATA[System.IO.FileNotFoundException: Could not load file or assembly 'file:///C:\WINDOWS\TEMP\sc0uaxva.dll' or one of its dependencies. The system cannot find the file specified.
File name: 'file:///C:\WINDOWS\TEMP\sc0uaxva.dll'
   at System.Reflection.RuntimeAssembly._nLoad(AssemblyName fileName, String codeBase, Evidence assemblySecurity, RuntimeAssembly locationHint, StackCrawlMark& stackMark, IntPtr pPrivHostBinder, Boolean throwOnFileNotFound, Boolean forIntrospection, Boolean suppressSecurityChecks)
   at System.Reflection.RuntimeAssembly.InternalLoadAssemblyName(AssemblyName assemblyRef, Evidence assemblySecurity, RuntimeAssembly reqAssembly, StackCrawlMark& stackMark, IntPtr pPrivHostBinder, Boolean throwOnFileNotFound, Boolean forIntrospection, Boolean suppressSecurityChecks)
   at System.Reflection.Assembly.Load(AssemblyName assemblyRef, Evidence assemblySecurity)
   at System.CodeDom.Compiler.CompilerResults.get_CompiledAssembly()
   at DataCore.Classes.EquationEvaluator.Eval(Data filter, Database storageMethod, WeightingFilterCollection weights) in C:\Projects\Blueocean\Link\LinkManager\Cores\DataCore\DataCore\Classes\EquationEvaluator.cs:line 59
   at DataCore.Classes.Equation.Calculate(Data filter, Database storageMethod, WeightingFilterCollection weights) in C:\Projects\Blueocean\Link\LinkManager\Cores\DataCore\DataCore\Classes\Equation.cs:line 195

WRN: Assembly binding logging is turned OFF.
To enable assembly bind failure logging, set the registry value [HKLM\Software\Microsoft\Fusion!EnableLog] (DWORD) to 1.
Note: There is some performance penalty associated with assembly bind failure logging.
To turn this feature off, remove the registry value [HKLM\Software\Microsoft\Fusion!EnableLog].
]]></Error>
    <Equation><![CDATA[SigDiff(([MonthofData.June2014] - [MonthofData.July2014]), [MonthofData], ([MonthofData.August2014] - [MonthofData.September2014]), [MonthofData], 95) ? 1000 : 0]]></Equation>
  </Log>
  <Log Timestamp="13/11/2015 12:04:59">
    <Error><![CDATA[System.IO.FileNotFoundException: Could not load file or assembly 'file:///C:\WINDOWS\TEMP\qtcmcl53.dll' or one of its dependencies. The system cannot find the file specified.
File name: 'file:///C:\WINDOWS\TEMP\qtcmcl53.dll'
   at System.Reflection.RuntimeAssembly._nLoad(AssemblyName fileName, String codeBase, Evidence assemblySecurity, RuntimeAssembly locationHint, StackCrawlMark& stackMark, IntPtr pPrivHostBinder, Boolean throwOnFileNotFound, Boolean forIntrospection, Boolean suppressSecurityChecks)
   at System.Reflection.RuntimeAssembly.InternalLoadAssemblyName(AssemblyName assemblyRef, Evidence assemblySecurity, RuntimeAssembly reqAssembly, StackCrawlMark& stackMark, IntPtr pPrivHostBinder, Boolean throwOnFileNotFound, Boolean forIntrospection, Boolean suppressSecurityChecks)
   at System.Reflection.Assembly.Load(AssemblyName assemblyRef, Evidence assemblySecurity)
   at System.CodeDom.Compiler.CompilerResults.get_CompiledAssembly()
   at DataCore.Classes.EquationEvaluator.Eval(Data filter, Database storageMethod, WeightingFilterCollection weights) in C:\Projects\Blueocean\Link\LinkManager\Cores\DataCore\DataCore\Classes\EquationEvaluator.cs:line 59
   at DataCore.Classes.Equation.Calculate(Data filter, Database storageMethod, WeightingFilterCollection weights) in C:\Projects\Blueocean\Link\LinkManager\Cores\DataCore\DataCore\Classes\Equation.cs:line 195

WRN: Assembly binding logging is turned OFF.
To enable assembly bind failure logging, set the registry value [HKLM\Software\Microsoft\Fusion!EnableLog] (DWORD) to 1.
Note: There is some performance penalty associated with assembly bind failure logging.
To turn this feature off, remove the registry value [HKLM\Software\Microsoft\Fusion!EnableLog].
]]></Error>
    <Equation><![CDATA[SigDiff(([MonthofData.June2014] - [MonthofData.July2014]), [MonthofData], ([MonthofData.August2014] - [MonthofData.September2014]), [MonthofData], 95) ? 1000 : 0]]></Equation>
  </Log>
  <Log Timestamp="13/11/2015 12:05:00">
    <Error><![CDATA[System.IO.FileNotFoundException: Could not load file or assembly 'file:///C:\WINDOWS\TEMP\r52goaao.dll' or one of its dependencies. The system cannot find the file specified.
File name: 'file:///C:\WINDOWS\TEMP\r52goaao.dll'
   at System.Reflection.RuntimeAssembly._nLoad(AssemblyName fileName, String codeBase, Evidence assemblySecurity, RuntimeAssembly locationHint, StackCrawlMark& stackMark, IntPtr pPrivHostBinder, Boolean throwOnFileNotFound, Boolean forIntrospection, Boolean suppressSecurityChecks)
   at System.Reflection.RuntimeAssembly.InternalLoadAssemblyName(AssemblyName assemblyRef, Evidence assemblySecurity, RuntimeAssembly reqAssembly, StackCrawlMark& stackMark, IntPtr pPrivHostBinder, Boolean throwOnFileNotFound, Boolean forIntrospection, Boolean suppressSecurityChecks)
   at System.Reflection.Assembly.Load(AssemblyName assemblyRef, Evidence assemblySecurity)
   at System.CodeDom.Compiler.CompilerResults.get_CompiledAssembly()
   at DataCore.Classes.EquationEvaluator.Eval(Data filter, Database storageMethod, WeightingFilterCollection weights) in C:\Projects\Blueocean\Link\LinkManager\Cores\DataCore\DataCore\Classes\EquationEvaluator.cs:line 59
   at DataCore.Classes.Equation.Calculate(Data filter, Database storageMethod, WeightingFilterCollection weights) in C:\Projects\Blueocean\Link\LinkManager\Cores\DataCore\DataCore\Classes\Equation.cs:line 195

WRN: Assembly binding logging is turned OFF.
To enable assembly bind failure logging, set the registry value [HKLM\Software\Microsoft\Fusion!EnableLog] (DWORD) to 1.
Note: There is some performance penalty associated with assembly bind failure logging.
To turn this feature off, remove the registry value [HKLM\Software\Microsoft\Fusion!EnableLog].
]]></Error>
    <Equation><![CDATA[SigDiff(([MonthofData.June2014] - [MonthofData.July2014]), [MonthofData], ([MonthofData.August2014] - [MonthofData.September2014]), [MonthofData], 95) ? 1000 : 0]]></Equation>
  </Log>
  <Log Timestamp="13/11/2015 12:07:29">
    <Error><![CDATA[System.IO.FileNotFoundException: Could not load file or assembly 'file:///C:\WINDOWS\TEMP\2dni3ng3.dll' or one of its dependencies. The system cannot find the file specified.
File name: 'file:///C:\WINDOWS\TEMP\2dni3ng3.dll'
   at System.Reflection.RuntimeAssembly._nLoad(AssemblyName fileName, String codeBase, Evidence assemblySecurity, RuntimeAssembly locationHint, StackCrawlMark& stackMark, IntPtr pPrivHostBinder, Boolean throwOnFileNotFound, Boolean forIntrospection, Boolean suppressSecurityChecks)
   at System.Reflection.RuntimeAssembly.InternalLoadAssemblyName(AssemblyName assemblyRef, Evidence assemblySecurity, RuntimeAssembly reqAssembly, StackCrawlMark& stackMark, IntPtr pPrivHostBinder, Boolean throwOnFileNotFound, Boolean forIntrospection, Boolean suppressSecurityChecks)
   at System.Reflection.Assembly.Load(AssemblyName assemblyRef, Evidence assemblySecurity)
   at System.CodeDom.Compiler.CompilerResults.get_CompiledAssembly()
   at DataCore.Classes.EquationEvaluator.Eval(Data filter, Database storageMethod, WeightingFilterCollection weights) in C:\Projects\Blueocean\Link\LinkManager\Cores\DataCore\DataCore\Classes\EquationEvaluator.cs:line 59
   at DataCore.Classes.Equation.Calculate(Data filter, Database storageMethod, WeightingFilterCollection weights) in C:\Projects\Blueocean\Link\LinkManager\Cores\DataCore\DataCore\Classes\Equation.cs:line 195

=== Pre-bind state information ===
LOG: Where-ref bind. Location = C:\WINDOWS\TEMP\2dni3ng3.dll
LOG: Appbase = file:///C:/Projects/Blueocean/Link/LinkManager/Clients/LinkOnline/LinkOnline/
LOG: Initial PrivatePath = C:\Projects\Blueocean\Link\LinkManager\Clients\LinkOnline\LinkOnline\bin
Calling assembly : (Unknown).
===
LOG: This bind starts in LoadFrom load context.
WRN: Native image will not be probed in LoadFrom context. Native image will only be probed in default load context, like with Assembly.Load().
LOG: Using application configuration file: C:\Projects\Blueocean\Link\LinkManager\Clients\LinkOnline\LinkOnline\web.config
LOG: Using host configuration file: C:\Windows\Microsoft.NET\Framework64\v4.0.30319\aspnet.config
LOG: Using machine configuration file from C:\Windows\Microsoft.NET\Framework64\v4.0.30319\config\machine.config.
LOG: The same bind was seen before, and was failed with hr = 0x80070002.
]]></Error>
    <Equation><![CDATA[SigDiff(([MonthofData.June2014] - [MonthofData.July2014]), [MonthofData], ([MonthofData.August2014] - [MonthofData.September2014]), [MonthofData], 95) ? 1000 : 0]]></Equation>
  </Log>
  <Log Timestamp="13/11/2015 12:08:12">
    <Error><![CDATA[System.IO.FileNotFoundException: Could not load file or assembly 'file:///C:\WINDOWS\TEMP\sqyq3ry1.dll' or one of its dependencies. The system cannot find the file specified.
File name: 'file:///C:\WINDOWS\TEMP\sqyq3ry1.dll'
   at System.Reflection.RuntimeAssembly._nLoad(AssemblyName fileName, String codeBase, Evidence assemblySecurity, RuntimeAssembly locationHint, StackCrawlMark& stackMark, IntPtr pPrivHostBinder, Boolean throwOnFileNotFound, Boolean forIntrospection, Boolean suppressSecurityChecks)
   at System.Reflection.RuntimeAssembly.InternalLoadAssemblyName(AssemblyName assemblyRef, Evidence assemblySecurity, RuntimeAssembly reqAssembly, StackCrawlMark& stackMark, IntPtr pPrivHostBinder, Boolean throwOnFileNotFound, Boolean forIntrospection, Boolean suppressSecurityChecks)
   at System.Reflection.Assembly.Load(AssemblyName assemblyRef, Evidence assemblySecurity)
   at System.CodeDom.Compiler.CompilerResults.get_CompiledAssembly()
   at DataCore.Classes.EquationEvaluator.Eval(Data filter, Database storageMethod, WeightingFilterCollection weights) in C:\Projects\Blueocean\Link\LinkManager\Cores\DataCore\DataCore\Classes\EquationEvaluator.cs:line 59
   at DataCore.Classes.Equation.Calculate(Data filter, Database storageMethod, WeightingFilterCollection weights) in C:\Projects\Blueocean\Link\LinkManager\Cores\DataCore\DataCore\Classes\Equation.cs:line 195

WRN: Assembly binding logging is turned OFF.
To enable assembly bind failure logging, set the registry value [HKLM\Software\Microsoft\Fusion!EnableLog] (DWORD) to 1.
Note: There is some performance penalty associated with assembly bind failure logging.
To turn this feature off, remove the registry value [HKLM\Software\Microsoft\Fusion!EnableLog].
]]></Error>
    <Equation><![CDATA[SigDiff(([MonthofData.June2014] - [MonthofData.July2014]), [MonthofData], ([MonthofData.August2014] - [MonthofData.September2014]), [MonthofData], 95) ? 1000 : 0]]></Equation>
  </Log>
  <Log Timestamp="13/11/2015 12:08:13">
    <Error><![CDATA[System.IO.FileNotFoundException: Could not load file or assembly 'file:///C:\WINDOWS\TEMP\mfjvr3pz.dll' or one of its dependencies. The system cannot find the file specified.
File name: 'file:///C:\WINDOWS\TEMP\mfjvr3pz.dll'
   at System.Reflection.RuntimeAssembly._nLoad(AssemblyName fileName, String codeBase, Evidence assemblySecurity, RuntimeAssembly locationHint, StackCrawlMark& stackMark, IntPtr pPrivHostBinder, Boolean throwOnFileNotFound, Boolean forIntrospection, Boolean suppressSecurityChecks)
   at System.Reflection.RuntimeAssembly.InternalLoadAssemblyName(AssemblyName assemblyRef, Evidence assemblySecurity, RuntimeAssembly reqAssembly, StackCrawlMark& stackMark, IntPtr pPrivHostBinder, Boolean throwOnFileNotFound, Boolean forIntrospection, Boolean suppressSecurityChecks)
   at System.Reflection.Assembly.Load(AssemblyName assemblyRef, Evidence assemblySecurity)
   at System.CodeDom.Compiler.CompilerResults.get_CompiledAssembly()
   at DataCore.Classes.EquationEvaluator.Eval(Data filter, Database storageMethod, WeightingFilterCollection weights) in C:\Projects\Blueocean\Link\LinkManager\Cores\DataCore\DataCore\Classes\EquationEvaluator.cs:line 59
   at DataCore.Classes.Equation.Calculate(Data filter, Database storageMethod, WeightingFilterCollection weights) in C:\Projects\Blueocean\Link\LinkManager\Cores\DataCore\DataCore\Classes\Equation.cs:line 195

WRN: Assembly binding logging is turned OFF.
To enable assembly bind failure logging, set the registry value [HKLM\Software\Microsoft\Fusion!EnableLog] (DWORD) to 1.
Note: There is some performance penalty associated with assembly bind failure logging.
To turn this feature off, remove the registry value [HKLM\Software\Microsoft\Fusion!EnableLog].
]]></Error>
    <Equation><![CDATA[SigDiff(([MonthofData.June2014] - [MonthofData.July2014]), [MonthofData], ([MonthofData.August2014] - [MonthofData.September2014]), [MonthofData], 95) ? 1000 : 0]]></Equation>
  </Log>
  <Log Timestamp="13/11/2015 12:08:14">
    <Error><![CDATA[System.IO.FileNotFoundException: Could not load file or assembly 'file:///C:\WINDOWS\TEMP\yjgmw3j4.dll' or one of its dependencies. The system cannot find the file specified.
File name: 'file:///C:\WINDOWS\TEMP\yjgmw3j4.dll'
   at System.Reflection.RuntimeAssembly._nLoad(AssemblyName fileName, String codeBase, Evidence assemblySecurity, RuntimeAssembly locationHint, StackCrawlMark& stackMark, IntPtr pPrivHostBinder, Boolean throwOnFileNotFound, Boolean forIntrospection, Boolean suppressSecurityChecks)
   at System.Reflection.RuntimeAssembly.InternalLoadAssemblyName(AssemblyName assemblyRef, Evidence assemblySecurity, RuntimeAssembly reqAssembly, StackCrawlMark& stackMark, IntPtr pPrivHostBinder, Boolean throwOnFileNotFound, Boolean forIntrospection, Boolean suppressSecurityChecks)
   at System.Reflection.Assembly.Load(AssemblyName assemblyRef, Evidence assemblySecurity)
   at System.CodeDom.Compiler.CompilerResults.get_CompiledAssembly()
   at DataCore.Classes.EquationEvaluator.Eval(Data filter, Database storageMethod, WeightingFilterCollection weights) in C:\Projects\Blueocean\Link\LinkManager\Cores\DataCore\DataCore\Classes\EquationEvaluator.cs:line 59
   at DataCore.Classes.Equation.Calculate(Data filter, Database storageMethod, WeightingFilterCollection weights) in C:\Projects\Blueocean\Link\LinkManager\Cores\DataCore\DataCore\Classes\Equation.cs:line 195

WRN: Assembly binding logging is turned OFF.
To enable assembly bind failure logging, set the registry value [HKLM\Software\Microsoft\Fusion!EnableLog] (DWORD) to 1.
Note: There is some performance penalty associated with assembly bind failure logging.
To turn this feature off, remove the registry value [HKLM\Software\Microsoft\Fusion!EnableLog].
]]></Error>
    <Equation><![CDATA[SigDiff(([MonthofData.June2014] - [MonthofData.July2014]), [MonthofData], ([MonthofData.August2014] - [MonthofData.September2014]), [MonthofData], 95) ? 1000 : 0]]></Equation>
  </Log>
  <Log Timestamp="13/11/2015 12:08:14">
    <Error><![CDATA[System.IO.FileNotFoundException: Could not load file or assembly 'file:///C:\WINDOWS\TEMP\5gw4uipb.dll' or one of its dependencies. The system cannot find the file specified.
File name: 'file:///C:\WINDOWS\TEMP\5gw4uipb.dll'
   at System.Reflection.RuntimeAssembly._nLoad(AssemblyName fileName, String codeBase, Evidence assemblySecurity, RuntimeAssembly locationHint, StackCrawlMark& stackMark, IntPtr pPrivHostBinder, Boolean throwOnFileNotFound, Boolean forIntrospection, Boolean suppressSecurityChecks)
   at System.Reflection.RuntimeAssembly.InternalLoadAssemblyName(AssemblyName assemblyRef, Evidence assemblySecurity, RuntimeAssembly reqAssembly, StackCrawlMark& stackMark, IntPtr pPrivHostBinder, Boolean throwOnFileNotFound, Boolean forIntrospection, Boolean suppressSecurityChecks)
   at System.Reflection.Assembly.Load(AssemblyName assemblyRef, Evidence assemblySecurity)
   at System.CodeDom.Compiler.CompilerResults.get_CompiledAssembly()
   at DataCore.Classes.EquationEvaluator.Eval(Data filter, Database storageMethod, WeightingFilterCollection weights) in C:\Projects\Blueocean\Link\LinkManager\Cores\DataCore\DataCore\Classes\EquationEvaluator.cs:line 59
   at DataCore.Classes.Equation.Calculate(Data filter, Database storageMethod, WeightingFilterCollection weights) in C:\Projects\Blueocean\Link\LinkManager\Cores\DataCore\DataCore\Classes\Equation.cs:line 195

WRN: Assembly binding logging is turned OFF.
To enable assembly bind failure logging, set the registry value [HKLM\Software\Microsoft\Fusion!EnableLog] (DWORD) to 1.
Note: There is some performance penalty associated with assembly bind failure logging.
To turn this feature off, remove the registry value [HKLM\Software\Microsoft\Fusion!EnableLog].
]]></Error>
    <Equation><![CDATA[SigDiff(([MonthofData.June2014] - [MonthofData.July2014]), [MonthofData], ([MonthofData.August2014] - [MonthofData.September2014]), [MonthofData], 95) ? 1000 : 0]]></Equation>
  </Log>
  <Log Timestamp="13/11/2015 12:11:25">
    <Error><![CDATA[System.IO.FileNotFoundException: Could not load file or assembly 'file:///C:\WINDOWS\TEMP\2lfqdjyp.dll' or one of its dependencies. The system cannot find the file specified.
File name: 'file:///C:\WINDOWS\TEMP\2lfqdjyp.dll'
   at System.Reflection.RuntimeAssembly._nLoad(AssemblyName fileName, String codeBase, Evidence assemblySecurity, RuntimeAssembly locationHint, StackCrawlMark& stackMark, IntPtr pPrivHostBinder, Boolean throwOnFileNotFound, Boolean forIntrospection, Boolean suppressSecurityChecks)
   at System.Reflection.RuntimeAssembly.InternalLoadAssemblyName(AssemblyName assemblyRef, Evidence assemblySecurity, RuntimeAssembly reqAssembly, StackCrawlMark& stackMark, IntPtr pPrivHostBinder, Boolean throwOnFileNotFound, Boolean forIntrospection, Boolean suppressSecurityChecks)
   at System.Reflection.Assembly.Load(AssemblyName assemblyRef, Evidence assemblySecurity)
   at System.CodeDom.Compiler.CompilerResults.get_CompiledAssembly()
   at DataCore.Classes.EquationEvaluator.Eval(Data filter, Database storageMethod, WeightingFilterCollection weights) in C:\Projects\Blueocean\Link\LinkManager\Cores\DataCore\DataCore\Classes\EquationEvaluator.cs:line 59
   at DataCore.Classes.Equation.Calculate(Data filter, Database storageMethod, WeightingFilterCollection weights) in C:\Projects\Blueocean\Link\LinkManager\Cores\DataCore\DataCore\Classes\Equation.cs:line 195

WRN: Assembly binding logging is turned OFF.
To enable assembly bind failure logging, set the registry value [HKLM\Software\Microsoft\Fusion!EnableLog] (DWORD) to 1.
Note: There is some performance penalty associated with assembly bind failure logging.
To turn this feature off, remove the registry value [HKLM\Software\Microsoft\Fusion!EnableLog].
]]></Error>
    <Equation><![CDATA[SigDiff(Math.Round([MonthofData.June2014] - [MonthofData.July2014], 0), [MonthofData], ([MonthofData.August2014] - [MonthofData.September2014]), [MonthofData], 95) == 1 ? 1 : 0]]></Equation>
  </Log>
  <Log Timestamp="13/11/2015 12:11:26">
    <Error><![CDATA[System.IO.FileNotFoundException: Could not load file or assembly 'file:///C:\WINDOWS\TEMP\wsqhxm2j.dll' or one of its dependencies. The system cannot find the file specified.
File name: 'file:///C:\WINDOWS\TEMP\wsqhxm2j.dll'
   at System.Reflection.RuntimeAssembly._nLoad(AssemblyName fileName, String codeBase, Evidence assemblySecurity, RuntimeAssembly locationHint, StackCrawlMark& stackMark, IntPtr pPrivHostBinder, Boolean throwOnFileNotFound, Boolean forIntrospection, Boolean suppressSecurityChecks)
   at System.Reflection.RuntimeAssembly.InternalLoadAssemblyName(AssemblyName assemblyRef, Evidence assemblySecurity, RuntimeAssembly reqAssembly, StackCrawlMark& stackMark, IntPtr pPrivHostBinder, Boolean throwOnFileNotFound, Boolean forIntrospection, Boolean suppressSecurityChecks)
   at System.Reflection.Assembly.Load(AssemblyName assemblyRef, Evidence assemblySecurity)
   at System.CodeDom.Compiler.CompilerResults.get_CompiledAssembly()
   at DataCore.Classes.EquationEvaluator.Eval(Data filter, Database storageMethod, WeightingFilterCollection weights) in C:\Projects\Blueocean\Link\LinkManager\Cores\DataCore\DataCore\Classes\EquationEvaluator.cs:line 59
   at DataCore.Classes.Equation.Calculate(Data filter, Database storageMethod, WeightingFilterCollection weights) in C:\Projects\Blueocean\Link\LinkManager\Cores\DataCore\DataCore\Classes\Equation.cs:line 195

WRN: Assembly binding logging is turned OFF.
To enable assembly bind failure logging, set the registry value [HKLM\Software\Microsoft\Fusion!EnableLog] (DWORD) to 1.
Note: There is some performance penalty associated with assembly bind failure logging.
To turn this feature off, remove the registry value [HKLM\Software\Microsoft\Fusion!EnableLog].
]]></Error>
    <Equation><![CDATA[SigDiff(Math.Round([MonthofData.June2014] - [MonthofData.July2014], 0), [MonthofData], ([MonthofData.August2014] - [MonthofData.September2014]), [MonthofData], 95) == 1 ? 1 : 0]]></Equation>
  </Log>
  <Log Timestamp="13/11/2015 12:11:26">
    <Error><![CDATA[System.IO.FileNotFoundException: Could not load file or assembly 'file:///C:\WINDOWS\TEMP\gwm31ptj.dll' or one of its dependencies. The system cannot find the file specified.
File name: 'file:///C:\WINDOWS\TEMP\gwm31ptj.dll'
   at System.Reflection.RuntimeAssembly._nLoad(AssemblyName fileName, String codeBase, Evidence assemblySecurity, RuntimeAssembly locationHint, StackCrawlMark& stackMark, IntPtr pPrivHostBinder, Boolean throwOnFileNotFound, Boolean forIntrospection, Boolean suppressSecurityChecks)
   at System.Reflection.RuntimeAssembly.InternalLoadAssemblyName(AssemblyName assemblyRef, Evidence assemblySecurity, RuntimeAssembly reqAssembly, StackCrawlMark& stackMark, IntPtr pPrivHostBinder, Boolean throwOnFileNotFound, Boolean forIntrospection, Boolean suppressSecurityChecks)
   at System.Reflection.Assembly.Load(AssemblyName assemblyRef, Evidence assemblySecurity)
   at System.CodeDom.Compiler.CompilerResults.get_CompiledAssembly()
   at DataCore.Classes.EquationEvaluator.Eval(Data filter, Database storageMethod, WeightingFilterCollection weights) in C:\Projects\Blueocean\Link\LinkManager\Cores\DataCore\DataCore\Classes\EquationEvaluator.cs:line 59
   at DataCore.Classes.Equation.Calculate(Data filter, Database storageMethod, WeightingFilterCollection weights) in C:\Projects\Blueocean\Link\LinkManager\Cores\DataCore\DataCore\Classes\Equation.cs:line 195

WRN: Assembly binding logging is turned OFF.
To enable assembly bind failure logging, set the registry value [HKLM\Software\Microsoft\Fusion!EnableLog] (DWORD) to 1.
Note: There is some performance penalty associated with assembly bind failure logging.
To turn this feature off, remove the registry value [HKLM\Software\Microsoft\Fusion!EnableLog].
]]></Error>
    <Equation><![CDATA[SigDiff(Math.Round([MonthofData.June2014] - [MonthofData.July2014], 0), [MonthofData], ([MonthofData.August2014] - [MonthofData.September2014]), [MonthofData], 95) == 1 ? 1 : 0]]></Equation>
  </Log>
  <Log Timestamp="13/11/2015 12:11:27">
    <Error><![CDATA[System.IO.FileNotFoundException: Could not load file or assembly 'file:///C:\WINDOWS\TEMP\fwu2g15b.dll' or one of its dependencies. The system cannot find the file specified.
File name: 'file:///C:\WINDOWS\TEMP\fwu2g15b.dll'
   at System.Reflection.RuntimeAssembly._nLoad(AssemblyName fileName, String codeBase, Evidence assemblySecurity, RuntimeAssembly locationHint, StackCrawlMark& stackMark, IntPtr pPrivHostBinder, Boolean throwOnFileNotFound, Boolean forIntrospection, Boolean suppressSecurityChecks)
   at System.Reflection.RuntimeAssembly.InternalLoadAssemblyName(AssemblyName assemblyRef, Evidence assemblySecurity, RuntimeAssembly reqAssembly, StackCrawlMark& stackMark, IntPtr pPrivHostBinder, Boolean throwOnFileNotFound, Boolean forIntrospection, Boolean suppressSecurityChecks)
   at System.Reflection.Assembly.Load(AssemblyName assemblyRef, Evidence assemblySecurity)
   at System.CodeDom.Compiler.CompilerResults.get_CompiledAssembly()
   at DataCore.Classes.EquationEvaluator.Eval(Data filter, Database storageMethod, WeightingFilterCollection weights) in C:\Projects\Blueocean\Link\LinkManager\Cores\DataCore\DataCore\Classes\EquationEvaluator.cs:line 59
   at DataCore.Classes.Equation.Calculate(Data filter, Database storageMethod, WeightingFilterCollection weights) in C:\Projects\Blueocean\Link\LinkManager\Cores\DataCore\DataCore\Classes\Equation.cs:line 195

WRN: Assembly binding logging is turned OFF.
To enable assembly bind failure logging, set the registry value [HKLM\Software\Microsoft\Fusion!EnableLog] (DWORD) to 1.
Note: There is some performance penalty associated with assembly bind failure logging.
To turn this feature off, remove the registry value [HKLM\Software\Microsoft\Fusion!EnableLog].
]]></Error>
    <Equation><![CDATA[SigDiff(Math.Round([MonthofData.June2014] - [MonthofData.July2014], 0), [MonthofData], ([MonthofData.August2014] - [MonthofData.September2014]), [MonthofData], 95) == 1 ? 1 : 0]]></Equation>
  </Log>
  <Log Timestamp="13/11/2015 12:12:23">
    <Error><![CDATA[System.IO.FileNotFoundException: Could not load file or assembly 'file:///C:\WINDOWS\TEMP\mnnqqelh.dll' or one of its dependencies. The system cannot find the file specified.
File name: 'file:///C:\WINDOWS\TEMP\mnnqqelh.dll'
   at System.Reflection.RuntimeAssembly._nLoad(AssemblyName fileName, String codeBase, Evidence assemblySecurity, RuntimeAssembly locationHint, StackCrawlMark& stackMark, IntPtr pPrivHostBinder, Boolean throwOnFileNotFound, Boolean forIntrospection, Boolean suppressSecurityChecks)
   at System.Reflection.RuntimeAssembly.InternalLoadAssemblyName(AssemblyName assemblyRef, Evidence assemblySecurity, RuntimeAssembly reqAssembly, StackCrawlMark& stackMark, IntPtr pPrivHostBinder, Boolean throwOnFileNotFound, Boolean forIntrospection, Boolean suppressSecurityChecks)
   at System.Reflection.Assembly.Load(AssemblyName assemblyRef, Evidence assemblySecurity)
   at System.CodeDom.Compiler.CompilerResults.get_CompiledAssembly()
   at DataCore.Classes.EquationEvaluator.Eval(Data filter, Database storageMethod, WeightingFilterCollection weights) in C:\Projects\Blueocean\Link\LinkManager\Cores\DataCore\DataCore\Classes\EquationEvaluator.cs:line 59
   at DataCore.Classes.Equation.Calculate(Data filter, Database storageMethod, WeightingFilterCollection weights) in C:\Projects\Blueocean\Link\LinkManager\Cores\DataCore\DataCore\Classes\Equation.cs:line 195

=== Pre-bind state information ===
LOG: Where-ref bind. Location = C:\WINDOWS\TEMP\mnnqqelh.dll
LOG: Appbase = file:///C:/Projects/Blueocean/Link/LinkManager/Clients/LinkOnline/LinkOnline/
LOG: Initial PrivatePath = C:\Projects\Blueocean\Link\LinkManager\Clients\LinkOnline\LinkOnline\bin
Calling assembly : (Unknown).
===
LOG: This bind starts in LoadFrom load context.
WRN: Native image will not be probed in LoadFrom context. Native image will only be probed in default load context, like with Assembly.Load().
LOG: Using application configuration file: C:\Projects\Blueocean\Link\LinkManager\Clients\LinkOnline\LinkOnline\web.config
LOG: Using host configuration file: C:\Windows\Microsoft.NET\Framework64\v4.0.30319\aspnet.config
LOG: Using machine configuration file from C:\Windows\Microsoft.NET\Framework64\v4.0.30319\config\machine.config.
LOG: Attempting download of new URL file:///C:/WINDOWS/TEMP/mnnqqelh.dll.
]]></Error>
    <Equation><![CDATA[SigDiff(Math.Round([MonthofData.June2014] - [MonthofData.July2014], 0), [MonthofData], ([MonthofData.August2014] - [MonthofData.September2014]), [MonthofData], 95) == 1 ? 1 : 0]]></Equation>
  </Log>
  <Log Timestamp="13/11/2015 12:12:24">
    <Error><![CDATA[System.IO.FileNotFoundException: Could not load file or assembly 'file:///C:\WINDOWS\TEMP\zpchzlxj.dll' or one of its dependencies. The system cannot find the file specified.
File name: 'file:///C:\WINDOWS\TEMP\zpchzlxj.dll'
   at System.Reflection.RuntimeAssembly._nLoad(AssemblyName fileName, String codeBase, Evidence assemblySecurity, RuntimeAssembly locationHint, StackCrawlMark& stackMark, IntPtr pPrivHostBinder, Boolean throwOnFileNotFound, Boolean forIntrospection, Boolean suppressSecurityChecks)
   at System.Reflection.RuntimeAssembly.InternalLoadAssemblyName(AssemblyName assemblyRef, Evidence assemblySecurity, RuntimeAssembly reqAssembly, StackCrawlMark& stackMark, IntPtr pPrivHostBinder, Boolean throwOnFileNotFound, Boolean forIntrospection, Boolean suppressSecurityChecks)
   at System.Reflection.Assembly.Load(AssemblyName assemblyRef, Evidence assemblySecurity)
   at System.CodeDom.Compiler.CompilerResults.get_CompiledAssembly()
   at DataCore.Classes.EquationEvaluator.Eval(Data filter, Database storageMethod, WeightingFilterCollection weights) in C:\Projects\Blueocean\Link\LinkManager\Cores\DataCore\DataCore\Classes\EquationEvaluator.cs:line 59
   at DataCore.Classes.Equation.Calculate(Data filter, Database storageMethod, WeightingFilterCollection weights) in C:\Projects\Blueocean\Link\LinkManager\Cores\DataCore\DataCore\Classes\Equation.cs:line 195

WRN: Assembly binding logging is turned OFF.
To enable assembly bind failure logging, set the registry value [HKLM\Software\Microsoft\Fusion!EnableLog] (DWORD) to 1.
Note: There is some performance penalty associated with assembly bind failure logging.
To turn this feature off, remove the registry value [HKLM\Software\Microsoft\Fusion!EnableLog].
]]></Error>
    <Equation><![CDATA[SigDiff(Math.Round([MonthofData.June2014] - [MonthofData.July2014], 0), [MonthofData], ([MonthofData.August2014] - [MonthofData.September2014]), [MonthofData], 95) == 1 ? 1 : 0]]></Equation>
  </Log>
  <Log Timestamp="13/11/2015 12:12:25">
    <Error><![CDATA[System.IO.FileNotFoundException: Could not load file or assembly 'file:///C:\WINDOWS\TEMP\a02ypnyj.dll' or one of its dependencies. The system cannot find the file specified.
File name: 'file:///C:\WINDOWS\TEMP\a02ypnyj.dll'
   at System.Reflection.RuntimeAssembly._nLoad(AssemblyName fileName, String codeBase, Evidence assemblySecurity, RuntimeAssembly locationHint, StackCrawlMark& stackMark, IntPtr pPrivHostBinder, Boolean throwOnFileNotFound, Boolean forIntrospection, Boolean suppressSecurityChecks)
   at System.Reflection.RuntimeAssembly.InternalLoadAssemblyName(AssemblyName assemblyRef, Evidence assemblySecurity, RuntimeAssembly reqAssembly, StackCrawlMark& stackMark, IntPtr pPrivHostBinder, Boolean throwOnFileNotFound, Boolean forIntrospection, Boolean suppressSecurityChecks)
   at System.Reflection.Assembly.Load(AssemblyName assemblyRef, Evidence assemblySecurity)
   at System.CodeDom.Compiler.CompilerResults.get_CompiledAssembly()
   at DataCore.Classes.EquationEvaluator.Eval(Data filter, Database storageMethod, WeightingFilterCollection weights) in C:\Projects\Blueocean\Link\LinkManager\Cores\DataCore\DataCore\Classes\EquationEvaluator.cs:line 59
   at DataCore.Classes.Equation.Calculate(Data filter, Database storageMethod, WeightingFilterCollection weights) in C:\Projects\Blueocean\Link\LinkManager\Cores\DataCore\DataCore\Classes\Equation.cs:line 195

WRN: Assembly binding logging is turned OFF.
To enable assembly bind failure logging, set the registry value [HKLM\Software\Microsoft\Fusion!EnableLog] (DWORD) to 1.
Note: There is some performance penalty associated with assembly bind failure logging.
To turn this feature off, remove the registry value [HKLM\Software\Microsoft\Fusion!EnableLog].
]]></Error>
    <Equation><![CDATA[SigDiff(Math.Round([MonthofData.June2014] - [MonthofData.July2014], 0), [MonthofData], ([MonthofData.August2014] - [MonthofData.September2014]), [MonthofData], 95) == 1 ? 1 : 0]]></Equation>
  </Log>
  <Log Timestamp="13/11/2015 12:12:25">
    <Error><![CDATA[System.IO.FileNotFoundException: Could not load file or assembly 'file:///C:\WINDOWS\TEMP\kmauofi1.dll' or one of its dependencies. The system cannot find the file specified.
File name: 'file:///C:\WINDOWS\TEMP\kmauofi1.dll'
   at System.Reflection.RuntimeAssembly._nLoad(AssemblyName fileName, String codeBase, Evidence assemblySecurity, RuntimeAssembly locationHint, StackCrawlMark& stackMark, IntPtr pPrivHostBinder, Boolean throwOnFileNotFound, Boolean forIntrospection, Boolean suppressSecurityChecks)
   at System.Reflection.RuntimeAssembly.InternalLoadAssemblyName(AssemblyName assemblyRef, Evidence assemblySecurity, RuntimeAssembly reqAssembly, StackCrawlMark& stackMark, IntPtr pPrivHostBinder, Boolean throwOnFileNotFound, Boolean forIntrospection, Boolean suppressSecurityChecks)
   at System.Reflection.Assembly.Load(AssemblyName assemblyRef, Evidence assemblySecurity)
   at System.CodeDom.Compiler.CompilerResults.get_CompiledAssembly()
   at DataCore.Classes.EquationEvaluator.Eval(Data filter, Database storageMethod, WeightingFilterCollection weights) in C:\Projects\Blueocean\Link\LinkManager\Cores\DataCore\DataCore\Classes\EquationEvaluator.cs:line 59
   at DataCore.Classes.Equation.Calculate(Data filter, Database storageMethod, WeightingFilterCollection weights) in C:\Projects\Blueocean\Link\LinkManager\Cores\DataCore\DataCore\Classes\Equation.cs:line 195

WRN: Assembly binding logging is turned OFF.
To enable assembly bind failure logging, set the registry value [HKLM\Software\Microsoft\Fusion!EnableLog] (DWORD) to 1.
Note: There is some performance penalty associated with assembly bind failure logging.
To turn this feature off, remove the registry value [HKLM\Software\Microsoft\Fusion!EnableLog].
]]></Error>
    <Equation><![CDATA[SigDiff(Math.Round([MonthofData.June2014] - [MonthofData.July2014], 0), [MonthofData], ([MonthofData.August2014] - [MonthofData.September2014]), [MonthofData], 95) == 1 ? 1 : 0]]></Equation>
  </Log>
  <Log Timestamp="13/11/2015 12:12:43">
    <Error><![CDATA[System.IO.FileNotFoundException: Could not load file or assembly 'file:///C:\WINDOWS\TEMP\jg0lebbu.dll' or one of its dependencies. The system cannot find the file specified.
File name: 'file:///C:\WINDOWS\TEMP\jg0lebbu.dll'
   at System.Reflection.RuntimeAssembly._nLoad(AssemblyName fileName, String codeBase, Evidence assemblySecurity, RuntimeAssembly locationHint, StackCrawlMark& stackMark, IntPtr pPrivHostBinder, Boolean throwOnFileNotFound, Boolean forIntrospection, Boolean suppressSecurityChecks)
   at System.Reflection.RuntimeAssembly.InternalLoadAssemblyName(AssemblyName assemblyRef, Evidence assemblySecurity, RuntimeAssembly reqAssembly, StackCrawlMark& stackMark, IntPtr pPrivHostBinder, Boolean throwOnFileNotFound, Boolean forIntrospection, Boolean suppressSecurityChecks)
   at System.Reflection.Assembly.Load(AssemblyName assemblyRef, Evidence assemblySecurity)
   at System.CodeDom.Compiler.CompilerResults.get_CompiledAssembly()
   at DataCore.Classes.EquationEvaluator.Eval(Data filter, Database storageMethod, WeightingFilterCollection weights) in C:\Projects\Blueocean\Link\LinkManager\Cores\DataCore\DataCore\Classes\EquationEvaluator.cs:line 59
   at DataCore.Classes.Equation.Calculate(Data filter, Database storageMethod, WeightingFilterCollection weights) in C:\Projects\Blueocean\Link\LinkManager\Cores\DataCore\DataCore\Classes\Equation.cs:line 195

WRN: Assembly binding logging is turned OFF.
To enable assembly bind failure logging, set the registry value [HKLM\Software\Microsoft\Fusion!EnableLog] (DWORD) to 1.
Note: There is some performance penalty associated with assembly bind failure logging.
To turn this feature off, remove the registry value [HKLM\Software\Microsoft\Fusion!EnableLog].
]]></Error>
    <Equation><![CDATA[SigDiff(Math.Round([MonthofData.June2014] - [MonthofData.July2014]), [MonthofData], ([MonthofData.August2014] - [MonthofData.September2014]), [MonthofData], 95) == 1 ? 1 : 0]]></Equation>
  </Log>
  <Log Timestamp="13/11/2015 12:12:44">
    <Error><![CDATA[System.IO.FileNotFoundException: Could not load file or assembly 'file:///C:\WINDOWS\TEMP\0yrhrbpx.dll' or one of its dependencies. The system cannot find the file specified.
File name: 'file:///C:\WINDOWS\TEMP\0yrhrbpx.dll'
   at System.Reflection.RuntimeAssembly._nLoad(AssemblyName fileName, String codeBase, Evidence assemblySecurity, RuntimeAssembly locationHint, StackCrawlMark& stackMark, IntPtr pPrivHostBinder, Boolean throwOnFileNotFound, Boolean forIntrospection, Boolean suppressSecurityChecks)
   at System.Reflection.RuntimeAssembly.InternalLoadAssemblyName(AssemblyName assemblyRef, Evidence assemblySecurity, RuntimeAssembly reqAssembly, StackCrawlMark& stackMark, IntPtr pPrivHostBinder, Boolean throwOnFileNotFound, Boolean forIntrospection, Boolean suppressSecurityChecks)
   at System.Reflection.Assembly.Load(AssemblyName assemblyRef, Evidence assemblySecurity)
   at System.CodeDom.Compiler.CompilerResults.get_CompiledAssembly()
   at DataCore.Classes.EquationEvaluator.Eval(Data filter, Database storageMethod, WeightingFilterCollection weights) in C:\Projects\Blueocean\Link\LinkManager\Cores\DataCore\DataCore\Classes\EquationEvaluator.cs:line 59
   at DataCore.Classes.Equation.Calculate(Data filter, Database storageMethod, WeightingFilterCollection weights) in C:\Projects\Blueocean\Link\LinkManager\Cores\DataCore\DataCore\Classes\Equation.cs:line 195

WRN: Assembly binding logging is turned OFF.
To enable assembly bind failure logging, set the registry value [HKLM\Software\Microsoft\Fusion!EnableLog] (DWORD) to 1.
Note: There is some performance penalty associated with assembly bind failure logging.
To turn this feature off, remove the registry value [HKLM\Software\Microsoft\Fusion!EnableLog].
]]></Error>
    <Equation><![CDATA[SigDiff(Math.Round([MonthofData.June2014] - [MonthofData.July2014]), [MonthofData], ([MonthofData.August2014] - [MonthofData.September2014]), [MonthofData], 95) == 1 ? 1 : 0]]></Equation>
  </Log>
  <Log Timestamp="13/11/2015 12:12:44">
    <Error><![CDATA[System.IO.FileNotFoundException: Could not load file or assembly 'file:///C:\WINDOWS\TEMP\ik4gr5zh.dll' or one of its dependencies. The system cannot find the file specified.
File name: 'file:///C:\WINDOWS\TEMP\ik4gr5zh.dll'
   at System.Reflection.RuntimeAssembly._nLoad(AssemblyName fileName, String codeBase, Evidence assemblySecurity, RuntimeAssembly locationHint, StackCrawlMark& stackMark, IntPtr pPrivHostBinder, Boolean throwOnFileNotFound, Boolean forIntrospection, Boolean suppressSecurityChecks)
   at System.Reflection.RuntimeAssembly.InternalLoadAssemblyName(AssemblyName assemblyRef, Evidence assemblySecurity, RuntimeAssembly reqAssembly, StackCrawlMark& stackMark, IntPtr pPrivHostBinder, Boolean throwOnFileNotFound, Boolean forIntrospection, Boolean suppressSecurityChecks)
   at System.Reflection.Assembly.Load(AssemblyName assemblyRef, Evidence assemblySecurity)
   at System.CodeDom.Compiler.CompilerResults.get_CompiledAssembly()
   at DataCore.Classes.EquationEvaluator.Eval(Data filter, Database storageMethod, WeightingFilterCollection weights) in C:\Projects\Blueocean\Link\LinkManager\Cores\DataCore\DataCore\Classes\EquationEvaluator.cs:line 59
   at DataCore.Classes.Equation.Calculate(Data filter, Database storageMethod, WeightingFilterCollection weights) in C:\Projects\Blueocean\Link\LinkManager\Cores\DataCore\DataCore\Classes\Equation.cs:line 195

WRN: Assembly binding logging is turned OFF.
To enable assembly bind failure logging, set the registry value [HKLM\Software\Microsoft\Fusion!EnableLog] (DWORD) to 1.
Note: There is some performance penalty associated with assembly bind failure logging.
To turn this feature off, remove the registry value [HKLM\Software\Microsoft\Fusion!EnableLog].
]]></Error>
    <Equation><![CDATA[SigDiff(Math.Round([MonthofData.June2014] - [MonthofData.July2014]), [MonthofData], ([MonthofData.August2014] - [MonthofData.September2014]), [MonthofData], 95) == 1 ? 1 : 0]]></Equation>
  </Log>
  <Log Timestamp="13/11/2015 12:12:45">
    <Error><![CDATA[System.IO.FileNotFoundException: Could not load file or assembly 'file:///C:\WINDOWS\TEMP\5a1d2qqf.dll' or one of its dependencies. The system cannot find the file specified.
File name: 'file:///C:\WINDOWS\TEMP\5a1d2qqf.dll'
   at System.Reflection.RuntimeAssembly._nLoad(AssemblyName fileName, String codeBase, Evidence assemblySecurity, RuntimeAssembly locationHint, StackCrawlMark& stackMark, IntPtr pPrivHostBinder, Boolean throwOnFileNotFound, Boolean forIntrospection, Boolean suppressSecurityChecks)
   at System.Reflection.RuntimeAssembly.InternalLoadAssemblyName(AssemblyName assemblyRef, Evidence assemblySecurity, RuntimeAssembly reqAssembly, StackCrawlMark& stackMark, IntPtr pPrivHostBinder, Boolean throwOnFileNotFound, Boolean forIntrospection, Boolean suppressSecurityChecks)
   at System.Reflection.Assembly.Load(AssemblyName assemblyRef, Evidence assemblySecurity)
   at System.CodeDom.Compiler.CompilerResults.get_CompiledAssembly()
   at DataCore.Classes.EquationEvaluator.Eval(Data filter, Database storageMethod, WeightingFilterCollection weights) in C:\Projects\Blueocean\Link\LinkManager\Cores\DataCore\DataCore\Classes\EquationEvaluator.cs:line 59
   at DataCore.Classes.Equation.Calculate(Data filter, Database storageMethod, WeightingFilterCollection weights) in C:\Projects\Blueocean\Link\LinkManager\Cores\DataCore\DataCore\Classes\Equation.cs:line 195

WRN: Assembly binding logging is turned OFF.
To enable assembly bind failure logging, set the registry value [HKLM\Software\Microsoft\Fusion!EnableLog] (DWORD) to 1.
Note: There is some performance penalty associated with assembly bind failure logging.
To turn this feature off, remove the registry value [HKLM\Software\Microsoft\Fusion!EnableLog].
]]></Error>
    <Equation><![CDATA[SigDiff(Math.Round([MonthofData.June2014] - [MonthofData.July2014]), [MonthofData], ([MonthofData.August2014] - [MonthofData.September2014]), [MonthofData], 95) == 1 ? 1 : 0]]></Equation>
  </Log>
</Logs>