<Logs>
  <Log Timestamp="17/02/2016 15:40:49">
    <Error><![CDATA[System.Exception: An object of a type convertible to 'object' is required
   at DataCore.Classes.EquationEvaluator.Compile() in C:\Projects\Blueocean\Link\LinkManager\Cores\DataCore\DataCore\Classes\EquationEvaluator.cs:line 86
   at DataCore.Classes.Equation..ctor(Core core, String equation, CaseDataLocation caseDataLocation) in C:\Projects\Blueocean\Link\LinkManager\Cores\DataCore\DataCore\Classes\Equation.cs:line 73]]></Error>
    <Equation><![CDATA[return ;]]></Equation>
  </Log>
  <Log Timestamp="17/02/2016 15:40:54"><![CDATA[[InsecureEquationDetected]: return SigDiff(value1, base1, value2, base2, level);]]></Log>
  <Log Timestamp="17/02/2016 15:40:59"><![CDATA[[InsecureEquationDetected]: return SigDiff(value1, base1, value2, base2, level);]]></Log>
  <Log Timestamp="17/02/2016 15:41:04"><![CDATA[[InsecureEquationDetected]: return SigDiff(value1, base1, value2, base2, level);]]></Log>
  <Log Timestamp="17/02/2016 15:41:09"><![CDATA[[InsecureEquationDetected]: return SigDiff([AgeofRespondent.35to44yearsold], base1, value2, base2, level);]]></Log>
  <Log Timestamp="17/02/2016 15:41:14"><![CDATA[[InsecureEquationDetected]: return SigDiff([AgeofRespondent.35to44yearsold], base1, [AgeofRespondent.45to54yearsold], base2, level);]]></Log>
  <Log Timestamp="17/02/2016 15:41:19"><![CDATA[[InsecureEquationDetected]: return SigDiff([AgeofRespondent.35to44yearsold], base1, [AgeofRespondent.45to54yearsold], base2, 90);]]></Log>
  <Log Timestamp="17/02/2016 15:41:24"><![CDATA[[InsecureEquationDetected]: return   SigDiff([AgeofRespondent.35to44yearsold], base1, [AgeofRespondent.45to54yearsold], base2, 90);]]></Log>
  <Log Timestamp="17/02/2016 15:41:29"><![CDATA[[InsecureEquationDetected]: return   SigDiff([AgeofRespondent.35to44yearsold], base1, [AgeofRespondent.45to54yearsold], base2, 90);]]></Log>
  <Log Timestamp="17/02/2016 15:41:34"><![CDATA[[InsecureEquationDetected]: return   SigDiff([AgeofRespondent.35to44yearsold], base1, [AgeofRespondent.45to54yearsold], base2, 90);]]></Log>
  <Log Timestamp="17/02/2016 15:41:39"><![CDATA[[InsecureEquationDetected]: return   SigDiff([AgeofRespondent.35to44yearsold], [*AgeofRespondent.35to44yearsold], [AgeofRespondent.45to54yearsold], base2, 90);]]></Log>
  <Log Timestamp="17/02/2016 15:42:06">
    <Error><![CDATA[System.Exception: ; expected
   at DataCore.Classes.EquationEvaluator.Compile() in C:\Projects\Blueocean\Link\LinkManager\Cores\DataCore\DataCore\Classes\EquationEvaluator.cs:line 86
   at DataCore.Classes.Equation..ctor(Core core, String equation, CaseDataLocation caseDataLocation) in C:\Projects\Blueocean\Link\LinkManager\Cores\DataCore\DataCore\Classes\Equation.cs:line 73]]></Error>
    <Equation><![CDATA[return SigDiff([AgeofRespondent.35to44yearsold], [*AgeofRespondent.35to44yearsold], [AgeofRespondent.45to54yearsold], [*AgeofRespondent.45to54yearsold], 90)]]></Equation>
  </Log>
</Logs>