<Logs>
  <Log Timestamp="04/02/2016 10:37:42">
    <Error><![CDATA[System.Exception: ; expected
   at DataCore.Classes.EquationEvaluator.Compile() in C:\Projects\Blueocean\Link\LinkManager\Cores\DataCore\DataCore\Classes\EquationEvaluator.cs:line 86
   at DataCore.Classes.Equation..ctor(Core core, String equation) in C:\Projects\Blueocean\Link\LinkManager\Cores\DataCore\DataCore\Classes\Equation.cs:line 68]]></Error>
    <Equation><![CDATA[double var_Test = [age._11_16_years]]]></Equation>
  </Log>
  <Log Timestamp="04/02/2016 10:37:47">
    <Error><![CDATA[System.Exception: 'UserScript.RunScript.Eval(double)': not all code paths return a value
   at DataCore.Classes.EquationEvaluator.Compile() in C:\Projects\Blueocean\Link\LinkManager\Cores\DataCore\DataCore\Classes\EquationEvaluator.cs:line 86
   at DataCore.Classes.Equation..ctor(Core core, String equation) in C:\Projects\Blueocean\Link\LinkManager\Cores\DataCore\DataCore\Classes\Equation.cs:line 68]]></Error>
    <Equation><![CDATA[double var_Test = [age._11_16_years];]]></Equation>
  </Log>
  <Log Timestamp="04/02/2016 10:37:52">
    <Error><![CDATA[System.Exception: ; expected
   at DataCore.Classes.EquationEvaluator.Compile() in C:\Projects\Blueocean\Link\LinkManager\Cores\DataCore\DataCore\Classes\EquationEvaluator.cs:line 86
   at DataCore.Classes.Equation..ctor(Core core, String equation) in C:\Projects\Blueocean\Link\LinkManager\Cores\DataCore\DataCore\Classes\Equation.cs:line 68]]></Error>
    <Equation><![CDATA[double var_Test = [age._11_16_years]]]></Equation>
  </Log>
  <Log Timestamp="04/02/2016 19:41:28">
    <Error><![CDATA[System.Exception: An object of a type convertible to 'object' is required
   at DataCore.Classes.EquationEvaluator.Compile() in C:\Projects\Blueocean\Link\LinkManager\Cores\DataCore\DataCore\Classes\EquationEvaluator.cs:line 86
   at DataCore.Classes.Equation..ctor(Core core, String equation) in C:\Projects\Blueocean\Link\LinkManager\Cores\DataCore\DataCore\Classes\Equation.cs:line 68]]></Error>
    <Equation><![CDATA[return ;]]></Equation>
  </Log>
  <Log Timestamp="04/02/2016 19:41:33">
    <Error><![CDATA[System.Exception: An object of a type convertible to 'object' is required
   at DataCore.Classes.EquationEvaluator.Compile() in C:\Projects\Blueocean\Link\LinkManager\Cores\DataCore\DataCore\Classes\EquationEvaluator.cs:line 86
   at DataCore.Classes.Equation..ctor(Core core, String equation) in C:\Projects\Blueocean\Link\LinkManager\Cores\DataCore\DataCore\Classes\Equation.cs:line 68]]></Error>
    <Equation><![CDATA[return ;]]></Equation>
  </Log>
  <Log Timestamp="04/02/2016 19:41:38"><![CDATA[[InsecureEquationDetected]: return Math.[AgeofRespondent.18to19yearsold] + [AgeofRespondent.20to24yearsold] + [AgeofRespondent.25to29yearsold];]]></Log>
  <Log Timestamp="04/02/2016 19:41:43">
    <Error><![CDATA[System.Exception: ) expected
   at DataCore.Classes.EquationEvaluator.Compile() in C:\Projects\Blueocean\Link\LinkManager\Cores\DataCore\DataCore\Classes\EquationEvaluator.cs:line 86
   at DataCore.Classes.Equation..ctor(Core core, String equation) in C:\Projects\Blueocean\Link\LinkManager\Cores\DataCore\DataCore\Classes\Equation.cs:line 68]]></Error>
    <Equation><![CDATA[return Math.Round([AgeofRespondent.18to19yearsold] + [AgeofRespondent.20to24yearsold] + [AgeofRespondent.25to29yearsold];]]></Equation>
  </Log>
  <Log Timestamp="04/02/2016 19:41:48"><![CDATA[[InsecureEquationDetected]: return Math.Round(([AgeofRespondent.18to19yearsold] + [AgeofRespondent.20to24yearsold] + [AgeofRespondent.25to29yearsold]) / [;]]></Log>
  <Log Timestamp="04/02/2016 19:41:53">
    <Error><![CDATA[System.Exception: ) expected
   at DataCore.Classes.EquationEvaluator.Compile() in C:\Projects\Blueocean\Link\LinkManager\Cores\DataCore\DataCore\Classes\EquationEvaluator.cs:line 86
   at DataCore.Classes.Equation..ctor(Core core, String equation) in C:\Projects\Blueocean\Link\LinkManager\Cores\DataCore\DataCore\Classes\Equation.cs:line 68]]></Error>
    <Equation><![CDATA[return Math.Round(([AgeofRespondent.18to19yearsold] + [AgeofRespondent.20to24yearsold] + [AgeofRespondent.25to29yearsold]) / [AgeofRespondent];]]></Equation>
  </Log>
  <Log Timestamp="04/02/2016 19:41:58">
    <Error><![CDATA[System.Exception: ) expected
   at DataCore.Classes.EquationEvaluator.Compile() in C:\Projects\Blueocean\Link\LinkManager\Cores\DataCore\DataCore\Classes\EquationEvaluator.cs:line 86
   at DataCore.Classes.Equation..ctor(Core core, String equation) in C:\Projects\Blueocean\Link\LinkManager\Cores\DataCore\DataCore\Classes\Equation.cs:line 68]]></Error>
    <Equation><![CDATA[return Math.Round(([AgeofRespondent.18to19yearsold] + [AgeofRespondent.20to24yearsold] + [AgeofRespondent.25to29yearsold]) / [AgeofRespondent];]]></Equation>
  </Log>
  <Log Timestamp="04/02/2016 19:42:22">
    <Error><![CDATA[System.Exception: An object of a type convertible to 'object' is required
   at DataCore.Classes.EquationEvaluator.Compile() in C:\Projects\Blueocean\Link\LinkManager\Cores\DataCore\DataCore\Classes\EquationEvaluator.cs:line 86
   at DataCore.Classes.Equation..ctor(Core core, String equation) in C:\Projects\Blueocean\Link\LinkManager\Cores\DataCore\DataCore\Classes\Equation.cs:line 68]]></Error>
    <Equation><![CDATA[return ;]]></Equation>
  </Log>
  <Log Timestamp="04/02/2016 19:42:23">
    <Error><![CDATA[System.Exception: An object of a type convertible to 'object' is required
   at DataCore.Classes.EquationEvaluator.Compile() in C:\Projects\Blueocean\Link\LinkManager\Cores\DataCore\DataCore\Classes\EquationEvaluator.cs:line 86
   at DataCore.Classes.Equation..ctor(Core core, String equation) in C:\Projects\Blueocean\Link\LinkManager\Cores\DataCore\DataCore\Classes\Equation.cs:line 68]]></Error>
    <Equation><![CDATA[return ;]]></Equation>
  </Log>
  <Log Timestamp="04/02/2016 19:42:49">
    <Error><![CDATA[System.Exception: An object of a type convertible to 'object' is required
   at DataCore.Classes.EquationEvaluator.Compile() in C:\Projects\Blueocean\Link\LinkManager\Cores\DataCore\DataCore\Classes\EquationEvaluator.cs:line 86
   at DataCore.Classes.Equation..ctor(Core core, String equation) in C:\Projects\Blueocean\Link\LinkManager\Cores\DataCore\DataCore\Classes\Equation.cs:line 68]]></Error>
    <Equation><![CDATA[return ;]]></Equation>
  </Log>
  <Log Timestamp="04/02/2016 19:43:11">
    <Error><![CDATA[System.Exception: An object of a type convertible to 'object' is required
   at DataCore.Classes.EquationEvaluator.Compile() in C:\Projects\Blueocean\Link\LinkManager\Cores\DataCore\DataCore\Classes\EquationEvaluator.cs:line 86
   at DataCore.Classes.Equation..ctor(Core core, String equation) in C:\Projects\Blueocean\Link\LinkManager\Cores\DataCore\DataCore\Classes\Equation.cs:line 68]]></Error>
    <Equation><![CDATA[return ;]]></Equation>
  </Log>
</Logs>