<Logs>
  <Log Timestamp="08/09/2015 15:45:07">
    <Error><![CDATA[System.IO.FileNotFoundException: Could not load file or assembly 'file:///C:\WINDOWS\TEMP\3l4wtsnb.dll' or one of its dependencies. The system cannot find the file specified.
File name: 'file:///C:\WINDOWS\TEMP\3l4wtsnb.dll'
   at System.Reflection.RuntimeAssembly._nLoad(AssemblyName fileName, String codeBase, Evidence assemblySecurity, RuntimeAssembly locationHint, StackCrawlMark& stackMark, IntPtr pPrivHostBinder, Boolean throwOnFileNotFound, Boolean forIntrospection, Boolean suppressSecurityChecks)
   at System.Reflection.RuntimeAssembly.InternalLoadAssemblyName(AssemblyName assemblyRef, Evidence assemblySecurity, RuntimeAssembly reqAssembly, StackCrawlMark& stackMark, IntPtr pPrivHostBinder, Boolean throwOnFileNotFound, Boolean forIntrospection, Boolean suppressSecurityChecks)
   at System.Reflection.Assembly.Load(AssemblyName assemblyRef, Evidence assemblySecurity)
   at System.CodeDom.Compiler.CompilerResults.get_CompiledAssembly()
   at DataCore.Classes.EquationEvaluator.Eval(Data filter, Database storageMethod, WeightingFilterCollection weights) in C:\Projects\Blueocean\Link\LinkManager\Cores\DataCore\DataCore\Classes\EquationEvaluator.cs:line 59
   at DataCore.Classes.Equation.Calculate(Data filter, Database storageMethod, WeightingFilterCollection weights) in C:\Projects\Blueocean\Link\LinkManager\Cores\DataCore\DataCore\Classes\Equation.cs:line 194

WRN: Assembly binding logging is turned OFF.
To enable assembly bind failure logging, set the registry value [HKLM\Software\Microsoft\Fusion!EnableLog] (DWORD) to 1.
Note: There is some performance penalty associated with assembly bind failure logging.
To turn this feature off, remove the registry value [HKLM\Software\Microsoft\Fusion!EnableLog].
]]></Error>
    <Equation><![CDATA[[AgeofRespondent.14to17yearsold] + [AgeofRespondent.14to15yearsold] ? 100 : 200]]></Equation>
  </Log>
  <Log Timestamp="08/09/2015 15:45:26">
    <Error><![CDATA[System.IO.FileNotFoundException: Could not load file or assembly 'file:///C:\WINDOWS\TEMP\yffkffbp.dll' or one of its dependencies. The system cannot find the file specified.
File name: 'file:///C:\WINDOWS\TEMP\yffkffbp.dll'
   at System.Reflection.RuntimeAssembly._nLoad(AssemblyName fileName, String codeBase, Evidence assemblySecurity, RuntimeAssembly locationHint, StackCrawlMark& stackMark, IntPtr pPrivHostBinder, Boolean throwOnFileNotFound, Boolean forIntrospection, Boolean suppressSecurityChecks)
   at System.Reflection.RuntimeAssembly.InternalLoadAssemblyName(AssemblyName assemblyRef, Evidence assemblySecurity, RuntimeAssembly reqAssembly, StackCrawlMark& stackMark, IntPtr pPrivHostBinder, Boolean throwOnFileNotFound, Boolean forIntrospection, Boolean suppressSecurityChecks)
   at System.Reflection.Assembly.Load(AssemblyName assemblyRef, Evidence assemblySecurity)
   at System.CodeDom.Compiler.CompilerResults.get_CompiledAssembly()
   at DataCore.Classes.EquationEvaluator.Eval(Data filter, Database storageMethod, WeightingFilterCollection weights) in C:\Projects\Blueocean\Link\LinkManager\Cores\DataCore\DataCore\Classes\EquationEvaluator.cs:line 59
   at DataCore.Classes.Equation.Calculate(Data filter, Database storageMethod, WeightingFilterCollection weights) in C:\Projects\Blueocean\Link\LinkManager\Cores\DataCore\DataCore\Classes\Equation.cs:line 194

WRN: Assembly binding logging is turned OFF.
To enable assembly bind failure logging, set the registry value [HKLM\Software\Microsoft\Fusion!EnableLog] (DWORD) to 1.
Note: There is some performance penalty associated with assembly bind failure logging.
To turn this feature off, remove the registry value [HKLM\Software\Microsoft\Fusion!EnableLog].
]]></Error>
    <Equation><![CDATA[[AgeofRespondent.14to17yearsold] + [AgeofRespondent.14to15yearsold] ? 100 : 200]]></Equation>
  </Log>
</Logs>