<Logs>
  <Log Timestamp="12/02/2016 14:52:42">
    <Error><![CDATA[System.Exception: An object of a type convertible to 'object' is required
   at DataCore.Classes.EquationEvaluator.Compile() in C:\Projects\Blueocean\Link\LinkManager\Cores\DataCore\DataCore\Classes\EquationEvaluator.cs:line 86
   at DataCore.Classes.Equation..ctor(Core core, String equation) in C:\Projects\Blueocean\Link\LinkManager\Cores\DataCore\DataCore\Classes\Equation.cs:line 68]]></Error>
    <Equation><![CDATA[return ;]]></Equation>
  </Log>
  <Log Timestamp="12/02/2016 14:52:47"><![CDATA[[InsecureEquationDetected]: return st;]]></Log>
  <Log Timestamp="12/02/2016 14:52:52">
    <Error><![CDATA[System.Exception: An object of a type convertible to 'object' is required
   at DataCore.Classes.EquationEvaluator.Compile() in C:\Projects\Blueocean\Link\LinkManager\Cores\DataCore\DataCore\Classes\EquationEvaluator.cs:line 86
   at DataCore.Classes.Equation..ctor(Core core, String equation) in C:\Projects\Blueocean\Link\LinkManager\Cores\DataCore\DataCore\Classes\Equation.cs:line 68]]></Error>
    <Equation><![CDATA[return ;]]></Equation>
  </Log>
  <Log Timestamp="12/02/2016 14:52:57"><![CDATA[[InsecureEquationDetected]: return ResponseCollection ;]]></Log>
  <Log Timestamp="12/02/2016 14:53:02"><![CDATA[[InsecureEquationDetected]: return ResponseCollection var_textResponses = ;]]></Log>
  <Log Timestamp="12/02/2016 14:53:07"><![CDATA[[InsecureEquationDetected]: return ResponseCollection var_textResponses = [###anytextv;]]></Log>
  <Log Timestamp="12/02/2016 14:53:12"><![CDATA[[InsecureEquationDetected]: return / ResponseCollection var_textResponses = [###anytextvariable###];;]]></Log>
  <Log Timestamp="12/02/2016 14:53:17"><![CDATA[[InsecureEquationDetected]: return // Get all text responses fro ResponseCollection var_textResponses = [###anytextvariable###];;]]></Log>
  <Log Timestamp="12/02/2016 14:53:22"><![CDATA[[InsecureEquationDetected]: return // Get all text responses from the anytextvariable. ResponseCollection var_textResponses = [###anytextvariable###];;]]></Log>
  <Log Timestamp="12/02/2016 14:53:27"><![CDATA[[InsecureEquationDetected]: return // Get all text responses from the anytextvariable. ResponseCollection var_textResponses = [###anytextvariable###];  ;]]></Log>
  <Log Timestamp="12/02/2016 14:53:32"><![CDATA[[InsecureEquationDetected]: return // Get all text responses from the anytextvariable. ResponseCollection var_textResponses = [###anytextvariable###];  // Get all wei;]]></Log>
  <Log Timestamp="12/02/2016 14:53:37"><![CDATA[[InsecureEquationDetected]: return // Get all text responses from the anytextvariable. ResponseCollection var_textResponses = [###anytextvariable###];  // Get all weights for the respondents to weigh;]]></Log>
  <Log Timestamp="12/02/2016 14:53:42"><![CDATA[[InsecureEquationDetected]: return // Get all text responses from the anytextvariable. ResponseCollection var_textResponses = [###anytextvariable###];  // Get all weights for the respondents to weight the result. ;]]></Log>
  <Log Timestamp="12/02/2016 14:53:47"><![CDATA[[InsecureEquationDetected]: return // Get all text responses from the anytextvariable. ResponseCollection var_textResponses = [###anytextvariable###];  // Get all weights for the respondents to weight the result. ResponseCollection var_wei;]]></Log>
  <Log Timestamp="12/02/2016 14:53:52"><![CDATA[[InsecureEquationDetected]: return // Get all text responses from the anytextvariable. ResponseCollection var_textResponses = [###anytextvariable###];  // Get all weights for the respondents to weight the result. ResponseCollection var_weights = [###weight;]]></Log>
  <Log Timestamp="12/02/2016 14:53:57"><![CDATA[[InsecureEquationDetected]: return // Get all text responses from the anytextvariable. ResponseCollection var_textResponses = [###anytextvariable###];  // Get all weights for the respondents to weight the result. ResponseCollection var_weights = [###weight1###];  ;]]></Log>
  <Log Timestamp="12/02/2016 14:54:02"><![CDATA[[InsecureEquationDetected]: return // Get all text responses from the anytextvariable. ResponseCollection var_textResponses = [###anytextvariable###];  // Get all weights for the respondents to weight the result. ResponseCollection var_weights = [###weight1###];  // Run through all tex;]]></Log>
  <Log Timestamp="12/02/2016 14:54:07"><![CDATA[[InsecureEquationDetected]: return // Get all text responses from the anytextvariable. ResponseCollection var_textResponses = [###anytextvariable###];  // Get all weights for the respondents to weight the result. ResponseCollection var_weights = [###weight1###];  // Run through all text responses. ;]]></Log>
  <Log Timestamp="12/02/2016 14:54:12"><![CDATA[[InsecureEquationDetected]: return // Get all text responses from the anytextvariable. ResponseCollection var_textResponses = [###anytextvariable###];  // Get all weights for the respondents to weight the result. ResponseCollection var_weights = [###weight1###];  // Run through all text responses. ;]]></Log>
  <Log Timestamp="12/02/2016 14:54:17"><![CDATA[[InsecureEquationDetected]: return // Get all text responses from the anytextvariable. ResponseCollection var_textResponses = [###anytextvariable###];  // Get all weights for the respondents to weight the result. ResponseCollection var_weights = [###weight1###];  // Run through all text responses. foreach(;]]></Log>
  <Log Timestamp="12/02/2016 14:54:22"><![CDATA[[InsecureEquationDetected]: return // Get all text responses from the anytextvariable. ResponseCollection var_textResponses = [###anytextvariable###];  // Get all weights for the respondents to weight the result. ResponseCollection var_weights = [###weight1###];  // Run through all text responses. foreach(Response var_textResponse ;]]></Log>
  <Log Timestamp="12/02/2016 14:54:27"><![CDATA[[InsecureEquationDetected]: return // Get all text responses from the anytextvariable. ResponseCollection var_textResponses = [###anytextvariable###];  // Get all weights for the respondents to weight the result. ResponseCollection var_weights = [###weight1###];  // Run through all text responses. foreach(Response var_textResponse in var_textResponses;]]></Log>
  <Log Timestamp="12/02/2016 14:54:32"><![CDATA[[InsecureEquationDetected]: return // Get all text responses from the anytextvariable. ResponseCollection var_textResponses = [###anytextvariable###];  // Get all weights for the respondents to weight the result. ResponseCollection var_weights = [###weight1###];  // Run through all text responses. foreach(Response var_textResponse in var_textResponses)  { };]]></Log>
  <Log Timestamp="12/02/2016 14:54:37"><![CDATA[[InsecureEquationDetected]: return // Get all text responses from the anytextvariable. ResponseCollection var_textResponses = [###anytextvariable###];  // Get all weights for the respondents to weight the result. ResponseCollection var_weights = [###weight1###];  // Run through all text responses. foreach(Response var_textResponse in var_textResponses)  {   if };]]></Log>
  <Log Timestamp="12/02/2016 14:54:42"><![CDATA[[InsecureEquationDetected]: return // Get all text responses from the anytextvariable. ResponseCollection var_textResponses = [###anytextvariable###];  // Get all weights for the respondents to weight the result. ResponseCollection var_weights = [###weight1###];  // Run through all text responses. foreach(Response var_textResponse in var_textResponses)  {   if(var_textResponse.Text.co };]]></Log>
  <Log Timestamp="12/02/2016 14:54:47"><![CDATA[[InsecureEquationDetected]: return // Get all text responses from the anytextvariable. ResponseCollection var_textResponses = [###anytextvariable###];  // Get all weights for the respondents to weight the result. ResponseCollection var_weights = [###weight1###];  // Run through all text responses. foreach(Response var_textResponse in var_textResponses)  {   if(var_textResponse.Text.Contains(' };]]></Log>
  <Log Timestamp="12/02/2016 14:54:52"><![CDATA[[InsecureEquationDetected]: return // Get all text responses from the anytextvariable. ResponseCollection var_textResponses = [###anytextvariable###];  // Get all weights for the respondents to weight the result. ResponseCollection var_weights = [###weight1###];  // Run through all text responses. foreach(Response var_textResponse in var_textResponses)  {   if(var_textResponse.Text.Contains('shit') };]]></Log>
  <Log Timestamp="12/02/2016 14:54:57"><![CDATA[[InsecureEquationDetected]: return // Get all text responses from the anytextvariable. ResponseCollection var_textResponses = [###anytextvariable###];  // Get all weights for the respondents to weight the result. ResponseCollection var_weights = [###weight1###];  // Run through all text responses. foreach(Response var_textResponse in var_textResponses)  {   if(var_textResponse.Text.Contains('shit') };]]></Log>
  <Log Timestamp="12/02/2016 14:55:02"><![CDATA[[InsecureEquationDetected]: return // Get all text responses from the anytextvariable. ResponseCollection var_textResponses = [###anytextvariable###];  // Get all weights for the respondents to weight the result. ResponseCollection var_weights = [###weight1###];  // Run through all text responses. foreach(Response var_textResponse in var_textResponses)  {   if(var_textResponse.Text.Contains('shit') };]]></Log>
  <Log Timestamp="12/02/2016 14:55:07"><![CDATA[[InsecureEquationDetected]: return // Get all text responses from the anytextvariable. ResponseCollection var_textResponses = [###anytextvariable###];  // Get all weights for the respondents to weight the result. ResponseCollection var_weights = [###weight1###];  var result =   // Run through all text responses. foreach(Response var_textResponse in var_textResponses)  {   if(var_textResponse.Text.Contains('hate') };]]></Log>
  <Log Timestamp="12/02/2016 14:55:12"><![CDATA[[InsecureEquationDetected]: // Get all text responses from the anytextvariable. ResponseCollection var_textResponses = [###anytextvariable###];  // Get all weights for the respondents to weight the result. ResponseCollection var_weights = [###weight1###];  double result = 0;  // Run through all text responses. foreach(Response var_textResponse in var_textResponses)  {   if(var_textResponse.Text.Contains('hate') }]]></Log>
  <Log Timestamp="12/02/2016 14:55:17"><![CDATA[[InsecureEquationDetected]: // Get all text responses from the anytextvariable. ResponseCollection var_textResponses = [###anytextvariable###];  // Get all weights for the respondents to weight the result. ResponseCollection var_weights = [###weight1###];  double var_result = 0;  // Run through all text responses. foreach(Response var_textResponse in var_textResponses)  {   if(var_textResponse.Text.Contains('hate') }]]></Log>
  <Log Timestamp="12/02/2016 14:55:22"><![CDATA[[InsecureEquationDetected]: // Get all text responses from the anytextvariable. ResponseCollection var_textResponses = [###anytextvariable###];  // Get all weights for the respondents to weight the result. ResponseCollection var_weights = [###weight1###];  double var_result = 0;  // Run through all text responses. foreach(Response var_textResponse in var_textResponses)  {   if(var_textResponse.Text.Contains('hate') {   } }]]></Log>
  <Log Timestamp="12/02/2016 14:55:27"><![CDATA[[InsecureEquationDetected]: // Get all text responses from the anytextvariable. ResponseCollection var_textResponses = [###anytextvariable###];  // Get all weights for the respondents to weight the result. ResponseCollection var_weights = [###weight1###];  double var_result = 0;  // Run through all text responses. foreach(Response var_textResponse in var_textResponses)  {   if(var_textResponse.Text.Contains('hate')    {        } }]]></Log>
  <Log Timestamp="12/02/2016 14:55:32"><![CDATA[[InsecureEquationDetected]: // Get all text responses from the anytextvariable. ResponseCollection var_textResponses = [###anytextvariable###];  // Get all weights for the respondents to weight the result. ResponseCollection var_weights = [###weight1###];  double var_result = 0;  // Run through all text responses. foreach(Response var_textResponse in var_textResponses)  {   if(var_textResponse.Text.Contains('hate')    {     var_result += var   } }]]></Log>
  <Log Timestamp="12/02/2016 14:55:37"><![CDATA[[InsecureEquationDetected]: // Get all text responses from the anytextvariable. ResponseCollection var_textResponses = [###anytextvariable###];  // Get all weights for the respondents to weight the result. ResponseCollection var_weights = [###weight1###];  double var_result = 0;  // Run through all text responses. foreach(Response var_textResponse in var_textResponses)  {   if(var_textResponse.Text.Contains('hate')    {     var_result += var_weights[var_TextResp   } }]]></Log>
  <Log Timestamp="12/02/2016 14:55:42"><![CDATA[[InsecureEquationDetected]: // Get all text responses from the anytextvariable. ResponseCollection var_textResponses = [###anytextvariable###];  // Get all weights for the respondents to weight the result. ResponseCollection var_weights = [###weight1###];  double var_result = 0;  // Run through all text responses. foreach(Response var_textResponse in var_textResponses)  {   if(var_textResponse.Text.Contains('hate')    {     var_result += var_weights[var_TextResponse.IdRespondent]   } }]]></Log>
  <Log Timestamp="12/02/2016 14:55:47"><![CDATA[[InsecureEquationDetected]: // Get all text responses from the anytextvariable. ResponseCollection var_textResponses = [###anytextvariable###];  // Get all weights for the respondents to weight the result. ResponseCollection var_weights = [###weight1###];  double var_result = 0;  // Run through all text responses. foreach(Response var_textResponse in var_textResponses)  {   if(var_textResponse.Text.Contains('hate')    {     var_result += var_weights[var_TextResponse.IdRespondent];   } }]]></Log>
  <Log Timestamp="12/02/2016 14:55:52"><![CDATA[[InsecureEquationDetected]: // Get all text responses from the anytextvariable. ResponseCollection var_textResponses = [###anytextvariable###];  // Get all weights for the respondents to weight the result. ResponseCollection var_weights = [###weight1###];  double var_result = 0;  // Run through all text responses. foreach(Response var_textResponse in var_textResponses)  {   if(var_textResponse.Text.Contains('hate')    {     double weight = var_weights[var_TextResponse.IdRespondent]     var_result += ;   } }]]></Log>
  <Log Timestamp="12/02/2016 14:55:57"><![CDATA[[InsecureEquationDetected]: // Get all text responses from the anytextvariable. ResponseCollection var_textResponses = [###anytextvariable###];  // Get all weights for the respondents to weight the result. ResponseCollection var_weights = [###weight1###];  double var_result = 0;  // Run through all text responses. foreach(Response var_textResponse in var_textResponses)  {   if(var_textResponse.Text.Contains('hate')    {     // Get the weight for the      double weight = var_weights[var_TextResponse.IdRespondent];     var_result += ;   } }]]></Log>
  <Log Timestamp="12/02/2016 14:56:02"><![CDATA[[InsecureEquationDetected]: // Get all text responses from the anytextvariable. ResponseCollection var_textResponses = [###anytextvariable###];  // Get all weights for the respondents to weight the result. ResponseCollection var_weights = [###weight1###];  double var_result = 0;  // Run through all text responses. foreach(Response var_textResponse in var_textResponses)  {   if(var_textResponse.Text.Contains('hate')    {     // Get the weight for the respondent.     double weight = var_weights[var_TextResponse.IdRespondent];     var_result += ;   } }]]></Log>
  <Log Timestamp="12/02/2016 14:56:07"><![CDATA[[InsecureEquationDetected]: // Get all text responses from the anytextvariable. ResponseCollection var_textResponses = [###anytextvariable###];  // Get all weights for the respondents to weight the result. ResponseCollection var_weights = [###weight1###];  double var_result = 0;  // Run through all text responses. foreach(Response var_textResponse in var_textResponses)  {   if(var_textResponse.Text.Contains('hate')    {     // Get the weight for the respondent.     double weight = var_weights[var_TextResponse.IdRespondent];          // Add the w     var_result += ;   } }]]></Log>
  <Log Timestamp="12/02/2016 14:56:12"><![CDATA[[InsecureEquationDetected]: // Get all text responses from the anytextvariable. ResponseCollection var_textResponses = [###anytextvariable###];  // Get all weights for the respondents to weight the result. ResponseCollection var_weights = [###weight1###];  double var_result = 0;  // Run through all text responses. foreach(Response var_textResponse in var_textResponses)  {   if(var_textResponse.Text.Contains('hate')    {     // Get the weight for the respondent.     double weight = var_weights[var_TextResponse.IdRespondent];          // Add the weighted value to the result value.     var_result += ;   } }]]></Log>
  <Log Timestamp="12/02/2016 14:56:17"><![CDATA[[InsecureEquationDetected]: // Get all text responses from the anytextvariable. ResponseCollection var_textResponses = [###anytextvariable###];  // Get all weights for the respondents to weight the result. ResponseCollection var_weights = [###weight1###];  double var_result = 0;  // Run through all text responses. foreach(Response var_textResponse in var_textResponses)  {   if(var_textResponse.Text.Contains('hate')    {     // Get the weight for the respondent.     double var_weight = var_weights[var_TextResponse.IdRespondent];          // Add the weighted value to the result value.     var_result += var_weight;   } }]]></Log>
  <Log Timestamp="12/02/2016 14:56:22"><![CDATA[[InsecureEquationDetected]: // Get all text responses from the anytextvariable. ResponseCollection var_textResponses = [###anytextvariable###];  // Get all weights for the respondents to weight the result. ResponseCollection var_weights = [###weight1###];  double var_result = 0;  // Run through all text responses. foreach(Response var_textResponse in var_textResponses)  {   if(var_textResponse.Text.Contains('hate')    {     // Get the weight for the respondent.     double var_weight = var_weights[var_TextResponse.IdRespondent];          // Add the weighted value to the result value.     var_result += var_weight;   } }      ]]></Log>
  <Log Timestamp="12/02/2016 14:56:27"><![CDATA[[InsecureEquationDetected]: // Get all text responses from the anytextvariable. ResponseCollection var_textResponses = [###anytextvariable###];  // Get all weights for the respondents to weight the result. ResponseCollection var_weights = [###weight1###];  double var_result = 0;  // Run through all text responses. foreach(Response var_textResponse in var_textResponses)  {   if(var_textResponse.Text.Contains('hate')    {     // Get the weight for the respondent.     double var_weight = var_weights[var_TextResponse.IdRespondent];          // Add the weighted value to the result value.     var_result += var_weight;   } }      return result;]]></Log>
  <Log Timestamp="12/02/2016 14:56:32"><![CDATA[[InsecureEquationDetected]: // Get all text responses from the anytextvariable. ResponseCollection var_textResponses = [###anytextvariable###];  // Get all weights for the respondents to weight the result. ResponseCollection var_weights = [###weight1###];  double var_result = 0;  // Run through all text responses. foreach(Response var_textResponse in var_textResponses)  {   if(var_textResponse.Text.Contains('hate')    {     // Get the weight for the respondent.     double var_weight = var_weights[var_TextResponse.IdRespondent];          // Add the weighted value to the result value.     var_result += var_weight;   } }       return result;]]></Log>
  <Log Timestamp="12/02/2016 14:56:37"><![CDATA[[InsecureEquationDetected]: // Get all text responses from the anytextvariable. ResponseCollection var_textResponses = [###anytextvariable###];  // Get all weights for the respondents to weight the result. ResponseCollection var_weights = [###weight1###];  double var_result = 0;  // Run through all text responses. foreach(Response var_textResponse in var_textResponses)  {   if(var_textResponse.Text.Contains('hate')    {     // Get the weight for the respondent.     double var_weight = var_weights[var_TextResponse.IdRespondent];          // Add the weighted value to the result value.     var_result += var_weight;   } }       return result;]]></Log>
  <Log Timestamp="12/02/2016 14:56:42"><![CDATA[[InsecureEquationDetected]: // Get all text responses from the anytextvariable. ResponseCollection var_textResponses = [###anytextvariable###];  // Get all weights for the respondents to weight the result. ResponseCollection var_weights = [###weight1###];  double var_result = 0;  // Run through all text responses. foreach(Response var_textResponse in var_textResponses)  {   if(var_textResponse.Text.Contains('hate')    {     // Get the weight for the respondent.     double var_weight = var_weights[var_TextResponse.IdRespondent];          // Add the weighted value to the result value.     var_result += var_weight;   } }       return result;]]></Log>
  <Log Timestamp="12/02/2016 14:56:47"><![CDATA[[InsecureEquationDetected]: // Get all text responses from the anytextvariable. ResponseCollection var_textResponses = [###anytextvariable###];  // Get all weights for the respondents to weight the result. ResponseCollection var_weights = [###weight1###];  double var_result = 0;  // Run through all text responses. foreach(Response var_textResponse in var_textResponses)  {   if(var_textResponse.Text.Contains('hate')    {     // Get the weight for the respondent.     double var_weight = var_weights[var_TextResponse.IdRespondent];          // Add the weighted value to the result value.     var_result += var_weight;   } }       return result;]]></Log>
  <Log Timestamp="12/02/2016 14:56:52"><![CDATA[[InsecureEquationDetected]: // Get all text responses from the anytextvariable. ResponseCollection var_textResponses = [###anytextvariable###];  // Get all weights for the respondents to weight the result. ResponseCollection var_weights = [###weight1###];  double var_result = 0;  // Run through all text responses. foreach(Response var_textResponse in var_textResponses)  {   if(var_textResponse.Text.Contains('hate')    {     // Get the weight for the respondent.     double var_weight = var_weights[var_TextResponse.IdRespondent];          // Add the weighted value to the result value.     var_result += var_weight;   } }       return result;]]></Log>
  <Log Timestamp="12/02/2016 14:56:57"><![CDATA[[InsecureEquationDetected]: // Get all text responses from the anytextvariable. ResponseCollection var_textResponses = [###anytextvariable###];  // Get all weights for the respondents to weight the result. ResponseCollection var_weights = [###weight1###];  double var_result = 0;  // Run through all text responses. foreach(Response var_textResponse in var_textResponses)  {   if(var_textResponse.Text.Contains('hate')    {     // Get the weight for the respondent.     double var_weight = var_weights[var_TextResponse.IdRespondent];          // Add the weighted value to the result value.     var_result += var_weight;   } }       return result;]]></Log>
  <Log Timestamp="12/02/2016 14:57:02"><![CDATA[[InsecureEquationDetected]: // Get all text responses from the anytextvariable. ResponseCollection var_textResponses = [###anytextvariable###];  // Get all weights for the respondents to weight the result. ResponseCollection var_weights = [###weight1###];  double var_result = 0;  // Run through all text responses. foreach(Response var_textResponse in var_textResponses)  {   if(var_textResponse.Text.Contains('hate')    {     // Get the weight for the respondent.     double var_weight = var_weights[var_TextResponse.IdRespondent];          // Add the weighted value to the result value.     var_result += var_weight;   } }       return result;]]></Log>
  <Log Timestamp="12/02/2016 14:57:07"><![CDATA[[InsecureEquationDetected]: // Get all text responses from the anytextvariable. ResponseCollection var_textResponses = [###anytextvariable###];  // Get all weights for the respondents to weight the result. ResponseCollection var_weights = [###weight1###];  double var_result = 0;  // Run through all text responses. foreach(Response var_textResponse in var_textResponses)  {   if(var_textResponse.Text.Contains('hate')    {     // Get the weight for the respondent.     double var_weight = var_weights[var_TextResponse.IdRespondent];          // Add the weighted value to the result value.     var_result += var_weight;   } }       return result;]]></Log>
  <Log Timestamp="12/02/2016 14:57:12"><![CDATA[[InsecureEquationDetected]: // Get all text responses from the anytextvariable. ResponseCollection var_textResponses = [###anytextvariable###];  // Get all weights for the respondents to weight the result. ResponseCollection var_weights = [###weight1###];  double var_result = 0;  // Run through all text responses. foreach(Response var_textResponse in var_textResponses)  {   if(var_textResponse.Text.Contains('hate')    {     // Get the weight for the respondent.     double var_weight = var_weights[var_TextResponse.IdRespondent];          // Add the weighted value to the result value.     var_result += var_weight;   } }       return result;]]></Log>
  <Log Timestamp="12/02/2016 14:57:17"><![CDATA[[InsecureEquationDetected]: // Get all text responses from the anytextvariable. ResponseCollection var_textResponses = [###anytextvariable###];  // Get all weights for the respondents to weight the result. ResponseCollection var_weights = [###weight1###];  double var_result = 0;  // Run through all text responses. foreach(Response var_textResponse in var_textResponses)  {   if(var_textResponse.Text.Contains('hate')    {     // Get the weight for the respondent.     double var_weight = var_weights[var_TextResponse.IdRespondent];          // Add the weighted value to the result value.     var_result += var_weight;   } }       return result;]]></Log>
  <Log Timestamp="12/02/2016 14:57:22"><![CDATA[[InsecureEquationDetected]: // Get all text responses from the anytextvariable. ResponseCollection var_textResponses = [###anytextvariable###];  // Get all weights for the respondents to weight the result. ResponseCollection var_weights = [###weight1###];  double var_result = 0;  // Run through all text responses. foreach(Response var_textResponse in var_textResponses)  {   if(var_textResponse.Text.Contains('hate')    {     // Get the weight for the respondent.     double var_weight = var_weights[var_TextResponse.IdRespondent];          // Add the weighted value to the result value.     var_result += var_weight;   } }       return result;]]></Log>
  <Log Timestamp="12/02/2016 14:57:27"><![CDATA[[InsecureEquationDetected]: // Get all text responses from the anytextvariable. ResponseCollection var_textResponses = [###anytextvariable###];  // Get all weights for the respondents to weight the result. ResponseCollection var_weights = [###weight1###];  double var_result = 0;  // Run through all text responses. foreach(Response var_textResponse in var_textResponses)  {   if(var_textResponse.Text.Contains('hate')    {     // Get the weight for the respondent.     double var_weight = var_weights[var_TextResponse.IdRespondent];          // Add the weighted value to the result value.     var_result += var_weight;   } }       return result;]]></Log>
  <Log Timestamp="12/02/2016 14:57:32"><![CDATA[[InsecureEquationDetected]: // Get all text responses from the anytextvariable. ResponseCollection var_textResponses = [###anytextvariable###];  // Get all weights for the respondents to weight the result. ResponseCollection var_weights = [###weight1###];  double var_result = 0;  // Run through all text responses. foreach(Response var_textResponse in var_textResponses)  {   if(var_textResponse.Text.Contains('hate')    {     // Get the weight for the respondent.     double var_weight = var_weights[var_TextResponse.IdRespondent];          // Add the weighted value to the result value.     var_result += var_weight;   } }       return result;]]></Log>
  <Log Timestamp="12/02/2016 14:57:37"><![CDATA[[InsecureEquationDetected]: // Get all text responses from the anytextvariable. ResponseCollection var_textResponses = [###anytextvariable###];  // Get all weights for the respondents to weight the result. ResponseCollection var_weights = [###weight1###];  double var_result = 0;  // Run through all text responses. foreach(Response var_textResponse in var_textResponses)  {   if(var_textResponse.Text.Contains('hate')    {     // Get the weight for the respondent.     double var_weight = var_weights[var_TextResponse.IdRespondent];          // Add the weighted value to the result value.     var_result += var_weight;   } }       return result;]]></Log>
  <Log Timestamp="12/02/2016 14:57:42"><![CDATA[[InsecureEquationDetected]: // Get all text responses from the anytextvariable. ResponseCollection var_textResponses = [###anytextvariable###];  // Get all weights for the respondents to weight the result. ResponseCollection var_weights = [###weight1###];  double var_result = 0;  // Run through all text responses. foreach(Response var_textResponse in var_textResponses)  {   if(var_textResponse.Text.Contains('hate')    {     // Get the weight for the respondent.     double var_weight = var_weights[var_TextResponse.IdRespondent];          // Add the weighted value to the result value.     var_result += var_weight;   } }       return result;]]></Log>
  <Log Timestamp="12/02/2016 14:57:47"><![CDATA[[InsecureEquationDetected]: // Get all text responses from the anytextvariable. ResponseCollection var_textResponses = [###anytextvariable###];  // Get all weights for the respondents to weight the result. ResponseCollection var_weights = [###weight1###];  double var_result = 0;  // Run through all text responses. foreach(Response var_textResponse in var_textResponses)  {   if(var_textResponse.Text.Contains('hate')    {     // Get the weight for the respondent.     double var_weight = var_weights[var_TextResponse.IdRespondent];          // Add the weighted value to the result value.     var_result += var_weight;   } }       return result;]]></Log>
  <Log Timestamp="12/02/2016 14:57:52"><![CDATA[[InsecureEquationDetected]: // Get all text responses from the anytextvariable. ResponseCollection var_textResponses = [###anytextvariable###];  // Get all weights for the respondents to weight the result. ResponseCollection var_weights = [###weight1###];  double var_result = 0;  // Run through all text responses. foreach(Response var_textResponse in var_textResponses)  {   if(var_textResponse.Text.Contains('hate')    {     // Get the weight for the respondent.     double var_weight = var_weights[var_TextResponse.IdRespondent];          // Add the weighted value to the result value.     var_result += var_weight;   } }       return result;]]></Log>
  <Log Timestamp="12/02/2016 14:57:57"><![CDATA[[InsecureEquationDetected]: // Get all text responses from the anytextvariable. ResponseCollection var_textResponses = [###anytextvariable###];  // Get all weights for the respondents to weight the result. ResponseCollection var_weights = [###weight1###];  double var_result = 0;  // Run through all text responses. foreach(Response var_textResponse in var_textResponses)  {   if(var_textResponse.Text.Contains('hate')    {     // Get the weight for the respondent.     double var_weight = var_weights[var_TextResponse.IdRespondent];          // Add the weighted value to the result value.     var_result += var_weight;   } }       return result;]]></Log>
  <Log Timestamp="12/02/2016 14:58:02"><![CDATA[[InsecureEquationDetected]: // Get all text responses from the anytextvariable. ResponseCollection var_textResponses = [###anytextvariable###];  // Get all weights for the respondents to weight the result. ResponseCollection var_weights = [###weight1###];  double var_result = 0;  // Run through all text responses. foreach(Response var_textResponse in var_textResponses)  {   if(var_textResponse.Text.Contains('hate')    {     // Get the weight for the respondent.     double var_weight = var_weights[var_TextResponse.IdRespondent];          // Add the weighted value to the result value.     var_result += var_weight;   } }       return result;]]></Log>
  <Log Timestamp="12/02/2016 14:58:07"><![CDATA[[InsecureEquationDetected]: // Get all text responses from the anytextvariable. ResponseCollection var_textResponses = [###anytextvariable###];  // Get all weights for the respondents to weight the result. ResponseCollection var_weights = [###weight1###];  double var_result = 0;  // Run through all text responses. foreach(Response var_textResponse in var_textResponses)  {   if(var_textResponse.Text.Contains('hate')    {     // Get the weight for the respondent.     double var_weight = var_weights[var_TextResponse.IdRespondent];          // Add the weighted value to the result value.     var_result += var_weight;   } }       return result;]]></Log>
  <Log Timestamp="12/02/2016 14:58:12"><![CDATA[[InsecureEquationDetected]: // Get all text responses from the anytextvariable. ResponseCollection var_textResponses = [###anytextvariable###];  // Get all weights for the respondents to weight the result. ResponseCollection var_weights = [###weight1###];  double var_result = 0;  // Run through all text responses. foreach(Response var_textResponse in var_textResponses)  {   if(var_textResponse.Text.Contains('hate')    {     // Get the weight for the respondent.     double var_weight = var_weights[var_TextResponse.IdRespondent];          // Add the weighted value to the result value.     var_result += var_weight;   } }       return result;]]></Log>
  <Log Timestamp="12/02/2016 14:58:17"><![CDATA[[InsecureEquationDetected]: // Get all text responses from the anytextvariable. ResponseCollection var_textResponses = [###anytextvariable###];  // Get all weights for the respondents to weight the result. ResponseCollection var_weights = [###weight1###];  double var_result = 0;  // Run through all text responses. foreach(Response var_textResponse in var_textResponses)  {   if(var_textResponse.Text.Contains('hate')    {     // Get the weight for the respondent.     double var_weight = var_weights[var_TextResponse.IdRespondent];          // Add the weighted value to the result value.     var_result += var_weight;   } }       return result;]]></Log>
  <Log Timestamp="12/02/2016 14:58:22"><![CDATA[[InsecureEquationDetected]: // Get all text responses from the anytextvariable. ResponseCollection var_textResponses = [###anytextvariable###];  // Get all weights for the respondents to weight the result. ResponseCollection var_weights = [###weight1###];  double var_result = 0;  // Run through all text responses. foreach(Response var_textResponse in var_textResponses)  {   if(var_textResponse.Text.Contains('hate')    {     // Get the weight for the respondent.     double var_weight = var_weights[var_TextResponse.IdRespondent];          // Add the weighted value to the result value.     var_result += var_weight;   } }       return result;]]></Log>
  <Log Timestamp="12/02/2016 14:58:27"><![CDATA[[InsecureEquationDetected]: // Get all text responses from the anytextvariable. ResponseCollection var_textResponses = [###anytextvariable###];  // Get all weights for the respondents to weight the result. ResponseCollection var_weights = [###weight1###];  double var_result = 0;  // Run through all text responses. foreach(Response var_textResponse in var_textResponses)  {   if(var_textResponse.Text.Contains('hate')    {     // Get the weight for the respondent.     double var_weight = var_weights[var_TextResponse.IdRespondent];          // Add the weighted value to the result value.     var_result += var_weight;   } }       return result;]]></Log>
  <Log Timestamp="12/02/2016 14:58:32"><![CDATA[[InsecureEquationDetected]: // Get all text responses from the anytextvariable. ResponseCollection var_textResponses = [###anytextvariable###];  // Get all weights for the respondents to weight the result. ResponseCollection var_weights = [###weight1###];  double var_result = 0;  // Run through all text responses. foreach(Response var_textResponse in var_textResponses)  {   if(var_textResponse.Text.Contains('hate')    {     // Get the weight for the respondent.     double var_weight = var_weights[var_TextResponse.IdRespondent];          // Add the weighted value to the result value.     var_result += var_weight;   } }       return result;]]></Log>
  <Log Timestamp="12/02/2016 14:58:37"><![CDATA[[InsecureEquationDetected]: // Get all text responses from the anytextvariable. ResponseCollection var_textResponses = [###anytextvariable###];  // Get all weights for the respondents to weight the result. ResponseCollection var_weights = [###weight1###];  double var_result = 0;  // Run through all text responses. foreach(Response var_textResponse in var_textResponses)  {   if(var_textResponse.Text.Contains('hate')    {     // Get the weight for the respondent.     double var_weight = var_weights[var_TextResponse.IdRespondent];          // Add the weighted value to the result value.     var_result += var_weight;   } }       return result;]]></Log>
  <Log Timestamp="12/02/2016 14:58:42"><![CDATA[[InsecureEquationDetected]: // Get all text responses from the anytextvariable. ResponseCollection var_textResponses = [###anytextvariable###];  // Get all weights for the respondents to weight the result. ResponseCollection var_weights = [###weight1###];  double var_result = 0;  // Run through all text responses. foreach(Response var_textResponse in var_textResponses)  {   if(var_textResponse.Text.Contains('hate')    {     // Get the weight for the respondent.     double var_weight = var_weights[var_TextResponse.IdRespondent];          // Add the weighted value to the result value.     var_result += var_weight;   } }       return result;]]></Log>
  <Log Timestamp="12/02/2016 14:58:47"><![CDATA[[InsecureEquationDetected]: // Get all text responses from the anytextvariable. ResponseCollection var_textResponses = [###anytextvariable###];  // Get all weights for the respondents to weight the result. ResponseCollection var_weights = [###weight1###];  double var_result = 0;  // Run through all text responses. foreach(Response var_textResponse in var_textResponses)  {   if(var_textResponse.Text.Contains('hate')    {     // Get the weight for the respondent.     double var_weight = var_weights[var_TextResponse.IdRespondent];          // Add the weighted value to the result value.     var_result += var_weight;   } }       return result;]]></Log>
  <Log Timestamp="12/02/2016 14:58:52"><![CDATA[[InsecureEquationDetected]: // Get all text responses from the anytextvariable. ResponseCollection var_textResponses = [###anytextvariable###];  // Get all weights for the respondents to weight the result. ResponseCollection var_weights = [###weight1###];  double var_result = 0;  // Run through all text responses. foreach(Response var_textResponse in var_textResponses)  {   if(var_textResponse.Text.Contains('hate')    {     // Get the weight for the respondent.     double var_weight = var_weights[var_TextResponse.IdRespondent];          // Add the weighted value to the result value.     var_result += var_weight;   } }       return result;]]></Log>
  <Log Timestamp="12/02/2016 14:58:57"><![CDATA[[InsecureEquationDetected]: // Get all text responses from the anytextvariable. ResponseCollection var_textResponses = [###anytextvariable###];  // Get all weights for the respondents to weight the result. ResponseCollection var_weights = [###weight1###];  double var_result = 0;  // Run through all text responses. foreach(Response var_textResponse in var_textResponses)  {   if(var_textResponse.Text.Contains('hate')    {     // Get the weight for the respondent.     double var_weight = var_weights[var_TextResponse.IdRespondent];          // Add the weighted value to the result value.     var_result += var_weight;   } }       return result;]]></Log>
  <Log Timestamp="12/02/2016 14:59:03"><![CDATA[[InsecureEquationDetected]: // Get all text responses from the anytextvariable. ResponseCollection var_textResponses = [###anytextvariable###];  // Get all weights for the respondents to weight the result. ResponseCollection var_weights = [###weight1###];  double var_result = 0;  // Run through all text responses. foreach(Response var_textResponse in var_textResponses)  {   if(var_textResponse.Text.Contains('hate')    {     // Get the weight for the respondent.     double var_weight = var_weights[var_TextResponse.IdRespondent];          // Add the weighted value to the result value.     var_result += var_weight;   } }       return result;]]></Log>
  <Log Timestamp="12/02/2016 14:59:08"><![CDATA[[InsecureEquationDetected]: // Get all text responses from the anytextvariable. ResponseCollection var_textResponses = [###anytextvariable###];  // Get all weights for the respondents to weight the result. ResponseCollection var_weights = [###weight1###];  double var_result = 0;  // Run through all text responses. foreach(Response var_textResponse in var_textResponses)  {   if(var_textResponse.Text.Contains('hate')    {     // Get the weight for the respondent.     double var_weight = var_weights[var_TextResponse.IdRespondent];          // Add the weighted value to the result value.     var_result += var_weight;   } }       return result;]]></Log>
  <Log Timestamp="12/02/2016 14:59:13"><![CDATA[[InsecureEquationDetected]: // Get all text responses from the anytextvariable. ResponseCollection var_textResponses = [###anytextvariable###];  // Get all weights for the respondents to weight the result. ResponseCollection var_weights = [###weight1###];  double var_result = 0;  // Run through all text responses. foreach(Response var_textResponse in var_textResponses)  {   if(var_textResponse.Text.Contains('hate')    {     // Get the weight for the respondent.     double var_weight = var_weights[var_TextResponse.IdRespondent];          // Add the weighted value to the result value.     var_result += var_weight;   } }       return result;]]></Log>
  <Log Timestamp="12/02/2016 14:59:18"><![CDATA[[InsecureEquationDetected]: // Get all text responses from the anytextvariable. ResponseCollection var_textResponses = [###anytextvariable###];  // Get all weights for the respondents to weight the result. ResponseCollection var_weights = [###weight1###];  double var_result = 0;  // Run through all text responses. foreach(Response var_textResponse in var_textResponses)  {   if(var_textResponse.Text.Contains('hate')    {     // Get the weight for the respondent.     double var_weight = var_weights[var_TextResponse.IdRespondent];          // Add the weighted value to the result value.     var_result += var_weight;   } }       return result;]]></Log>
  <Log Timestamp="12/02/2016 14:59:23"><![CDATA[[InsecureEquationDetected]: // Get all text responses from the anytextvariable. ResponseCollection var_textResponses = [###anytextvariable###];  // Get all weights for the respondents to weight the result. ResponseCollection var_weights = [###weight1###];  double var_result = 0;  // Run through all text responses. foreach(Response var_textResponse in var_textResponses)  {   if(var_textResponse.Text.Contains('hate')    {     // Get the weight for the respondent.     double var_weight = var_weights[var_TextResponse.IdRespondent];          // Add the weighted value to the result value.     var_result += var_weight;   } }       return result;]]></Log>
  <Log Timestamp="12/02/2016 14:59:28"><![CDATA[[InsecureEquationDetected]: // Get all text responses from the anytextvariable. ResponseCollection var_textResponses = [###anytextvariable###];  // Get all weights for the respondents to weight the result. ResponseCollection var_weights = [###weight1###];  double var_result = 0;  // Run through all text responses. foreach(Response var_textResponse in var_textResponses)  {   if(var_textResponse.Text.Contains('hate')    {     // Get the weight for the respondent.     double var_weight = var_weights[var_TextResponse.IdRespondent];          // Add the weighted value to the result value.     var_result += var_weight;   } }       return result;]]></Log>
  <Log Timestamp="12/02/2016 14:59:33"><![CDATA[[InsecureEquationDetected]: // Get all text responses from the anytextvariable. ResponseCollection var_textResponses = [###anytextvariable###];  // Get all weights for the respondents to weight the result. ResponseCollection var_weights = [###weight1###];  double var_result = 0;  // Run through all text responses. foreach(Response var_textResponse in var_textResponses)  {   if(var_textResponse.Text.Contains('hate')    {     // Get the weight for the respondent.     double var_weight = var_weights[var_TextResponse.IdRespondent];          // Add the weighted value to the result value.     var_result += var_weight;   } }       return result;]]></Log>
  <Log Timestamp="12/02/2016 14:59:38"><![CDATA[[InsecureEquationDetected]: // Get all text responses from the anytextvariable. ResponseCollection var_textResponses = [###anytextvariable###];  // Get all weights for the respondents to weight the result. ResponseCollection var_weights = [###weight1###];  double var_result = 0;  // Run through all text responses. foreach(Response var_textResponse in var_textResponses)  {   if(var_textResponse.Text.Contains('hate')    {     // Get the weight for the respondent.     double var_weight = var_weights[var_TextResponse.IdRespondent];          // Add the weighted value to the result value.     var_result += var_weight;   } }       return result;]]></Log>
  <Log Timestamp="12/02/2016 14:59:43"><![CDATA[[InsecureEquationDetected]: // Get all text responses from the anytextvariable. ResponseCollection var_textResponses = [###anytextvariable###];  // Get all weights for the respondents to weight the result. ResponseCollection var_weights = [###weight1###];  double var_result = 0;  // Run through all text responses. foreach(Response var_textResponse in var_textResponses)  {   if(var_textResponse.Text.Contains('hate')    {     // Get the weight for the respondent.     double var_weight = var_weights[var_TextResponse.IdRespondent];          // Add the weighted value to the result value.     var_result += var_weight;   } }       return result;]]></Log>
  <Log Timestamp="12/02/2016 14:59:48"><![CDATA[[InsecureEquationDetected]: // Get all text responses from the anytextvariable. ResponseCollection var_textResponses = [###anytextvariable###];  // Get all weights for the respondents to weight the result. ResponseCollection var_weights = [###weight1###];  double var_result = 0;  // Run through all text responses. foreach(Response var_textResponse in var_textResponses)  {   if(var_textResponse.Text.Contains('hate')    {     // Get the weight for the respondent.     double var_weight = var_weights[var_TextResponse.IdRespondent];          // Add the weighted value to the result value.     var_result += var_weight;   } }       return result;]]></Log>
  <Log Timestamp="12/02/2016 14:59:53"><![CDATA[[InsecureEquationDetected]: // Get all text responses from the anytextvariable. ResponseCollection var_textResponses = [###anytextvariable###];  // Get all weights for the respondents to weight the result. ResponseCollection var_weights = [###weight1###];  double var_result = 0;  // Run through all text responses. foreach(Response var_textResponse in var_textResponses)  {   if(var_textResponse.Text.Contains('hate')    {     // Get the weight for the respondent.     double var_weight = var_weights[var_TextResponse.IdRespondent];          // Add the weighted value to the result value.     var_result += var_weight;   } }       return result;]]></Log>
  <Log Timestamp="12/02/2016 14:59:58"><![CDATA[[InsecureEquationDetected]: // Get all text responses from the anytextvariable. ResponseCollection var_textResponses = [###anytextvariable###];  // Get all weights for the respondents to weight the result. ResponseCollection var_weights = [###weight1###];  double var_result = 0;  // Run through all text responses. foreach(Response var_textResponse in var_textResponses)  {   if(var_textResponse.Text.Contains('hate')    {     // Get the weight for the respondent.     double var_weight = var_weights[var_TextResponse.IdRespondent];          // Add the weighted value to the result value.     var_result += var_weight;   } }       return result;]]></Log>
  <Log Timestamp="12/02/2016 15:00:03"><![CDATA[[InsecureEquationDetected]: // Get all text responses from the anytextvariable. ResponseCollection var_textResponses = [###anytextvariable###];  // Get all weights for the respondents to weight the result. ResponseCollection var_weights = [###weight1###];  double var_result = 0;  // Run through all text responses. foreach(Response var_textResponse in var_textResponses)  {   if(var_textResponse.Text.Contains('hate')    {     // Get the weight for the respondent.     double var_weight = var_weights[var_TextResponse.IdRespondent];          // Add the weighted value to the result value.     var_result += var_weight;   } }       return result;]]></Log>
  <Log Timestamp="12/02/2016 15:00:08"><![CDATA[[InsecureEquationDetected]: // Get all text responses from the anytextvariable. ResponseCollection var_textResponses = [###anytextvariable###];  // Get all weights for the respondents to weight the result. ResponseCollection var_weights = [###weight1###];  double var_result = 0;  // Run through all text responses. foreach(Response var_textResponse in var_textResponses)  {   if(var_textResponse.Text.Contains('hate')    {     // Get the weight for the respondent.     double var_weight = var_weights[var_TextResponse.IdRespondent];          // Add the weighted value to the result value.     var_result += var_weight;   } }       return result;]]></Log>
  <Log Timestamp="12/02/2016 15:00:13"><![CDATA[[InsecureEquationDetected]: // Get all text responses from the anytextvariable. ResponseCollection var_textResponses = [###anytextvariable###];  // Get all weights for the respondents to weight the result. ResponseCollection var_weights = [###weight1###];  double var_result = 0;  // Run through all text responses. foreach(Response var_textResponse in var_textResponses)  {   if(var_textResponse.Text.Contains('hate')    {     // Get the weight for the respondent.     double var_weight = var_weights[var_TextResponse.IdRespondent];          // Add the weighted value to the result value.     var_result += var_weight;   } }       return result;]]></Log>
  <Log Timestamp="12/02/2016 15:00:18"><![CDATA[[InsecureEquationDetected]: // Get all text responses from the anytextvariable. ResponseCollection var_textResponses = [###anytextvariable###];  // Get all weights for the respondents to weight the result. ResponseCollection var_weights = [###weight1###];  double var_result = 0;  // Run through all text responses. foreach(Response var_textResponse in var_textResponses)  {   if(var_textResponse.Text.Contains('hate')    {     // Get the weight for the respondent.     double var_weight = var_weights[var_TextResponse.IdRespondent];          // Add the weighted value to the result value.     var_result += var_weight;   } }       return result;]]></Log>
  <Log Timestamp="12/02/2016 15:00:23"><![CDATA[[InsecureEquationDetected]: // Get all text responses from the anytextvariable. ResponseCollection var_textResponses = [###anytextvariable###];  // Get all weights for the respondents to weight the result. ResponseCollection var_weights = [###weight1###];  double var_result = 0;  // Run through all text responses. foreach(Response var_textResponse in var_textResponses)  {   if(var_textResponse.Text.Contains('hate')    {     // Get the weight for the respondent.     double var_weight = var_weights[var_TextResponse.IdRespondent];          // Add the weighted value to the result value.     var_result += var_weight;   } }       return result;]]></Log>
  <Log Timestamp="12/02/2016 15:00:28"><![CDATA[[InsecureEquationDetected]: // Get all text responses from the anytextvariable. ResponseCollection var_textResponses = [###anytextvariable###];  // Get all weights for the respondents to weight the result. ResponseCollection var_weights = [###weight1###];  double var_result = 0;  // Run through all text responses. foreach(Response var_textResponse in var_textResponses)  {   if(var_textResponse.Text.Contains('hate')    {     // Get the weight for the respondent.     double var_weight = var_weights[var_TextResponse.IdRespondent];          // Add the weighted value to the result value.     var_result += var_weight;   } }       return result;]]></Log>
  <Log Timestamp="12/02/2016 15:00:33"><![CDATA[[InsecureEquationDetected]: // Get all text responses from the anytextvariable. ResponseCollection var_textResponses = [###anytextvariable###];  // Get all weights for the respondents to weight the result. ResponseCollection var_weights = [###weight1###];  double var_result = 0;  // Run through all text responses. foreach(Response var_textResponse in var_textResponses)  {   if(var_textResponse.Text.Contains('hate')    {     // Get the weight for the respondent.     double var_weight = var_weights[var_TextResponse.IdRespondent];          // Add the weighted value to the result value.     var_result += var_weight;   } }       return result;]]></Log>
  <Log Timestamp="12/02/2016 15:00:38"><![CDATA[[InsecureEquationDetected]: // Get all text responses from the anytextvariable. ResponseCollection var_textResponses = [###anytextvariable###];  // Get all weights for the respondents to weight the result. ResponseCollection var_weights = [###weight1###];  double var_result = 0;  // Run through all text responses. foreach(Response var_textResponse in var_textResponses)  {   if(var_textResponse.Text.Contains('hate')    {     // Get the weight for the respondent.     double var_weight = var_weights[var_TextResponse.IdRespondent];          // Add the weighted value to the result value.     var_result += var_weight;   } }       return result;]]></Log>
  <Log Timestamp="12/02/2016 15:00:43"><![CDATA[[InsecureEquationDetected]: // Get all text responses from the anytextvariable. ResponseCollection var_textResponses = [###anytextvariable###];  // Get all weights for the respondents to weight the result. ResponseCollection var_weights = [###weight1###];  double var_result = 0;  // Run through all text responses. foreach(Response var_textResponse in var_textResponses)  {   if(var_textResponse.Text.Contains('hate')    {     // Get the weight for the respondent.     double var_weight = var_weights[var_TextResponse.IdRespondent];          // Add the weighted value to the result value.     var_result += var_weight;   } }       return result;]]></Log>
  <Log Timestamp="12/02/2016 15:00:48"><![CDATA[[InsecureEquationDetected]: // Get all text responses from the anytextvariable. ResponseCollection var_textResponses = [###anytextvariable###];  // Get all weights for the respondents to weight the result. ResponseCollection var_weights = [###weight1###];  double var_result = 0;  // Run through all text responses. foreach(Response var_textResponse in var_textResponses)  {   if(var_textResponse.Text.Contains('hate')    {     // Get the weight for the respondent.     double var_weight = var_weights[var_TextResponse.IdRespondent];          // Add the weighted value to the result value.     var_result += var_weight;   } }       return result;]]></Log>
  <Log Timestamp="12/02/2016 15:00:53"><![CDATA[[InsecureEquationDetected]: // Get all text responses from the anytextvariable. ResponseCollection var_textResponses = [###anytextvariable###];  // Get all weights for the respondents to weight the result. ResponseCollection var_weights = [###weight1###];  double var_result = 0;  // Run through all text responses. foreach(Response var_textResponse in var_textResponses)  {   if(var_textResponse.Text.Contains('hate')    {     // Get the weight for the respondent.     double var_weight = var_weights[var_TextResponse.IdRespondent];          // Add the weighted value to the result value.     var_result += var_weight;   } }       return result;]]></Log>
  <Log Timestamp="12/02/2016 15:00:58"><![CDATA[[InsecureEquationDetected]: // Get all text responses from the anytextvariable. ResponseCollection var_textResponses = [###anytextvariable###];  // Get all weights for the respondents to weight the result. ResponseCollection var_weights = [###weight1###];  double var_result = 0;  // Run through all text responses. foreach(Response var_textResponse in var_textResponses)  {   if(var_textResponse.Text.Contains('hate')    {     // Get the weight for the respondent.     double var_weight = var_weights[var_TextResponse.IdRespondent];          // Add the weighted value to the result value.     var_result += var_weight;   } }       return result;]]></Log>
  <Log Timestamp="12/02/2016 15:01:03"><![CDATA[[InsecureEquationDetected]: // Get all text responses from the anytextvariable. ResponseCollection var_textResponses = [###anytextvariable###];  // Get all weights for the respondents to weight the result. ResponseCollection var_weights = [###weight1###];  double var_result = 0;  // Run through all text responses. foreach(Response var_textResponse in var_textResponses)  {   if(var_textResponse.Text.Contains('hate')    {     // Get the weight for the respondent.     double var_weight = var_weights[var_TextResponse.IdRespondent];          // Add the weighted value to the result value.     var_result += var_weight;   } }       return result;]]></Log>
  <Log Timestamp="12/02/2016 15:01:08"><![CDATA[[InsecureEquationDetected]: // Get all text responses from the anytextvariable. ResponseCollection var_textResponses = [###anytextvariable###];  // Get all weights for the respondents to weight the result. ResponseCollection var_weights = [###weight1###];  double var_result = 0;  // Run through all text responses. foreach(Response var_textResponse in var_textResponses)  {   if(var_textResponse.Text.Contains('hate')    {     // Get the weight for the respondent.     double var_weight = var_weights[var_TextResponse.IdRespondent];          // Add the weighted value to the result value.     var_result += var_weight;   } }       return result;]]></Log>
  <Log Timestamp="12/02/2016 15:01:13"><![CDATA[[InsecureEquationDetected]: // Get all text responses from the anytextvariable. ResponseCollection var_textResponses = [###anytextvariable###];  // Get all weights for the respondents to weight the result. ResponseCollection var_weights = [###weight1###];  double var_result = 0;  // Run through all text responses. foreach(Response var_textResponse in var_textResponses)  {   if(var_textResponse.Text.Contains('hate')    {     // Get the weight for the respondent.     double var_weight = var_weights[var_TextResponse.IdRespondent];          // Add the weighted value to the result value.     var_result += var_weight;   } }       return result;]]></Log>
  <Log Timestamp="12/02/2016 15:01:18"><![CDATA[[InsecureEquationDetected]: // Get all text responses from the anytextvariable. ResponseCollection var_textResponses = [###anytextvariable###];  // Get all weights for the respondents to weight the result. ResponseCollection var_weights = [###weight1###];  double var_result = 0;  // Run through all text responses. foreach(Response var_textResponse in var_textResponses)  {   if(var_textResponse.Text.Contains('hate')    {     // Get the weight for the respondent.     double var_weight = var_weights[var_TextResponse.IdRespondent];          // Add the weighted value to the result value.     var_result += var_weight;   } }       return result;]]></Log>
  <Log Timestamp="12/02/2016 15:01:23">
    <Error><![CDATA[System.Exception: An object of a type convertible to 'object' is required
   at DataCore.Classes.EquationEvaluator.Compile() in C:\Projects\Blueocean\Link\LinkManager\Cores\DataCore\DataCore\Classes\EquationEvaluator.cs:line 86
   at DataCore.Classes.Equation..ctor(Core core, String equation) in C:\Projects\Blueocean\Link\LinkManager\Cores\DataCore\DataCore\Classes\Equation.cs:line 68]]></Error>
    <Equation><![CDATA[return ;]]></Equation>
  </Log>
  <Log Timestamp="12/02/2016 15:15:51">
    <Error><![CDATA[System.Exception: An object of a type convertible to 'object' is required
   at DataCore.Classes.EquationEvaluator.Compile() in C:\Projects\Blueocean\Link\LinkManager\Cores\DataCore\DataCore\Classes\EquationEvaluator.cs:line 86
   at DataCore.Classes.Equation..ctor(Core core, String equation) in C:\Projects\Blueocean\Link\LinkManager\Cores\DataCore\DataCore\Classes\Equation.cs:line 68]]></Error>
    <Equation><![CDATA[return ;]]></Equation>
  </Log>
  <Log Timestamp="12/02/2016 15:15:56">
    <Error><![CDATA[System.Exception: An object of a type convertible to 'object' is required
   at DataCore.Classes.EquationEvaluator.Compile() in C:\Projects\Blueocean\Link\LinkManager\Cores\DataCore\DataCore\Classes\EquationEvaluator.cs:line 86
   at DataCore.Classes.Equation..ctor(Core core, String equation) in C:\Projects\Blueocean\Link\LinkManager\Cores\DataCore\DataCore\Classes\Equation.cs:line 68]]></Error>
    <Equation><![CDATA[return ;]]></Equation>
  </Log>
  <Log Timestamp="12/02/2016 15:16:01">
    <Error><![CDATA[System.Exception: An object of a type convertible to 'object' is required
   at DataCore.Classes.EquationEvaluator.Compile() in C:\Projects\Blueocean\Link\LinkManager\Cores\DataCore\DataCore\Classes\EquationEvaluator.cs:line 86
   at DataCore.Classes.Equation..ctor(Core core, String equation) in C:\Projects\Blueocean\Link\LinkManager\Cores\DataCore\DataCore\Classes\Equation.cs:line 68]]></Error>
    <Equation><![CDATA[return ;]]></Equation>
  </Log>
  <Log Timestamp="12/02/2016 15:16:06">
    <Error><![CDATA[System.Exception: An object of a type convertible to 'object' is required
   at DataCore.Classes.EquationEvaluator.Compile() in C:\Projects\Blueocean\Link\LinkManager\Cores\DataCore\DataCore\Classes\EquationEvaluator.cs:line 86
   at DataCore.Classes.Equation..ctor(Core core, String equation) in C:\Projects\Blueocean\Link\LinkManager\Cores\DataCore\DataCore\Classes\Equation.cs:line 68]]></Error>
    <Equation><![CDATA[return ;]]></Equation>
  </Log>
  <Log Timestamp="12/02/2016 15:16:11">
    <Error><![CDATA[System.Exception: An object of a type convertible to 'object' is required
   at DataCore.Classes.EquationEvaluator.Compile() in C:\Projects\Blueocean\Link\LinkManager\Cores\DataCore\DataCore\Classes\EquationEvaluator.cs:line 86
   at DataCore.Classes.Equation..ctor(Core core, String equation) in C:\Projects\Blueocean\Link\LinkManager\Cores\DataCore\DataCore\Classes\Equation.cs:line 68]]></Error>
    <Equation><![CDATA[return ;]]></Equation>
  </Log>
  <Log Timestamp="12/02/2016 15:16:16">
    <Error><![CDATA[System.Exception: An object of a type convertible to 'object' is required
   at DataCore.Classes.EquationEvaluator.Compile() in C:\Projects\Blueocean\Link\LinkManager\Cores\DataCore\DataCore\Classes\EquationEvaluator.cs:line 86
   at DataCore.Classes.Equation..ctor(Core core, String equation) in C:\Projects\Blueocean\Link\LinkManager\Cores\DataCore\DataCore\Classes\Equation.cs:line 68]]></Error>
    <Equation><![CDATA[return ;]]></Equation>
  </Log>
  <Log Timestamp="12/02/2016 15:16:21"><![CDATA[[InsecureEquationDetected]: // Get all text responses from the anytextvariable. ResponseCollection var_textResponses = [###anytextvariable###];  // Get all weights for the respondents to weight the result. ResponseCollection var_weights = [###weight1###];  double var_result = 0;  // Run through all text responses. foreach (Response var_textResponse in var_textResponses) {     if (var_textResponse.Text.Contains('hate')     {         // Get the weight for the respondent.         double var_weight = var_weights[var_TextResponse.IdRespondent];          // Add the weighted value to the result value.         var_result += var_weight;     } } ]]></Log>
  <Log Timestamp="12/02/2016 15:16:26"><![CDATA[[InsecureEquationDetected]: // Get all text responses from the anytextvariable. ResponseCollection var_textResponses = [###anytextvariable###];  // Get all weights for the respondents to weight the result. ResponseCollection var_weights = [###weight1###];  double var_result = 0;  // Run through all text responses. foreach (Response var_textResponse in var_textResponses) {     if (var_textResponse.Text.Contains('hate'))     {         // Get the weight for the respondent.         double var_weight = var_weights[var_TextResponse.IdRespondent];          // Add the weighted value to the result value.         var_result += var_weight;     } } ]]></Log>
  <Log Timestamp="12/02/2016 15:16:31"><![CDATA[[InsecureEquationDetected]: // Get all text responses from the anytextvariable. ResponseCollection var_textResponses = [###anytextvariable###];  // Get all weights for the respondents to weight the result. ResponseCollection var_weights = [###weight1###];  double var_result = 0;  // Run through all text responses. foreach (Response var_textResponse in var_textResponses) {     if (var_textResponse.Text.Contains('hate'))     {         // Get the weight for the respondent.         double var_weight = var_weights[var_TextResponse.IdRespondent];          // Add the weighted value to the result value.         var_result += var_weight;     } } ]]></Log>
  <Log Timestamp="12/02/2016 15:16:36"><![CDATA[[InsecureEquationDetected]: // Get all text responses from the anytextvariable. ResponseCollection var_textResponses = [###anytextvariable###];  // Get all weights for the respondents to weight the result. ResponseCollection var_weights = [###weight1###];  double var_result = 0;  // Run through all text responses. foreach (Response var_textResponse in var_textResponses) {     if (var_textResponse.Text.Contains('hate'))     {         // Get the weight for the respondent.         double var_weight = var_weights[var_TextResponse.IdRespondent];          // Add the weighted value to the result value.         var_result += var_weight;     } } ]]></Log>
  <Log Timestamp="12/02/2016 15:16:41"><![CDATA[[InsecureEquationDetected]: // Get all text responses from the anytextvariable. ResponseCollection var_textResponses = [###anytextvariable###];  // Get all weights for the respondents to weight the result. ResponseCollection var_weights = [###weight1###];  double var_result = 0;  // Run through all text responses. foreach (Response var_textResponse in var_textResponses) {     if (var_textResponse.Text.Contains('hate'))     {         // Get the weight for the respondent.         double var_weight = var_weights[var_TextResponse.IdRespondent];          // Add the weighted value to the result value.         var_result += var_weight;     } } ]]></Log>
  <Log Timestamp="12/02/2016 15:16:46"><![CDATA[[InsecureEquationDetected]: // Get all text responses from the anytextvariable. ResponseCollection var_textResponses = [###anytextvariable###];  // Get all weights for the respondents to weight the result. ResponseCollection var_weights = [###weight1###];  double var_result = 0;  // Run through all text responses. foreach (Response var_textResponse in var_textResponses) {     if (var_textResponse.Text.Contains('hate'))     {         // Get the weight for the respondent.         double var_weight = var_weights[var_TextResponse.IdRespondent];          // Add the weighted value to the result value.         var_result += var_weight;     } } ]]></Log>
  <Log Timestamp="12/02/2016 15:16:51"><![CDATA[[InsecureEquationDetected]: // Get all text responses from the anytextvariable. ResponseCollection var_textResponses = [###anytextvariable###];  // Get all weights for the respondents to weight the result. ResponseCollection var_weights = [###weight1###];  double var_result = 0;  // Run through all text responses. foreach (Response var_textResponse in var_textResponses) {     if (var_textResponse.Text.Contains('hate'))     {         // Get the weight for the respondent.         double var_weight = var_weights[var_TextResponse.IdRespondent];          // Add the weighted value to the result value.         var_result += var_weight;     } } ]]></Log>
  <Log Timestamp="12/02/2016 15:16:56"><![CDATA[[InsecureEquationDetected]: // Get all text responses from the anytextvariable. ResponseCollection var_textResponses = [###anytextvariable###];  // Get all weights for the respondents to weight the result. ResponseCollection var_weights = [###weight1###];  double var_result = 0;  // Run through all text responses. foreach (Response var_textResponse in var_textResponses) {     if (var_textResponse.Text.Contains('hate'))     {         // Get the weight for the respondent.         double var_weight = var_weights[var_TextResponse.IdRespondent];          // Add the weighted value to the result value.         var_result += var_weight;     } } ]]></Log>
  <Log Timestamp="12/02/2016 15:17:01"><![CDATA[[InsecureEquationDetected]: // Get all text responses from the anytextvariable. ResponseCollection var_textResponses = [###anytextvariable###];  // Get all weights for the respondents to weight the result. ResponseCollection var_weights = [###weight1###];  double var_result = 0;  // Run through all text responses. foreach (Response var_textResponse in var_textResponses) {     if (var_textResponse.Text.Contains('hate'))     {         // Get the weight for the respondent.         double var_weight = var_weights[var_TextResponse.IdRespondent];          // Add the weighted value to the result value.         var_result += var_weight;     } } ]]></Log>
  <Log Timestamp="12/02/2016 15:17:06"><![CDATA[[InsecureEquationDetected]: // Get all text responses from the anytextvariable. ResponseCollection var_textResponses = [###anytextvariable###];  // Get all weights for the respondents to weight the result. ResponseCollection var_weights = [###weight1###];  double var_result = 0;  // Run through all text responses. foreach (Response var_textResponse in var_textResponses) {     if (var_textResponse.Text.Contains('hate'))     {         // Get the weight for the respondent.         double var_weight = var_weights[var_TextResponse.IdRespondent];          // Add the weighted value to the result value.         var_result += var_weight;     } } ]]></Log>
  <Log Timestamp="12/02/2016 15:17:11"><![CDATA[[InsecureEquationDetected]: // Get all text responses from the anytextvariable. ResponseCollection var_textResponses = [###anytextvariable###];  // Get all weights for the respondents to weight the result. ResponseCollection var_weights = [###weight1###];  double var_result = 0;  // Run through all text responses. foreach (Response var_textResponse in var_textResponses) {     if (var_textResponse.Text.Contains('hate'))     {         // Get the weight for the respondent.         double var_weight = var_weights[var_TextResponse.IdRespondent];          // Add the weighted value to the result value.         var_result += var_weight;     } } ]]></Log>
  <Log Timestamp="12/02/2016 15:17:16"><![CDATA[[InsecureEquationDetected]: // Get all text responses from the anytextvariable. ResponseCollection var_textResponses = [###anytextvariable###];  // Get all weights for the respondents to weight the result. ResponseCollection var_weights = [###weight1###];  double var_result = 0;  // Run through all text responses. foreach (Response var_textResponse in var_textResponses) {     if (var_textResponse.Text.Contains('hate'))     {         // Get the weight for the respondent.         double var_weight = var_weights[var_TextResponse.IdRespondent];          // Add the weighted value to the result value.         var_result += var_weight;     } } ]]></Log>
  <Log Timestamp="12/02/2016 15:17:21"><![CDATA[[InsecureEquationDetected]: // Get all text responses from the anytextvariable. ResponseCollection var_textResponses = [###anytextvariable###];  // Get all weights for the respondents to weight the result. ResponseCollection var_weights = [###weight1###];  double var_result = 0;  // Run through all text responses. foreach (Response var_textResponse in var_textResponses) {     if (var_textResponse.Text.Contains('hate'))     {         // Get the weight for the respondent.         double var_weight = var_weights[var_TextResponse.IdRespondent];          // Add the weighted value to the result value.         var_result += var_weight;     } } ]]></Log>
  <Log Timestamp="12/02/2016 15:17:26"><![CDATA[[InsecureEquationDetected]: // Get all text responses from the anytextvariable. ResponseCollection var_textResponses = [###anytextvariable###];  // Get all weights for the respondents to weight the result. ResponseCollection var_weights = [###weight1###];  double var_result = 0;  // Run through all text responses. foreach (Response var_textResponse in var_textResponses) {     if (var_textResponse.Text.Contains('hate'))     {         // Get the weight for the respondent.         double var_weight = var_weights[var_TextResponse.IdRespondent];          // Add the weighted value to the result value.         var_result += var_weight;     } } ]]></Log>
  <Log Timestamp="12/02/2016 15:17:31"><![CDATA[[InsecureEquationDetected]: // Get all text responses from the anytextvariable. ResponseCollection var_textResponses = [###anytextvariable###];  // Get all weights for the respondents to weight the result. ResponseCollection var_weights = [###weight1###];  double var_result = 0;  // Run through all text responses. foreach (Response var_textResponse in var_textResponses) {     if (var_textResponse.Text.Contains('hate'))     {         // Get the weight for the respondent.         double var_weight = var_weights[var_TextResponse.IdRespondent];          // Add the weighted value to the result value.         var_result += var_weight;     } } ]]></Log>
  <Log Timestamp="12/02/2016 15:17:36"><![CDATA[[InsecureEquationDetected]: // Get all text responses from the anytextvariable. ResponseCollection var_textResponses = [###anytextvariable###];  // Get all weights for the respondents to weight the result. ResponseCollection var_weights = [###weight1###];  double var_result = 0;  // Run through all text responses. foreach (Response var_textResponse in var_textResponses) {     if (var_textResponse.Text.Contains('hate'))     {         // Get the weight for the respondent.         double var_weight = var_weights[var_TextResponse.IdRespondent];          // Add the weighted value to the result value.         var_result += var_weight;     } } ]]></Log>
  <Log Timestamp="12/02/2016 15:17:41"><![CDATA[[InsecureEquationDetected]: // Get all text responses from the anytextvariable. ResponseCollection var_textResponses = [###anytextvariable###];  // Get all weights for the respondents to weight the result. ResponseCollection var_weights = [###weight1###];  double var_result = 0;  // Run through all text responses. foreach (Response var_textResponse in var_textResponses) {     if (var_textResponse.Text.Contains('hate'))     {         // Get the weight for the respondent.         double var_weight = var_weights[var_TextResponse.IdRespondent];          // Add the weighted value to the result value.         var_result += var_weight;     } } ]]></Log>
  <Log Timestamp="12/02/2016 15:17:47"><![CDATA[[InsecureEquationDetected]: // Get all text responses from the anytextvariable. ResponseCollection var_textResponses = [###anytextvariable###];  // Get all weights for the respondents to weight the result. ResponseCollection var_weights = [###weight1###];  double var_result = 0;  // Run through all text responses. foreach (Response var_textResponse in var_textResponses) {     if (var_textResponse.Text.Contains('hate'))     {         // Get the weight for the respondent.         double var_weight = var_weights[var_TextResponse.IdRespondent];          // Add the weighted value to the result value.         var_result += var_weight;     } } ]]></Log>
  <Log Timestamp="12/02/2016 15:17:52"><![CDATA[[InsecureEquationDetected]: // Get all text responses from the anytextvariable. ResponseCollection var_textResponses = [###anytextvariable###];  // Get all weights for the respondents to weight the result. ResponseCollection var_weights = [###weight1###];  double var_result = 0;  // Run through all text responses. foreach (Response var_textResponse in var_textResponses) {     if (var_textResponse.Text.Contains('hate'))     {         // Get the weight for the respondent.         double var_weight = var_weights[var_TextResponse.IdRespondent];          // Add the weighted value to the result value.         var_result += var_weight;     } } ]]></Log>
  <Log Timestamp="12/02/2016 15:17:57"><![CDATA[[InsecureEquationDetected]: // Get all text responses from the anytextvariable. ResponseCollection var_textResponses = [###anytextvariable###];  // Get all weights for the respondents to weight the result. ResponseCollection var_weights = [###weight1###];  double var_result = 0;  // Run through all text responses. foreach (Response var_textResponse in var_textResponses) {     if (var_textResponse.Text.Contains('hate'))     {         // Get the weight for the respondent.         double var_weight = var_weights[var_TextResponse.IdRespondent];          // Add the weighted value to the result value.         var_result += var_weight;     } } ]]></Log>
  <Log Timestamp="12/02/2016 15:18:02"><![CDATA[[InsecureEquationDetected]: // Get all text responses from the anytextvariable. ResponseCollection var_textResponses = [###anytextvariable###];  // Get all weights for the respondents to weight the result. ResponseCollection var_weights = [###weight1###];  double var_result = 0;  // Run through all text responses. foreach (Response var_textResponse in var_textResponses) {     if (var_textResponse.Text.Contains('hate'))     {         // Get the weight for the respondent.         double var_weight = var_weights[var_TextResponse.IdRespondent];          // Add the weighted value to the result value.         var_result += var_weight;     } } ]]></Log>
  <Log Timestamp="12/02/2016 15:18:07"><![CDATA[[InsecureEquationDetected]: // Get all text responses from the anytextvariable. ResponseCollection var_textResponses = [###anytextvariable###];  // Get all weights for the respondents to weight the result. ResponseCollection var_weights = [###weight1###];  double var_result = 0;  // Run through all text responses. foreach (Response var_textResponse in var_textResponses) {     if (var_textResponse.Text.Contains('hate'))     {         // Get the weight for the respondent.         double var_weight = var_weights[var_TextResponse.IdRespondent];          // Add the weighted value to the result value.         var_result += var_weight;     } } ]]></Log>
  <Log Timestamp="12/02/2016 15:18:12"><![CDATA[[InsecureEquationDetected]: // Get all text responses from the anytextvariable. ResponseCollection var_textResponses = [###anytextvariable###];  // Get all weights for the respondents to weight the result. ResponseCollection var_weights = [###weight1###];  double var_result = 0;  // Run through all text responses. foreach (Response var_textResponse in var_textResponses) {     if (var_textResponse.Text.Contains('hate'))     {         // Get the weight for the respondent.         double var_weight = var_weights[var_TextResponse.IdRespondent];          // Add the weighted value to the result value.         var_result += var_weight;     } } ]]></Log>
  <Log Timestamp="12/02/2016 15:18:17"><![CDATA[[InsecureEquationDetected]: // Get all text responses from the anytextvariable. ResponseCollection var_textResponses = [###anytextvariable###];  // Get all weights for the respondents to weight the result. ResponseCollection var_weights = [###weight1###];  double var_result = 0;  // Run through all text responses. foreach (Response var_textResponse in var_textResponses) {     if (var_textResponse.Text.Contains('hate'))     {         // Get the weight for the respondent.         double var_weight = var_weights[var_TextResponse.IdRespondent];          // Add the weighted value to the result value.         var_result += var_weight;     } } ]]></Log>
  <Log Timestamp="12/02/2016 15:18:22"><![CDATA[[InsecureEquationDetected]: // Get all text responses from the anytextvariable. ResponseCollection var_textResponses = [###anytextvariable###];  // Get all weights for the respondents to weight the result. ResponseCollection var_weights = [###weight1###];  double var_result = 0;  // Run through all text responses. foreach (Response var_textResponse in var_textResponses) {     if (var_textResponse.Text.Contains('hate'))     {         // Get the weight for the respondent.         double var_weight = var_weights[var_TextResponse.IdRespondent];          // Add the weighted value to the result value.         var_result += var_weight;     } } ]]></Log>
  <Log Timestamp="12/02/2016 15:18:27"><![CDATA[[InsecureEquationDetected]: // Get all text responses from the anytextvariable. ResponseCollection var_textResponses = [###anytextvariable###];  // Get all weights for the respondents to weight the result. ResponseCollection var_weights = [###weight1###];  double var_result = 0;  // Run through all text responses. foreach (Response var_textResponse in var_textResponses) {     if (var_textResponse.Text.Contains('hate'))     {         // Get the weight for the respondent.         double var_weight = var_weights[var_TextResponse.IdRespondent];          // Add the weighted value to the result value.         var_result += var_weight;     } } ]]></Log>
  <Log Timestamp="12/02/2016 15:18:32"><![CDATA[[InsecureEquationDetected]: // Get all text responses from the anytextvariable. ResponseCollection var_textResponses = [###anytextvariable###];  // Get all weights for the respondents to weight the result. ResponseCollection var_weights = [###weight1###];  double var_result = 0;  // Run through all text responses. foreach (Response var_textResponse in var_textResponses) {     if (var_textResponse.Text.Contains('hate'))     {         // Get the weight for the respondent.         double var_weight = var_weights[var_TextResponse.IdRespondent];          // Add the weighted value to the result value.         var_result += var_weight;     } } ]]></Log>
  <Log Timestamp="12/02/2016 15:18:37"><![CDATA[[InsecureEquationDetected]: // Get all text responses from the anytextvariable. ResponseCollection var_textResponses = [###anytextvariable###];  // Get all weights for the respondents to weight the result. ResponseCollection var_weights = [###weight1###];  double var_result = 0;  // Run through all text responses. foreach (Response var_textResponse in var_textResponses) {     if (var_textResponse.Text.Contains('hate'))     {         // Get the weight for the respondent.         double var_weight = var_weights[var_TextResponse.IdRespondent];          // Add the weighted value to the result value.         var_result += var_weight;     } } ]]></Log>
  <Log Timestamp="12/02/2016 15:18:42"><![CDATA[[InsecureEquationDetected]: // Get all text responses from the anytextvariable. ResponseCollection var_textResponses = [###anytextvariable###];  // Get all weights for the respondents to weight the result. ResponseCollection var_weights = [###weight1###];  double var_result = 0;  // Run through all text responses. foreach (Response var_textResponse in var_textResponses) {     if (var_textResponse.Text.Contains('hate'))     {         // Get the weight for the respondent.         double var_weight = var_weights[var_TextResponse.IdRespondent];          // Add the weighted value to the result value.         var_result += var_weight;     } } ]]></Log>
  <Log Timestamp="12/02/2016 15:18:47"><![CDATA[[InsecureEquationDetected]: // Get all text responses from the anytextvariable. ResponseCollection var_textResponses = [###anytextvariable###];  // Get all weights for the respondents to weight the result. ResponseCollection var_weights = [###weight1###];  double var_result = 0;  // Run through all text responses. foreach (Response var_textResponse in var_textResponses) {     if (var_textResponse.Text.Contains('hate'))     {         // Get the weight for the respondent.         double var_weight = var_weights[var_TextResponse.IdRespondent];          // Add the weighted value to the result value.         var_result += var_weight;     } } ]]></Log>
  <Log Timestamp="12/02/2016 15:18:52"><![CDATA[[InsecureEquationDetected]: // Get all text responses from the anytextvariable. ResponseCollection var_textResponses = [###anytextvariable###];  // Get all weights for the respondents to weight the result. ResponseCollection var_weights = [###weight1###];  double var_result = 0;  // Run through all text responses. foreach (Response var_textResponse in var_textResponses) {     if (var_textResponse.Text.Contains('hate'))     {         // Get the weight for the respondent.         double var_weight = var_weights[var_TextResponse.IdRespondent];          // Add the weighted value to the result value.         var_result += var_weight;     } } ]]></Log>
  <Log Timestamp="12/02/2016 15:18:57"><![CDATA[[InsecureEquationDetected]: // Get all text responses from the anytextvariable. ResponseCollection var_textResponses = [###anytextvariable###];  // Get all weights for the respondents to weight the result. ResponseCollection var_weights = [###weight1###];  double var_result = 0;  // Run through all text responses. foreach (Response var_textResponse in var_textResponses) {     if (var_textResponse.Text.Contains('hate'))     {         // Get the weight for the respondent.         double var_weight = var_weights[var_TextResponse.IdRespondent];          // Add the weighted value to the result value.         var_result += var_weight;     } } ]]></Log>
  <Log Timestamp="12/02/2016 15:19:02"><![CDATA[[InsecureEquationDetected]: // Get all text responses from the anytextvariable. ResponseCollection var_textResponses = [###anytextvariable###];  // Get all weights for the respondents to weight the result. ResponseCollection var_weights = [###weight1###];  double var_result = 0;  // Run through all text responses. foreach (Response var_textResponse in var_textResponses) {     if (var_textResponse.Text.Contains('hate'))     {         // Get the weight for the respondent.         double var_weight = var_weights[var_TextResponse.IdRespondent];          // Add the weighted value to the result value.         var_result += var_weight;     } } ]]></Log>
  <Log Timestamp="12/02/2016 15:19:07"><![CDATA[[InsecureEquationDetected]: // Get all text responses from the anytextvariable. ResponseCollection var_textResponses = [###anytextvariable###];  // Get all weights for the respondents to weight the result. ResponseCollection var_weights = [###weight1###];  double var_result = 0;  // Run through all text responses. foreach (Response var_textResponse in var_textResponses) {     if (var_textResponse.Text.Contains('hate'))     {         // Get the weight for the respondent.         double var_weight = var_weights[var_TextResponse.IdRespondent];          // Add the weighted value to the result value.         var_result += var_weight;     } } ]]></Log>
  <Log Timestamp="12/02/2016 15:19:12"><![CDATA[[InsecureEquationDetected]: // Get all text responses from the anytextvariable. ResponseCollection var_textResponses = [###anytextvariable###];  // Get all weights for the respondents to weight the result. ResponseCollection var_weights = [###weight1###];  double var_result = 0;  // Run through all text responses. foreach (Response var_textResponse in var_textResponses) {     if (var_textResponse.Text.Contains('hate'))     {         // Get the weight for the respondent.         double var_weight = var_weights[var_TextResponse.IdRespondent];          // Add the weighted value to the result value.         var_result += var_weight;     } } ]]></Log>
  <Log Timestamp="12/02/2016 15:19:17"><![CDATA[[InsecureEquationDetected]: // Get all text responses from the anytextvariable. ResponseCollection var_textResponses = [###anytextvariable###];  // Get all weights for the respondents to weight the result. ResponseCollection var_weights = [###weight1###];  double var_result = 0;  // Run through all text responses. foreach (Response var_textResponse in var_textResponses) {     if (var_textResponse.Text.Contains('hate'))     {         // Get the weight for the respondent.         double var_weight = var_weights[var_TextResponse.IdRespondent];          // Add the weighted value to the result value.         var_result += var_weight;     } } ]]></Log>
  <Log Timestamp="12/02/2016 15:19:22"><![CDATA[[InsecureEquationDetected]: // Get all text responses from the anytextvariable. ResponseCollection var_textResponses = [###anytextvariable###];  // Get all weights for the respondents to weight the result. ResponseCollection var_weights = [###weight1###];  double var_result = 0;  // Run through all text responses. foreach (Response var_textResponse in var_textResponses) {     if (var_textResponse.Text.Contains('hate'))     {         // Get the weight for the respondent.         double var_weight = var_weights[var_TextResponse.IdRespondent];          // Add the weighted value to the result value.         var_result += var_weight;     } } ]]></Log>
  <Log Timestamp="12/02/2016 15:19:27"><![CDATA[[InsecureEquationDetected]: // Get all text responses from the anytextvariable. ResponseCollection var_textResponses = [###anytextvariable###];  // Get all weights for the respondents to weight the result. ResponseCollection var_weights = [###weight1###];  double var_result = 0;  // Run through all text responses. foreach (Response var_textResponse in var_textResponses) {     if (var_textResponse.Text.Contains('hate'))     {         // Get the weight for the respondent.         double var_weight = var_weights[var_TextResponse.IdRespondent];          // Add the weighted value to the result value.         var_result += var_weight;     } } ]]></Log>
  <Log Timestamp="12/02/2016 15:19:32"><![CDATA[[InsecureEquationDetected]: // Get all text responses from the anytextvariable. ResponseCollection var_textResponses = [###anytextvariable###];  // Get all weights for the respondents to weight the result. ResponseCollection var_weights = [###weight1###];  double var_result = 0;  // Run through all text responses. foreach (Response var_textResponse in var_textResponses) {     if (var_textResponse.Text.Contains('hate'))     {         // Get the weight for the respondent.         double var_weight = var_weights[var_TextResponse.IdRespondent];          // Add the weighted value to the result value.         var_result += var_weight;     } } ]]></Log>
  <Log Timestamp="12/02/2016 15:19:37"><![CDATA[[InsecureEquationDetected]: // Get all text responses from the anytextvariable. ResponseCollection var_textResponses = [###anytextvariable###];  // Get all weights for the respondents to weight the result. ResponseCollection var_weights = [###weight1###];  double var_result = 0;  // Run through all text responses. foreach (Response var_textResponse in var_textResponses) {     if (var_textResponse.Text.Contains('hate'))     {         // Get the weight for the respondent.         double var_weight = var_weights[var_TextResponse.IdRespondent];          // Add the weighted value to the result value.         var_result += var_weight;     } } ]]></Log>
  <Log Timestamp="12/02/2016 15:19:42"><![CDATA[[InsecureEquationDetected]: // Get all text responses from the anytextvariable. ResponseCollection var_textResponses = [###anytextvariable###];  // Get all weights for the respondents to weight the result. ResponseCollection var_weights = [###weight1###];  double var_result = 0;  // Run through all text responses. foreach (Response var_textResponse in var_textResponses) {     if (var_textResponse.Text.Contains('hate'))     {         // Get the weight for the respondent.         double var_weight = var_weights[var_TextResponse.IdRespondent];          // Add the weighted value to the result value.         var_result += var_weight;     } } ]]></Log>
  <Log Timestamp="12/02/2016 15:19:47"><![CDATA[[InsecureEquationDetected]: // Get all text responses from the anytextvariable. ResponseCollection var_textResponses = [###anytextvariable###];  // Get all weights for the respondents to weight the result. ResponseCollection var_weights = [###weight1###];  double var_result = 0;  // Run through all text responses. foreach (Response var_textResponse in var_textResponses) {     if (var_textResponse.Text.Contains('hate'))     {         // Get the weight for the respondent.         double var_weight = var_weights[var_TextResponse.IdRespondent];          // Add the weighted value to the result value.         var_result += var_weight;     } } ]]></Log>
</Logs>