<Logs>
  <Log Timestamp="28/01/2016 14:18:46">
    <Error><![CDATA[System.Exception: ; expected
   at DataCore.Classes.EquationEvaluator.Compile() in C:\Projects\Blueocean\Link\LinkManager\Cores\DataCore\DataCore\Classes\EquationEvaluator.cs:line 86
   at DataCore.Classes.Equation..ctor(Core core, String equation) in C:\Projects\Blueocean\Link\LinkManager\Cores\DataCore\DataCore\Classes\Equation.cs:line 65]]></Error>
    <Equation><![CDATA[return ([CampaignModule.Core]) * 1.0 / [CampaignModule]) + ([CampaignModule.Beacons] * 2.0 / [CampaignModule]) + ([CampaignModule.Family] * 3.0 / [CampaignModule]) + ([CampaignModule.Music] * 4.0 / [CampaignModule]) + ([CampaignModule.Gaming] * 5.0 / [CampaignModule]) + ([CampaignModule.YouTubeRed] * 6.0 / [CampaignModule]);]]></Equation>
  </Log>
  <Log Timestamp="28/01/2016 14:18:55">
    <Error><![CDATA[System.Exception: ; expected
   at DataCore.Classes.EquationEvaluator.Compile() in C:\Projects\Blueocean\Link\LinkManager\Cores\DataCore\DataCore\Classes\EquationEvaluator.cs:line 86
   at DataCore.Classes.Equation..ctor(Core core, String equation) in C:\Projects\Blueocean\Link\LinkManager\Cores\DataCore\DataCore\Classes\Equation.cs:line 65]]></Error>
    <Equation><![CDATA[return ([CampaignModule.Core]) * 1.0 / [CampaignModule]) + ([CampaignModule.Beacons] * 2.0 / [CampaignModule]) + ([CampaignModule.Family] * 3.0 / [CampaignModule]) + ([CampaignModule.Music] * 4.0 / [CampaignModule]) + ([CampaignModule.Gaming] * 5.0 / [CampaignModule]) + ([CampaignModule.YouTubeRed] * 6.0 / [CampaignModule]);]]></Equation>
  </Log>
  <Log Timestamp="28/01/2016 14:18:55">
    <Error><![CDATA[System.Exception: ; expected
   at DataCore.Classes.EquationEvaluator.Compile() in C:\Projects\Blueocean\Link\LinkManager\Cores\DataCore\DataCore\Classes\EquationEvaluator.cs:line 86
   at DataCore.Classes.Equation..ctor(Core core, String equation) in C:\Projects\Blueocean\Link\LinkManager\Cores\DataCore\DataCore\Classes\Equation.cs:line 65]]></Error>
    <Equation><![CDATA[return ([CampaignModule.Core]) * 1.0 / [CampaignModule]) + ([CampaignModule.Beacons] * 2.0 / [CampaignModule]) + ([CampaignModule.Family] * 3.0 / [CampaignModule]) + ([CampaignModule.Music] * 4.0 / [CampaignModule]) + ([CampaignModule.Gaming] * 5.0 / [CampaignModule]) + ([CampaignModule.YouTubeRed] * 6.0 / [CampaignModule]);]]></Equation>
  </Log>
  <Log Timestamp="28/01/2016 14:18:55">
    <Error><![CDATA[System.Exception: ; expected
   at DataCore.Classes.EquationEvaluator.Compile() in C:\Projects\Blueocean\Link\LinkManager\Cores\DataCore\DataCore\Classes\EquationEvaluator.cs:line 86
   at DataCore.Classes.Equation..ctor(Core core, String equation) in C:\Projects\Blueocean\Link\LinkManager\Cores\DataCore\DataCore\Classes\Equation.cs:line 65]]></Error>
    <Equation><![CDATA[return ([CampaignModule.Core]) * 1.0 / [CampaignModule]) + ([CampaignModule.Beacons] * 2.0 / [CampaignModule]) + ([CampaignModule.Family] * 3.0 / [CampaignModule]) + ([CampaignModule.Music] * 4.0 / [CampaignModule]) + ([CampaignModule.Gaming] * 5.0 / [CampaignModule]) + ([CampaignModule.YouTubeRed] * 6.0 / [CampaignModule]);]]></Equation>
  </Log>
  <Log Timestamp="28/01/2016 14:18:55">
    <Error><![CDATA[System.Exception: ; expected
   at DataCore.Classes.EquationEvaluator.Compile() in C:\Projects\Blueocean\Link\LinkManager\Cores\DataCore\DataCore\Classes\EquationEvaluator.cs:line 86
   at DataCore.Classes.Equation..ctor(Core core, String equation) in C:\Projects\Blueocean\Link\LinkManager\Cores\DataCore\DataCore\Classes\Equation.cs:line 65]]></Error>
    <Equation><![CDATA[return ([CampaignModule.Core]) * 1.0 / [CampaignModule]) + ([CampaignModule.Beacons] * 2.0 / [CampaignModule]) + ([CampaignModule.Family] * 3.0 / [CampaignModule]) + ([CampaignModule.Music] * 4.0 / [CampaignModule]) + ([CampaignModule.Gaming] * 5.0 / [CampaignModule]) + ([CampaignModule.YouTubeRed] * 6.0 / [CampaignModule]);]]></Equation>
  </Log>
  <Log Timestamp="28/01/2016 14:18:55">
    <Error><![CDATA[System.Exception: ; expected
   at DataCore.Classes.EquationEvaluator.Compile() in C:\Projects\Blueocean\Link\LinkManager\Cores\DataCore\DataCore\Classes\EquationEvaluator.cs:line 86
   at DataCore.Classes.Equation..ctor(Core core, String equation) in C:\Projects\Blueocean\Link\LinkManager\Cores\DataCore\DataCore\Classes\Equation.cs:line 65]]></Error>
    <Equation><![CDATA[return ([CampaignModule.Core]) * 1.0 / [CampaignModule]) + ([CampaignModule.Beacons] * 2.0 / [CampaignModule]) + ([CampaignModule.Family] * 3.0 / [CampaignModule]) + ([CampaignModule.Music] * 4.0 / [CampaignModule]) + ([CampaignModule.Gaming] * 5.0 / [CampaignModule]) + ([CampaignModule.YouTubeRed] * 6.0 / [CampaignModule]);]]></Equation>
  </Log>
  <Log Timestamp="28/01/2016 14:18:55">
    <Error><![CDATA[System.NullReferenceException: Object reference not set to an instance of an object.
   at DataCore.Classes.Equation.Calculate(Data filter, Database storageMethod, WeightingFilterCollection weights) in C:\Projects\Blueocean\Link\LinkManager\Cores\DataCore\DataCore\Classes\Equation.cs:line 259]]></Error>
    <Equation><![CDATA[return ([CampaignModule.Core]) * 1.0 / [CampaignModule]) + ([CampaignModule.Beacons] * 2.0 / [CampaignModule]) + ([CampaignModule.Family] * 3.0 / [CampaignModule]) + ([CampaignModule.Music] * 4.0 / [CampaignModule]) + ([CampaignModule.Gaming] * 5.0 / [CampaignModule]) + ([CampaignModule.YouTubeRed] * 6.0 / [CampaignModule]);]]></Equation>
  </Log>
  <Log Timestamp="28/01/2016 14:18:55">
    <Error><![CDATA[System.Exception: ; expected
   at DataCore.Classes.EquationEvaluator.Compile() in C:\Projects\Blueocean\Link\LinkManager\Cores\DataCore\DataCore\Classes\EquationEvaluator.cs:line 86
   at DataCore.Classes.Equation..ctor(Core core, String equation) in C:\Projects\Blueocean\Link\LinkManager\Cores\DataCore\DataCore\Classes\Equation.cs:line 65]]></Error>
    <Equation><![CDATA[return ([CampaignModule.Core]) * 1.0 / [CampaignModule]) + ([CampaignModule.Beacons] * 2.0 / [CampaignModule]) + ([CampaignModule.Family] * 3.0 / [CampaignModule]) + ([CampaignModule.Music] * 4.0 / [CampaignModule]) + ([CampaignModule.Gaming] * 5.0 / [CampaignModule]) + ([CampaignModule.YouTubeRed] * 6.0 / [CampaignModule]);]]></Equation>
  </Log>
  <Log Timestamp="28/01/2016 14:18:55">
    <Error><![CDATA[System.Exception: ; expected
   at DataCore.Classes.EquationEvaluator.Compile() in C:\Projects\Blueocean\Link\LinkManager\Cores\DataCore\DataCore\Classes\EquationEvaluator.cs:line 86
   at DataCore.Classes.Equation..ctor(Core core, String equation) in C:\Projects\Blueocean\Link\LinkManager\Cores\DataCore\DataCore\Classes\Equation.cs:line 65]]></Error>
    <Equation><![CDATA[return ([CampaignModule.Core]) * 1.0 / [CampaignModule]) + ([CampaignModule.Beacons] * 2.0 / [CampaignModule]) + ([CampaignModule.Family] * 3.0 / [CampaignModule]) + ([CampaignModule.Music] * 4.0 / [CampaignModule]) + ([CampaignModule.Gaming] * 5.0 / [CampaignModule]) + ([CampaignModule.YouTubeRed] * 6.0 / [CampaignModule]);]]></Equation>
  </Log>
  <Log Timestamp="28/01/2016 14:18:55">
    <Error><![CDATA[System.NullReferenceException: Object reference not set to an instance of an object.
   at DataCore.Classes.Equation.Calculate(Data filter, Database storageMethod, WeightingFilterCollection weights) in C:\Projects\Blueocean\Link\LinkManager\Cores\DataCore\DataCore\Classes\Equation.cs:line 259]]></Error>
    <Equation><![CDATA[return ([CampaignModule.Core]) * 1.0 / [CampaignModule]) + ([CampaignModule.Beacons] * 2.0 / [CampaignModule]) + ([CampaignModule.Family] * 3.0 / [CampaignModule]) + ([CampaignModule.Music] * 4.0 / [CampaignModule]) + ([CampaignModule.Gaming] * 5.0 / [CampaignModule]) + ([CampaignModule.YouTubeRed] * 6.0 / [CampaignModule]);]]></Equation>
  </Log>
  <Log Timestamp="28/01/2016 14:18:55">
    <Error><![CDATA[System.Exception: ; expected
   at DataCore.Classes.EquationEvaluator.Compile() in C:\Projects\Blueocean\Link\LinkManager\Cores\DataCore\DataCore\Classes\EquationEvaluator.cs:line 86
   at DataCore.Classes.Equation..ctor(Core core, String equation) in C:\Projects\Blueocean\Link\LinkManager\Cores\DataCore\DataCore\Classes\Equation.cs:line 65]]></Error>
    <Equation><![CDATA[return ([CampaignModule.Core]) * 1.0 / [CampaignModule]) + ([CampaignModule.Beacons] * 2.0 / [CampaignModule]) + ([CampaignModule.Family] * 3.0 / [CampaignModule]) + ([CampaignModule.Music] * 4.0 / [CampaignModule]) + ([CampaignModule.Gaming] * 5.0 / [CampaignModule]) + ([CampaignModule.YouTubeRed] * 6.0 / [CampaignModule]);]]></Equation>
  </Log>
  <Log Timestamp="28/01/2016 14:18:55">
    <Error><![CDATA[System.NullReferenceException: Object reference not set to an instance of an object.
   at DataCore.Classes.Equation.Calculate(Data filter, Database storageMethod, WeightingFilterCollection weights) in C:\Projects\Blueocean\Link\LinkManager\Cores\DataCore\DataCore\Classes\Equation.cs:line 259]]></Error>
    <Equation><![CDATA[return ([CampaignModule.Core]) * 1.0 / [CampaignModule]) + ([CampaignModule.Beacons] * 2.0 / [CampaignModule]) + ([CampaignModule.Family] * 3.0 / [CampaignModule]) + ([CampaignModule.Music] * 4.0 / [CampaignModule]) + ([CampaignModule.Gaming] * 5.0 / [CampaignModule]) + ([CampaignModule.YouTubeRed] * 6.0 / [CampaignModule]);]]></Equation>
  </Log>
  <Log Timestamp="28/01/2016 14:18:55">
    <Error><![CDATA[System.NullReferenceException: Object reference not set to an instance of an object.
   at DataCore.Classes.Equation.Calculate(Data filter, Database storageMethod, WeightingFilterCollection weights) in C:\Projects\Blueocean\Link\LinkManager\Cores\DataCore\DataCore\Classes\Equation.cs:line 259]]></Error>
    <Equation><![CDATA[return ([CampaignModule.Core]) * 1.0 / [CampaignModule]) + ([CampaignModule.Beacons] * 2.0 / [CampaignModule]) + ([CampaignModule.Family] * 3.0 / [CampaignModule]) + ([CampaignModule.Music] * 4.0 / [CampaignModule]) + ([CampaignModule.Gaming] * 5.0 / [CampaignModule]) + ([CampaignModule.YouTubeRed] * 6.0 / [CampaignModule]);]]></Equation>
  </Log>
  <Log Timestamp="28/01/2016 14:18:55">
    <Error><![CDATA[System.NullReferenceException: Object reference not set to an instance of an object.
   at DataCore.Classes.Equation.Calculate(Data filter, Database storageMethod, WeightingFilterCollection weights) in C:\Projects\Blueocean\Link\LinkManager\Cores\DataCore\DataCore\Classes\Equation.cs:line 259]]></Error>
    <Equation><![CDATA[return ([CampaignModule.Core]) * 1.0 / [CampaignModule]) + ([CampaignModule.Beacons] * 2.0 / [CampaignModule]) + ([CampaignModule.Family] * 3.0 / [CampaignModule]) + ([CampaignModule.Music] * 4.0 / [CampaignModule]) + ([CampaignModule.Gaming] * 5.0 / [CampaignModule]) + ([CampaignModule.YouTubeRed] * 6.0 / [CampaignModule]);]]></Equation>
  </Log>
  <Log Timestamp="28/01/2016 14:18:55">
    <Error><![CDATA[System.NullReferenceException: Object reference not set to an instance of an object.
   at DataCore.Classes.Equation.Calculate(Data filter, Database storageMethod, WeightingFilterCollection weights) in C:\Projects\Blueocean\Link\LinkManager\Cores\DataCore\DataCore\Classes\Equation.cs:line 259]]></Error>
    <Equation><![CDATA[return ([CampaignModule.Core]) * 1.0 / [CampaignModule]) + ([CampaignModule.Beacons] * 2.0 / [CampaignModule]) + ([CampaignModule.Family] * 3.0 / [CampaignModule]) + ([CampaignModule.Music] * 4.0 / [CampaignModule]) + ([CampaignModule.Gaming] * 5.0 / [CampaignModule]) + ([CampaignModule.YouTubeRed] * 6.0 / [CampaignModule]);]]></Equation>
  </Log>
  <Log Timestamp="28/01/2016 14:18:55">
    <Error><![CDATA[System.NullReferenceException: Object reference not set to an instance of an object.
   at DataCore.Classes.Equation.Calculate(Data filter, Database storageMethod, WeightingFilterCollection weights) in C:\Projects\Blueocean\Link\LinkManager\Cores\DataCore\DataCore\Classes\Equation.cs:line 259]]></Error>
    <Equation><![CDATA[return ([CampaignModule.Core]) * 1.0 / [CampaignModule]) + ([CampaignModule.Beacons] * 2.0 / [CampaignModule]) + ([CampaignModule.Family] * 3.0 / [CampaignModule]) + ([CampaignModule.Music] * 4.0 / [CampaignModule]) + ([CampaignModule.Gaming] * 5.0 / [CampaignModule]) + ([CampaignModule.YouTubeRed] * 6.0 / [CampaignModule]);]]></Equation>
  </Log>
  <Log Timestamp="28/01/2016 14:18:55">
    <Error><![CDATA[System.Exception: ; expected
   at DataCore.Classes.EquationEvaluator.Compile() in C:\Projects\Blueocean\Link\LinkManager\Cores\DataCore\DataCore\Classes\EquationEvaluator.cs:line 86
   at DataCore.Classes.Equation..ctor(Core core, String equation) in C:\Projects\Blueocean\Link\LinkManager\Cores\DataCore\DataCore\Classes\Equation.cs:line 65]]></Error>
    <Equation><![CDATA[return ([CampaignModule.Core]) * 1.0 / [CampaignModule]) + ([CampaignModule.Beacons] * 2.0 / [CampaignModule]) + ([CampaignModule.Family] * 3.0 / [CampaignModule]) + ([CampaignModule.Music] * 4.0 / [CampaignModule]) + ([CampaignModule.Gaming] * 5.0 / [CampaignModule]) + ([CampaignModule.YouTubeRed] * 6.0 / [CampaignModule]);]]></Equation>
  </Log>
  <Log Timestamp="28/01/2016 14:18:55">
    <Error><![CDATA[System.NullReferenceException: Object reference not set to an instance of an object.
   at DataCore.Classes.Equation.Calculate(Data filter, Database storageMethod, WeightingFilterCollection weights) in C:\Projects\Blueocean\Link\LinkManager\Cores\DataCore\DataCore\Classes\Equation.cs:line 259]]></Error>
    <Equation><![CDATA[return ([CampaignModule.Core]) * 1.0 / [CampaignModule]) + ([CampaignModule.Beacons] * 2.0 / [CampaignModule]) + ([CampaignModule.Family] * 3.0 / [CampaignModule]) + ([CampaignModule.Music] * 4.0 / [CampaignModule]) + ([CampaignModule.Gaming] * 5.0 / [CampaignModule]) + ([CampaignModule.YouTubeRed] * 6.0 / [CampaignModule]);]]></Equation>
  </Log>
  <Log Timestamp="28/01/2016 14:18:55">
    <Error><![CDATA[System.Exception: ; expected
   at DataCore.Classes.EquationEvaluator.Compile() in C:\Projects\Blueocean\Link\LinkManager\Cores\DataCore\DataCore\Classes\EquationEvaluator.cs:line 86
   at DataCore.Classes.Equation..ctor(Core core, String equation) in C:\Projects\Blueocean\Link\LinkManager\Cores\DataCore\DataCore\Classes\Equation.cs:line 65]]></Error>
    <Equation><![CDATA[return ([CampaignModule.Core]) * 1.0 / [CampaignModule]) + ([CampaignModule.Beacons] * 2.0 / [CampaignModule]) + ([CampaignModule.Family] * 3.0 / [CampaignModule]) + ([CampaignModule.Music] * 4.0 / [CampaignModule]) + ([CampaignModule.Gaming] * 5.0 / [CampaignModule]) + ([CampaignModule.YouTubeRed] * 6.0 / [CampaignModule]);]]></Equation>
  </Log>
  <Log Timestamp="28/01/2016 14:18:55">
    <Error><![CDATA[System.NullReferenceException: Object reference not set to an instance of an object.
   at DataCore.Classes.Equation.Calculate(Data filter, Database storageMethod, WeightingFilterCollection weights) in C:\Projects\Blueocean\Link\LinkManager\Cores\DataCore\DataCore\Classes\Equation.cs:line 259]]></Error>
    <Equation><![CDATA[return ([CampaignModule.Core]) * 1.0 / [CampaignModule]) + ([CampaignModule.Beacons] * 2.0 / [CampaignModule]) + ([CampaignModule.Family] * 3.0 / [CampaignModule]) + ([CampaignModule.Music] * 4.0 / [CampaignModule]) + ([CampaignModule.Gaming] * 5.0 / [CampaignModule]) + ([CampaignModule.YouTubeRed] * 6.0 / [CampaignModule]);]]></Equation>
  </Log>
  <Log Timestamp="28/01/2016 14:18:55">
    <Error><![CDATA[System.NullReferenceException: Object reference not set to an instance of an object.
   at DataCore.Classes.Equation.Calculate(Data filter, Database storageMethod, WeightingFilterCollection weights) in C:\Projects\Blueocean\Link\LinkManager\Cores\DataCore\DataCore\Classes\Equation.cs:line 259]]></Error>
    <Equation><![CDATA[return ([CampaignModule.Core]) * 1.0 / [CampaignModule]) + ([CampaignModule.Beacons] * 2.0 / [CampaignModule]) + ([CampaignModule.Family] * 3.0 / [CampaignModule]) + ([CampaignModule.Music] * 4.0 / [CampaignModule]) + ([CampaignModule.Gaming] * 5.0 / [CampaignModule]) + ([CampaignModule.YouTubeRed] * 6.0 / [CampaignModule]);]]></Equation>
  </Log>
  <Log Timestamp="28/01/2016 14:18:55">
    <Error><![CDATA[System.NullReferenceException: Object reference not set to an instance of an object.
   at DataCore.Classes.Equation.Calculate(Data filter, Database storageMethod, WeightingFilterCollection weights) in C:\Projects\Blueocean\Link\LinkManager\Cores\DataCore\DataCore\Classes\Equation.cs:line 259]]></Error>
    <Equation><![CDATA[return ([CampaignModule.Core]) * 1.0 / [CampaignModule]) + ([CampaignModule.Beacons] * 2.0 / [CampaignModule]) + ([CampaignModule.Family] * 3.0 / [CampaignModule]) + ([CampaignModule.Music] * 4.0 / [CampaignModule]) + ([CampaignModule.Gaming] * 5.0 / [CampaignModule]) + ([CampaignModule.YouTubeRed] * 6.0 / [CampaignModule]);]]></Equation>
  </Log>
  <Log Timestamp="28/01/2016 14:18:55">
    <Error><![CDATA[System.NullReferenceException: Object reference not set to an instance of an object.
   at DataCore.Classes.Equation.Calculate(Data filter, Database storageMethod, WeightingFilterCollection weights) in C:\Projects\Blueocean\Link\LinkManager\Cores\DataCore\DataCore\Classes\Equation.cs:line 259]]></Error>
    <Equation><![CDATA[return ([CampaignModule.Core]) * 1.0 / [CampaignModule]) + ([CampaignModule.Beacons] * 2.0 / [CampaignModule]) + ([CampaignModule.Family] * 3.0 / [CampaignModule]) + ([CampaignModule.Music] * 4.0 / [CampaignModule]) + ([CampaignModule.Gaming] * 5.0 / [CampaignModule]) + ([CampaignModule.YouTubeRed] * 6.0 / [CampaignModule]);]]></Equation>
  </Log>
  <Log Timestamp="28/01/2016 14:18:55">
    <Error><![CDATA[System.NullReferenceException: Object reference not set to an instance of an object.
   at DataCore.Classes.Equation.Calculate(Data filter, Database storageMethod, WeightingFilterCollection weights) in C:\Projects\Blueocean\Link\LinkManager\Cores\DataCore\DataCore\Classes\Equation.cs:line 259]]></Error>
    <Equation><![CDATA[return ([CampaignModule.Core]) * 1.0 / [CampaignModule]) + ([CampaignModule.Beacons] * 2.0 / [CampaignModule]) + ([CampaignModule.Family] * 3.0 / [CampaignModule]) + ([CampaignModule.Music] * 4.0 / [CampaignModule]) + ([CampaignModule.Gaming] * 5.0 / [CampaignModule]) + ([CampaignModule.YouTubeRed] * 6.0 / [CampaignModule]);]]></Equation>
  </Log>
  <Log Timestamp="28/01/2016 14:18:55">
    <Error><![CDATA[System.NullReferenceException: Object reference not set to an instance of an object.
   at DataCore.Classes.Equation.Calculate(Data filter, Database storageMethod, WeightingFilterCollection weights) in C:\Projects\Blueocean\Link\LinkManager\Cores\DataCore\DataCore\Classes\Equation.cs:line 259]]></Error>
    <Equation><![CDATA[return ([CampaignModule.Core]) * 1.0 / [CampaignModule]) + ([CampaignModule.Beacons] * 2.0 / [CampaignModule]) + ([CampaignModule.Family] * 3.0 / [CampaignModule]) + ([CampaignModule.Music] * 4.0 / [CampaignModule]) + ([CampaignModule.Gaming] * 5.0 / [CampaignModule]) + ([CampaignModule.YouTubeRed] * 6.0 / [CampaignModule]);]]></Equation>
  </Log>
  <Log Timestamp="28/01/2016 14:18:55">
    <Error><![CDATA[System.NullReferenceException: Object reference not set to an instance of an object.
   at DataCore.Classes.Equation.Calculate(Data filter, Database storageMethod, WeightingFilterCollection weights) in C:\Projects\Blueocean\Link\LinkManager\Cores\DataCore\DataCore\Classes\Equation.cs:line 259]]></Error>
    <Equation><![CDATA[return ([CampaignModule.Core]) * 1.0 / [CampaignModule]) + ([CampaignModule.Beacons] * 2.0 / [CampaignModule]) + ([CampaignModule.Family] * 3.0 / [CampaignModule]) + ([CampaignModule.Music] * 4.0 / [CampaignModule]) + ([CampaignModule.Gaming] * 5.0 / [CampaignModule]) + ([CampaignModule.YouTubeRed] * 6.0 / [CampaignModule]);]]></Equation>
  </Log>
  <Log Timestamp="28/01/2016 14:18:55">
    <Error><![CDATA[System.NullReferenceException: Object reference not set to an instance of an object.
   at DataCore.Classes.Equation.Calculate(Data filter, Database storageMethod, WeightingFilterCollection weights) in C:\Projects\Blueocean\Link\LinkManager\Cores\DataCore\DataCore\Classes\Equation.cs:line 259]]></Error>
    <Equation><![CDATA[return ([CampaignModule.Core]) * 1.0 / [CampaignModule]) + ([CampaignModule.Beacons] * 2.0 / [CampaignModule]) + ([CampaignModule.Family] * 3.0 / [CampaignModule]) + ([CampaignModule.Music] * 4.0 / [CampaignModule]) + ([CampaignModule.Gaming] * 5.0 / [CampaignModule]) + ([CampaignModule.YouTubeRed] * 6.0 / [CampaignModule]);]]></Equation>
  </Log>
  <Log Timestamp="28/01/2016 14:18:55">
    <Error><![CDATA[System.NullReferenceException: Object reference not set to an instance of an object.
   at DataCore.Classes.Equation.Calculate(Data filter, Database storageMethod, WeightingFilterCollection weights) in C:\Projects\Blueocean\Link\LinkManager\Cores\DataCore\DataCore\Classes\Equation.cs:line 259]]></Error>
    <Equation><![CDATA[return ([CampaignModule.Core]) * 1.0 / [CampaignModule]) + ([CampaignModule.Beacons] * 2.0 / [CampaignModule]) + ([CampaignModule.Family] * 3.0 / [CampaignModule]) + ([CampaignModule.Music] * 4.0 / [CampaignModule]) + ([CampaignModule.Gaming] * 5.0 / [CampaignModule]) + ([CampaignModule.YouTubeRed] * 6.0 / [CampaignModule]);]]></Equation>
  </Log>
  <Log Timestamp="28/01/2016 14:18:55">
    <Error><![CDATA[System.Exception: ; expected
   at DataCore.Classes.EquationEvaluator.Compile() in C:\Projects\Blueocean\Link\LinkManager\Cores\DataCore\DataCore\Classes\EquationEvaluator.cs:line 86
   at DataCore.Classes.Equation..ctor(Core core, String equation) in C:\Projects\Blueocean\Link\LinkManager\Cores\DataCore\DataCore\Classes\Equation.cs:line 65]]></Error>
    <Equation><![CDATA[return ([CampaignModule.Core]) * 1.0 / [CampaignModule]) + ([CampaignModule.Beacons] * 2.0 / [CampaignModule]) + ([CampaignModule.Family] * 3.0 / [CampaignModule]) + ([CampaignModule.Music] * 4.0 / [CampaignModule]) + ([CampaignModule.Gaming] * 5.0 / [CampaignModule]) + ([CampaignModule.YouTubeRed] * 6.0 / [CampaignModule]);]]></Equation>
  </Log>
  <Log Timestamp="28/01/2016 14:18:55">
    <Error><![CDATA[System.NullReferenceException: Object reference not set to an instance of an object.
   at DataCore.Classes.Equation.Calculate(Data filter, Database storageMethod, WeightingFilterCollection weights) in C:\Projects\Blueocean\Link\LinkManager\Cores\DataCore\DataCore\Classes\Equation.cs:line 259]]></Error>
    <Equation><![CDATA[return ([CampaignModule.Core]) * 1.0 / [CampaignModule]) + ([CampaignModule.Beacons] * 2.0 / [CampaignModule]) + ([CampaignModule.Family] * 3.0 / [CampaignModule]) + ([CampaignModule.Music] * 4.0 / [CampaignModule]) + ([CampaignModule.Gaming] * 5.0 / [CampaignModule]) + ([CampaignModule.YouTubeRed] * 6.0 / [CampaignModule]);]]></Equation>
  </Log>
  <Log Timestamp="28/01/2016 14:18:55">
    <Error><![CDATA[System.NullReferenceException: Object reference not set to an instance of an object.
   at DataCore.Classes.Equation.Calculate(Data filter, Database storageMethod, WeightingFilterCollection weights) in C:\Projects\Blueocean\Link\LinkManager\Cores\DataCore\DataCore\Classes\Equation.cs:line 259]]></Error>
    <Equation><![CDATA[return ([CampaignModule.Core]) * 1.0 / [CampaignModule]) + ([CampaignModule.Beacons] * 2.0 / [CampaignModule]) + ([CampaignModule.Family] * 3.0 / [CampaignModule]) + ([CampaignModule.Music] * 4.0 / [CampaignModule]) + ([CampaignModule.Gaming] * 5.0 / [CampaignModule]) + ([CampaignModule.YouTubeRed] * 6.0 / [CampaignModule]);]]></Equation>
  </Log>
  <Log Timestamp="28/01/2016 14:35:22"><![CDATA[[InsecureEquationDetected]: return ([CampaignModule.Core] shutdown * 1.0 / [CampaignModule]) + ([CampaignModule.Beacons] * 2.0 / [CampaignModule]) + ([CampaignModule.Family] * 3.0 / [CampaignModule]) + ([CampaignModule.Music] * 4.0 / [CampaignModule]) + ([CampaignModule.Gaming] * 5.0 / [CampaignModule]) + ([CampaignModule.YouTubeRed] * 6.0 / [CampaignModule]);]]></Log>
  <Log Timestamp="28/01/2016 14:35:30"><![CDATA[[InsecureEquationDetected]: return ([CampaignModule.Core] shutdown * 1.0 / [CampaignModule]) + ([CampaignModule.Beacons] * 2.0 / [CampaignModule]) + ([CampaignModule.Family] * 3.0 / [CampaignModule]) + ([CampaignModule.Music] * 4.0 / [CampaignModule]) + ([CampaignModule.Gaming] * 5.0 / [CampaignModule]) + ([CampaignModule.YouTubeRed] * 6.0 / [CampaignModule]);]]></Log>
  <Log Timestamp="28/01/2016 14:35:30"><![CDATA[[InsecureEquationDetected]: return ([CampaignModule.Core] shutdown * 1.0 / [CampaignModule]) + ([CampaignModule.Beacons] * 2.0 / [CampaignModule]) + ([CampaignModule.Family] * 3.0 / [CampaignModule]) + ([CampaignModule.Music] * 4.0 / [CampaignModule]) + ([CampaignModule.Gaming] * 5.0 / [CampaignModule]) + ([CampaignModule.YouTubeRed] * 6.0 / [CampaignModule]);]]></Log>
  <Log Timestamp="28/01/2016 14:35:30"><![CDATA[[InsecureEquationDetected]: return ([CampaignModule.Core] shutdown * 1.0 / [CampaignModule]) + ([CampaignModule.Beacons] * 2.0 / [CampaignModule]) + ([CampaignModule.Family] * 3.0 / [CampaignModule]) + ([CampaignModule.Music] * 4.0 / [CampaignModule]) + ([CampaignModule.Gaming] * 5.0 / [CampaignModule]) + ([CampaignModule.YouTubeRed] * 6.0 / [CampaignModule]);]]></Log>
  <Log Timestamp="28/01/2016 14:35:30"><![CDATA[[InsecureEquationDetected]: return ([CampaignModule.Core] shutdown * 1.0 / [CampaignModule]) + ([CampaignModule.Beacons] * 2.0 / [CampaignModule]) + ([CampaignModule.Family] * 3.0 / [CampaignModule]) + ([CampaignModule.Music] * 4.0 / [CampaignModule]) + ([CampaignModule.Gaming] * 5.0 / [CampaignModule]) + ([CampaignModule.YouTubeRed] * 6.0 / [CampaignModule]);]]></Log>
  <Log Timestamp="28/01/2016 14:35:30"><![CDATA[[InsecureEquationDetected]: return ([CampaignModule.Core] shutdown * 1.0 / [CampaignModule]) + ([CampaignModule.Beacons] * 2.0 / [CampaignModule]) + ([CampaignModule.Family] * 3.0 / [CampaignModule]) + ([CampaignModule.Music] * 4.0 / [CampaignModule]) + ([CampaignModule.Gaming] * 5.0 / [CampaignModule]) + ([CampaignModule.YouTubeRed] * 6.0 / [CampaignModule]);]]></Log>
  <Log Timestamp="28/01/2016 14:35:30">
    <Error><![CDATA[System.NullReferenceException: Object reference not set to an instance of an object.
   at DataCore.Classes.Equation.Calculate(Data filter, Database storageMethod, WeightingFilterCollection weights) in C:\Projects\Blueocean\Link\LinkManager\Cores\DataCore\DataCore\Classes\Equation.cs:line 259]]></Error>
    <Equation><![CDATA[return ([CampaignModule.Core] shutdown * 1.0 / [CampaignModule]) + ([CampaignModule.Beacons] * 2.0 / [CampaignModule]) + ([CampaignModule.Family] * 3.0 / [CampaignModule]) + ([CampaignModule.Music] * 4.0 / [CampaignModule]) + ([CampaignModule.Gaming] * 5.0 / [CampaignModule]) + ([CampaignModule.YouTubeRed] * 6.0 / [CampaignModule]);]]></Equation>
  </Log>
  <Log Timestamp="28/01/2016 14:35:30">
    <Error><![CDATA[System.NullReferenceException: Object reference not set to an instance of an object.
   at DataCore.Classes.Equation.Calculate(Data filter, Database storageMethod, WeightingFilterCollection weights) in C:\Projects\Blueocean\Link\LinkManager\Cores\DataCore\DataCore\Classes\Equation.cs:line 259]]></Error>
    <Equation><![CDATA[return ([CampaignModule.Core] shutdown * 1.0 / [CampaignModule]) + ([CampaignModule.Beacons] * 2.0 / [CampaignModule]) + ([CampaignModule.Family] * 3.0 / [CampaignModule]) + ([CampaignModule.Music] * 4.0 / [CampaignModule]) + ([CampaignModule.Gaming] * 5.0 / [CampaignModule]) + ([CampaignModule.YouTubeRed] * 6.0 / [CampaignModule]);]]></Equation>
  </Log>
  <Log Timestamp="28/01/2016 14:35:30"><![CDATA[[InsecureEquationDetected]: return ([CampaignModule.Core] shutdown * 1.0 / [CampaignModule]) + ([CampaignModule.Beacons] * 2.0 / [CampaignModule]) + ([CampaignModule.Family] * 3.0 / [CampaignModule]) + ([CampaignModule.Music] * 4.0 / [CampaignModule]) + ([CampaignModule.Gaming] * 5.0 / [CampaignModule]) + ([CampaignModule.YouTubeRed] * 6.0 / [CampaignModule]);]]></Log>
  <Log Timestamp="28/01/2016 14:35:30"><![CDATA[[InsecureEquationDetected]: return ([CampaignModule.Core] shutdown * 1.0 / [CampaignModule]) + ([CampaignModule.Beacons] * 2.0 / [CampaignModule]) + ([CampaignModule.Family] * 3.0 / [CampaignModule]) + ([CampaignModule.Music] * 4.0 / [CampaignModule]) + ([CampaignModule.Gaming] * 5.0 / [CampaignModule]) + ([CampaignModule.YouTubeRed] * 6.0 / [CampaignModule]);]]></Log>
  <Log Timestamp="28/01/2016 14:35:30">
    <Error><![CDATA[System.NullReferenceException: Object reference not set to an instance of an object.
   at DataCore.Classes.Equation.Calculate(Data filter, Database storageMethod, WeightingFilterCollection weights) in C:\Projects\Blueocean\Link\LinkManager\Cores\DataCore\DataCore\Classes\Equation.cs:line 259]]></Error>
    <Equation><![CDATA[return ([CampaignModule.Core] shutdown * 1.0 / [CampaignModule]) + ([CampaignModule.Beacons] * 2.0 / [CampaignModule]) + ([CampaignModule.Family] * 3.0 / [CampaignModule]) + ([CampaignModule.Music] * 4.0 / [CampaignModule]) + ([CampaignModule.Gaming] * 5.0 / [CampaignModule]) + ([CampaignModule.YouTubeRed] * 6.0 / [CampaignModule]);]]></Equation>
  </Log>
  <Log Timestamp="28/01/2016 14:35:30">
    <Error><![CDATA[System.NullReferenceException: Object reference not set to an instance of an object.
   at DataCore.Classes.Equation.Calculate(Data filter, Database storageMethod, WeightingFilterCollection weights) in C:\Projects\Blueocean\Link\LinkManager\Cores\DataCore\DataCore\Classes\Equation.cs:line 259]]></Error>
    <Equation><![CDATA[return ([CampaignModule.Core] shutdown * 1.0 / [CampaignModule]) + ([CampaignModule.Beacons] * 2.0 / [CampaignModule]) + ([CampaignModule.Family] * 3.0 / [CampaignModule]) + ([CampaignModule.Music] * 4.0 / [CampaignModule]) + ([CampaignModule.Gaming] * 5.0 / [CampaignModule]) + ([CampaignModule.YouTubeRed] * 6.0 / [CampaignModule]);]]></Equation>
  </Log>
  <Log Timestamp="28/01/2016 14:35:30">
    <Error><![CDATA[System.NullReferenceException: Object reference not set to an instance of an object.
   at DataCore.Classes.Equation.Calculate(Data filter, Database storageMethod, WeightingFilterCollection weights) in C:\Projects\Blueocean\Link\LinkManager\Cores\DataCore\DataCore\Classes\Equation.cs:line 259]]></Error>
    <Equation><![CDATA[return ([CampaignModule.Core] shutdown * 1.0 / [CampaignModule]) + ([CampaignModule.Beacons] * 2.0 / [CampaignModule]) + ([CampaignModule.Family] * 3.0 / [CampaignModule]) + ([CampaignModule.Music] * 4.0 / [CampaignModule]) + ([CampaignModule.Gaming] * 5.0 / [CampaignModule]) + ([CampaignModule.YouTubeRed] * 6.0 / [CampaignModule]);]]></Equation>
  </Log>
  <Log Timestamp="28/01/2016 14:35:30">
    <Error><![CDATA[System.NullReferenceException: Object reference not set to an instance of an object.
   at DataCore.Classes.Equation.Calculate(Data filter, Database storageMethod, WeightingFilterCollection weights) in C:\Projects\Blueocean\Link\LinkManager\Cores\DataCore\DataCore\Classes\Equation.cs:line 259]]></Error>
    <Equation><![CDATA[return ([CampaignModule.Core] shutdown * 1.0 / [CampaignModule]) + ([CampaignModule.Beacons] * 2.0 / [CampaignModule]) + ([CampaignModule.Family] * 3.0 / [CampaignModule]) + ([CampaignModule.Music] * 4.0 / [CampaignModule]) + ([CampaignModule.Gaming] * 5.0 / [CampaignModule]) + ([CampaignModule.YouTubeRed] * 6.0 / [CampaignModule]);]]></Equation>
  </Log>
  <Log Timestamp="28/01/2016 14:35:30">
    <Error><![CDATA[System.NullReferenceException: Object reference not set to an instance of an object.
   at DataCore.Classes.Equation.Calculate(Data filter, Database storageMethod, WeightingFilterCollection weights) in C:\Projects\Blueocean\Link\LinkManager\Cores\DataCore\DataCore\Classes\Equation.cs:line 259]]></Error>
    <Equation><![CDATA[return ([CampaignModule.Core] shutdown * 1.0 / [CampaignModule]) + ([CampaignModule.Beacons] * 2.0 / [CampaignModule]) + ([CampaignModule.Family] * 3.0 / [CampaignModule]) + ([CampaignModule.Music] * 4.0 / [CampaignModule]) + ([CampaignModule.Gaming] * 5.0 / [CampaignModule]) + ([CampaignModule.YouTubeRed] * 6.0 / [CampaignModule]);]]></Equation>
  </Log>
  <Log Timestamp="28/01/2016 14:35:30">
    <Error><![CDATA[System.NullReferenceException: Object reference not set to an instance of an object.
   at DataCore.Classes.Equation.Calculate(Data filter, Database storageMethod, WeightingFilterCollection weights) in C:\Projects\Blueocean\Link\LinkManager\Cores\DataCore\DataCore\Classes\Equation.cs:line 259]]></Error>
    <Equation><![CDATA[return ([CampaignModule.Core] shutdown * 1.0 / [CampaignModule]) + ([CampaignModule.Beacons] * 2.0 / [CampaignModule]) + ([CampaignModule.Family] * 3.0 / [CampaignModule]) + ([CampaignModule.Music] * 4.0 / [CampaignModule]) + ([CampaignModule.Gaming] * 5.0 / [CampaignModule]) + ([CampaignModule.YouTubeRed] * 6.0 / [CampaignModule]);]]></Equation>
  </Log>
  <Log Timestamp="28/01/2016 14:35:30">
    <Error><![CDATA[System.NullReferenceException: Object reference not set to an instance of an object.
   at DataCore.Classes.Equation.Calculate(Data filter, Database storageMethod, WeightingFilterCollection weights) in C:\Projects\Blueocean\Link\LinkManager\Cores\DataCore\DataCore\Classes\Equation.cs:line 259]]></Error>
    <Equation><![CDATA[return ([CampaignModule.Core] shutdown * 1.0 / [CampaignModule]) + ([CampaignModule.Beacons] * 2.0 / [CampaignModule]) + ([CampaignModule.Family] * 3.0 / [CampaignModule]) + ([CampaignModule.Music] * 4.0 / [CampaignModule]) + ([CampaignModule.Gaming] * 5.0 / [CampaignModule]) + ([CampaignModule.YouTubeRed] * 6.0 / [CampaignModule]);]]></Equation>
  </Log>
  <Log Timestamp="28/01/2016 14:35:30">
    <Error><![CDATA[System.NullReferenceException: Object reference not set to an instance of an object.
   at DataCore.Classes.Equation.Calculate(Data filter, Database storageMethod, WeightingFilterCollection weights) in C:\Projects\Blueocean\Link\LinkManager\Cores\DataCore\DataCore\Classes\Equation.cs:line 259]]></Error>
    <Equation><![CDATA[return ([CampaignModule.Core] shutdown * 1.0 / [CampaignModule]) + ([CampaignModule.Beacons] * 2.0 / [CampaignModule]) + ([CampaignModule.Family] * 3.0 / [CampaignModule]) + ([CampaignModule.Music] * 4.0 / [CampaignModule]) + ([CampaignModule.Gaming] * 5.0 / [CampaignModule]) + ([CampaignModule.YouTubeRed] * 6.0 / [CampaignModule]);]]></Equation>
  </Log>
  <Log Timestamp="28/01/2016 14:35:30">
    <Error><![CDATA[System.NullReferenceException: Object reference not set to an instance of an object.
   at DataCore.Classes.Equation.Calculate(Data filter, Database storageMethod, WeightingFilterCollection weights) in C:\Projects\Blueocean\Link\LinkManager\Cores\DataCore\DataCore\Classes\Equation.cs:line 259]]></Error>
    <Equation><![CDATA[return ([CampaignModule.Core] shutdown * 1.0 / [CampaignModule]) + ([CampaignModule.Beacons] * 2.0 / [CampaignModule]) + ([CampaignModule.Family] * 3.0 / [CampaignModule]) + ([CampaignModule.Music] * 4.0 / [CampaignModule]) + ([CampaignModule.Gaming] * 5.0 / [CampaignModule]) + ([CampaignModule.YouTubeRed] * 6.0 / [CampaignModule]);]]></Equation>
  </Log>
  <Log Timestamp="28/01/2016 14:35:30">
    <Error><![CDATA[System.NullReferenceException: Object reference not set to an instance of an object.
   at DataCore.Classes.Equation.Calculate(Data filter, Database storageMethod, WeightingFilterCollection weights) in C:\Projects\Blueocean\Link\LinkManager\Cores\DataCore\DataCore\Classes\Equation.cs:line 259]]></Error>
    <Equation><![CDATA[return ([CampaignModule.Core] shutdown * 1.0 / [CampaignModule]) + ([CampaignModule.Beacons] * 2.0 / [CampaignModule]) + ([CampaignModule.Family] * 3.0 / [CampaignModule]) + ([CampaignModule.Music] * 4.0 / [CampaignModule]) + ([CampaignModule.Gaming] * 5.0 / [CampaignModule]) + ([CampaignModule.YouTubeRed] * 6.0 / [CampaignModule]);]]></Equation>
  </Log>
  <Log Timestamp="28/01/2016 14:35:30">
    <Error><![CDATA[System.NullReferenceException: Object reference not set to an instance of an object.
   at DataCore.Classes.Equation.Calculate(Data filter, Database storageMethod, WeightingFilterCollection weights) in C:\Projects\Blueocean\Link\LinkManager\Cores\DataCore\DataCore\Classes\Equation.cs:line 259]]></Error>
    <Equation><![CDATA[return ([CampaignModule.Core] shutdown * 1.0 / [CampaignModule]) + ([CampaignModule.Beacons] * 2.0 / [CampaignModule]) + ([CampaignModule.Family] * 3.0 / [CampaignModule]) + ([CampaignModule.Music] * 4.0 / [CampaignModule]) + ([CampaignModule.Gaming] * 5.0 / [CampaignModule]) + ([CampaignModule.YouTubeRed] * 6.0 / [CampaignModule]);]]></Equation>
  </Log>
  <Log Timestamp="28/01/2016 14:35:30">
    <Error><![CDATA[System.NullReferenceException: Object reference not set to an instance of an object.
   at DataCore.Classes.Equation.Calculate(Data filter, Database storageMethod, WeightingFilterCollection weights) in C:\Projects\Blueocean\Link\LinkManager\Cores\DataCore\DataCore\Classes\Equation.cs:line 259]]></Error>
    <Equation><![CDATA[return ([CampaignModule.Core] shutdown * 1.0 / [CampaignModule]) + ([CampaignModule.Beacons] * 2.0 / [CampaignModule]) + ([CampaignModule.Family] * 3.0 / [CampaignModule]) + ([CampaignModule.Music] * 4.0 / [CampaignModule]) + ([CampaignModule.Gaming] * 5.0 / [CampaignModule]) + ([CampaignModule.YouTubeRed] * 6.0 / [CampaignModule]);]]></Equation>
  </Log>
  <Log Timestamp="28/01/2016 14:35:30">
    <Error><![CDATA[System.NullReferenceException: Object reference not set to an instance of an object.
   at DataCore.Classes.Equation.Calculate(Data filter, Database storageMethod, WeightingFilterCollection weights) in C:\Projects\Blueocean\Link\LinkManager\Cores\DataCore\DataCore\Classes\Equation.cs:line 259]]></Error>
    <Equation><![CDATA[return ([CampaignModule.Core] shutdown * 1.0 / [CampaignModule]) + ([CampaignModule.Beacons] * 2.0 / [CampaignModule]) + ([CampaignModule.Family] * 3.0 / [CampaignModule]) + ([CampaignModule.Music] * 4.0 / [CampaignModule]) + ([CampaignModule.Gaming] * 5.0 / [CampaignModule]) + ([CampaignModule.YouTubeRed] * 6.0 / [CampaignModule]);]]></Equation>
  </Log>
  <Log Timestamp="28/01/2016 14:35:30">
    <Error><![CDATA[System.NullReferenceException: Object reference not set to an instance of an object.
   at DataCore.Classes.Equation.Calculate(Data filter, Database storageMethod, WeightingFilterCollection weights) in C:\Projects\Blueocean\Link\LinkManager\Cores\DataCore\DataCore\Classes\Equation.cs:line 259]]></Error>
    <Equation><![CDATA[return ([CampaignModule.Core] shutdown * 1.0 / [CampaignModule]) + ([CampaignModule.Beacons] * 2.0 / [CampaignModule]) + ([CampaignModule.Family] * 3.0 / [CampaignModule]) + ([CampaignModule.Music] * 4.0 / [CampaignModule]) + ([CampaignModule.Gaming] * 5.0 / [CampaignModule]) + ([CampaignModule.YouTubeRed] * 6.0 / [CampaignModule]);]]></Equation>
  </Log>
  <Log Timestamp="28/01/2016 14:35:31"><![CDATA[[InsecureEquationDetected]: return ([CampaignModule.Core] shutdown * 1.0 / [CampaignModule]) + ([CampaignModule.Beacons] * 2.0 / [CampaignModule]) + ([CampaignModule.Family] * 3.0 / [CampaignModule]) + ([CampaignModule.Music] * 4.0 / [CampaignModule]) + ([CampaignModule.Gaming] * 5.0 / [CampaignModule]) + ([CampaignModule.YouTubeRed] * 6.0 / [CampaignModule]);]]></Log>
  <Log Timestamp="28/01/2016 14:35:31">
    <Error><![CDATA[System.NullReferenceException: Object reference not set to an instance of an object.
   at DataCore.Classes.Equation.Calculate(Data filter, Database storageMethod, WeightingFilterCollection weights) in C:\Projects\Blueocean\Link\LinkManager\Cores\DataCore\DataCore\Classes\Equation.cs:line 259]]></Error>
    <Equation><![CDATA[return ([CampaignModule.Core] shutdown * 1.0 / [CampaignModule]) + ([CampaignModule.Beacons] * 2.0 / [CampaignModule]) + ([CampaignModule.Family] * 3.0 / [CampaignModule]) + ([CampaignModule.Music] * 4.0 / [CampaignModule]) + ([CampaignModule.Gaming] * 5.0 / [CampaignModule]) + ([CampaignModule.YouTubeRed] * 6.0 / [CampaignModule]);]]></Equation>
  </Log>
  <Log Timestamp="28/01/2016 14:35:31">
    <Error><![CDATA[System.NullReferenceException: Object reference not set to an instance of an object.
   at DataCore.Classes.Equation.Calculate(Data filter, Database storageMethod, WeightingFilterCollection weights) in C:\Projects\Blueocean\Link\LinkManager\Cores\DataCore\DataCore\Classes\Equation.cs:line 259]]></Error>
    <Equation><![CDATA[return ([CampaignModule.Core] shutdown * 1.0 / [CampaignModule]) + ([CampaignModule.Beacons] * 2.0 / [CampaignModule]) + ([CampaignModule.Family] * 3.0 / [CampaignModule]) + ([CampaignModule.Music] * 4.0 / [CampaignModule]) + ([CampaignModule.Gaming] * 5.0 / [CampaignModule]) + ([CampaignModule.YouTubeRed] * 6.0 / [CampaignModule]);]]></Equation>
  </Log>
  <Log Timestamp="28/01/2016 14:36:00"><![CDATA[[InsecureEquationDetected]: return ([CampaignModule.Core] shutdown * 1.0 / [CampaignModule]) + ([CampaignModule.Beacons] * 2.0 / [CampaignModule]) + ([CampaignModule.Family] * 3.0 / [CampaignModule]) + ([CampaignModule.Music] * 4.0 / [CampaignModule]) + ([CampaignModule.Gaming] * 5.0 / [CampaignModule]) + ([CampaignModule.YouTubeRed] * 6.0 / [CampaignModule]);]]></Log>
  <Log Timestamp="28/01/2016 14:36:00"><![CDATA[[InsecureEquationDetected]: return ([CampaignModule.Core] shutdown * 1.0 / [CampaignModule]) + ([CampaignModule.Beacons] * 2.0 / [CampaignModule]) + ([CampaignModule.Family] * 3.0 / [CampaignModule]) + ([CampaignModule.Music] * 4.0 / [CampaignModule]) + ([CampaignModule.Gaming] * 5.0 / [CampaignModule]) + ([CampaignModule.YouTubeRed] * 6.0 / [CampaignModule]);]]></Log>
  <Log Timestamp="28/01/2016 14:36:04"><![CDATA[[InsecureEquationDetected]: return ([CampaignModule.Core] shutdown * 1.0 / [CampaignModule]) + ([CampaignModule.Beacons] * 2.0 / [CampaignModule]) + ([CampaignModule.Family] * 3.0 / [CampaignModule]) + ([CampaignModule.Music] * 4.0 / [CampaignModule]) + ([CampaignModule.Gaming] * 5.0 / [CampaignModule]) + ([CampaignModule.YouTubeRed] * 6.0 / [CampaignModule]);]]></Log>
  <Log Timestamp="28/01/2016 14:36:16"><![CDATA[[InsecureEquationDetected]: return ([CampaignModule.Core] shutdown * 1.0 / [CampaignModule]) + ([CampaignModule.Beacons] * 2.0 / [CampaignModule]) + ([CampaignModule.Family] * 3.0 / [CampaignModule]) + ([CampaignModule.Music] * 4.0 / [CampaignModule]) + ([CampaignModule.Gaming] * 5.0 / [CampaignModule]) + ([CampaignModule.YouTubeRed] * 6.0 / [CampaignModule]);]]></Log>
  <Log Timestamp="28/01/2016 14:36:16">
    <Error><![CDATA[System.NullReferenceException: Object reference not set to an instance of an object.
   at DataCore.Classes.Equation.Calculate(Data filter, Database storageMethod, WeightingFilterCollection weights) in C:\Projects\Blueocean\Link\LinkManager\Cores\DataCore\DataCore\Classes\Equation.cs:line 259]]></Error>
    <Equation><![CDATA[return ([CampaignModule.Core] shutdown * 1.0 / [CampaignModule]) + ([CampaignModule.Beacons] * 2.0 / [CampaignModule]) + ([CampaignModule.Family] * 3.0 / [CampaignModule]) + ([CampaignModule.Music] * 4.0 / [CampaignModule]) + ([CampaignModule.Gaming] * 5.0 / [CampaignModule]) + ([CampaignModule.YouTubeRed] * 6.0 / [CampaignModule]);]]></Equation>
  </Log>
  <Log Timestamp="28/01/2016 14:36:16">
    <Error><![CDATA[System.NullReferenceException: Object reference not set to an instance of an object.
   at DataCore.Classes.Equation.Calculate(Data filter, Database storageMethod, WeightingFilterCollection weights) in C:\Projects\Blueocean\Link\LinkManager\Cores\DataCore\DataCore\Classes\Equation.cs:line 259]]></Error>
    <Equation><![CDATA[return ([CampaignModule.Core] shutdown * 1.0 / [CampaignModule]) + ([CampaignModule.Beacons] * 2.0 / [CampaignModule]) + ([CampaignModule.Family] * 3.0 / [CampaignModule]) + ([CampaignModule.Music] * 4.0 / [CampaignModule]) + ([CampaignModule.Gaming] * 5.0 / [CampaignModule]) + ([CampaignModule.YouTubeRed] * 6.0 / [CampaignModule]);]]></Equation>
  </Log>
  <Log Timestamp="28/01/2016 14:36:16">
    <Error><![CDATA[System.NullReferenceException: Object reference not set to an instance of an object.
   at DataCore.Classes.Equation.Calculate(Data filter, Database storageMethod, WeightingFilterCollection weights) in C:\Projects\Blueocean\Link\LinkManager\Cores\DataCore\DataCore\Classes\Equation.cs:line 259]]></Error>
    <Equation><![CDATA[return ([CampaignModule.Core] shutdown * 1.0 / [CampaignModule]) + ([CampaignModule.Beacons] * 2.0 / [CampaignModule]) + ([CampaignModule.Family] * 3.0 / [CampaignModule]) + ([CampaignModule.Music] * 4.0 / [CampaignModule]) + ([CampaignModule.Gaming] * 5.0 / [CampaignModule]) + ([CampaignModule.YouTubeRed] * 6.0 / [CampaignModule]);]]></Equation>
  </Log>
  <Log Timestamp="28/01/2016 14:36:16">
    <Error><![CDATA[System.NullReferenceException: Object reference not set to an instance of an object.
   at DataCore.Classes.Equation.Calculate(Data filter, Database storageMethod, WeightingFilterCollection weights) in C:\Projects\Blueocean\Link\LinkManager\Cores\DataCore\DataCore\Classes\Equation.cs:line 259]]></Error>
    <Equation><![CDATA[return ([CampaignModule.Core] shutdown * 1.0 / [CampaignModule]) + ([CampaignModule.Beacons] * 2.0 / [CampaignModule]) + ([CampaignModule.Family] * 3.0 / [CampaignModule]) + ([CampaignModule.Music] * 4.0 / [CampaignModule]) + ([CampaignModule.Gaming] * 5.0 / [CampaignModule]) + ([CampaignModule.YouTubeRed] * 6.0 / [CampaignModule]);]]></Equation>
  </Log>
  <Log Timestamp="28/01/2016 14:36:16"><![CDATA[[InsecureEquationDetected]: return ([CampaignModule.Core] shutdown * 1.0 / [CampaignModule]) + ([CampaignModule.Beacons] * 2.0 / [CampaignModule]) + ([CampaignModule.Family] * 3.0 / [CampaignModule]) + ([CampaignModule.Music] * 4.0 / [CampaignModule]) + ([CampaignModule.Gaming] * 5.0 / [CampaignModule]) + ([CampaignModule.YouTubeRed] * 6.0 / [CampaignModule]);]]></Log>
  <Log Timestamp="28/01/2016 14:36:16">
    <Error><![CDATA[System.NullReferenceException: Object reference not set to an instance of an object.
   at DataCore.Classes.Equation.Calculate(Data filter, Database storageMethod, WeightingFilterCollection weights) in C:\Projects\Blueocean\Link\LinkManager\Cores\DataCore\DataCore\Classes\Equation.cs:line 259]]></Error>
    <Equation><![CDATA[return ([CampaignModule.Core] shutdown * 1.0 / [CampaignModule]) + ([CampaignModule.Beacons] * 2.0 / [CampaignModule]) + ([CampaignModule.Family] * 3.0 / [CampaignModule]) + ([CampaignModule.Music] * 4.0 / [CampaignModule]) + ([CampaignModule.Gaming] * 5.0 / [CampaignModule]) + ([CampaignModule.YouTubeRed] * 6.0 / [CampaignModule]);]]></Equation>
  </Log>
  <Log Timestamp="28/01/2016 14:36:16">
    <Error><![CDATA[System.NullReferenceException: Object reference not set to an instance of an object.
   at DataCore.Classes.Equation.Calculate(Data filter, Database storageMethod, WeightingFilterCollection weights) in C:\Projects\Blueocean\Link\LinkManager\Cores\DataCore\DataCore\Classes\Equation.cs:line 259]]></Error>
    <Equation><![CDATA[return ([CampaignModule.Core] shutdown * 1.0 / [CampaignModule]) + ([CampaignModule.Beacons] * 2.0 / [CampaignModule]) + ([CampaignModule.Family] * 3.0 / [CampaignModule]) + ([CampaignModule.Music] * 4.0 / [CampaignModule]) + ([CampaignModule.Gaming] * 5.0 / [CampaignModule]) + ([CampaignModule.YouTubeRed] * 6.0 / [CampaignModule]);]]></Equation>
  </Log>
  <Log Timestamp="28/01/2016 14:36:16">
    <Error><![CDATA[System.NullReferenceException: Object reference not set to an instance of an object.
   at DataCore.Classes.Equation.Calculate(Data filter, Database storageMethod, WeightingFilterCollection weights) in C:\Projects\Blueocean\Link\LinkManager\Cores\DataCore\DataCore\Classes\Equation.cs:line 259]]></Error>
    <Equation><![CDATA[return ([CampaignModule.Core] shutdown * 1.0 / [CampaignModule]) + ([CampaignModule.Beacons] * 2.0 / [CampaignModule]) + ([CampaignModule.Family] * 3.0 / [CampaignModule]) + ([CampaignModule.Music] * 4.0 / [CampaignModule]) + ([CampaignModule.Gaming] * 5.0 / [CampaignModule]) + ([CampaignModule.YouTubeRed] * 6.0 / [CampaignModule]);]]></Equation>
  </Log>
  <Log Timestamp="28/01/2016 14:36:16">
    <Error><![CDATA[System.NullReferenceException: Object reference not set to an instance of an object.
   at DataCore.Classes.Equation.Calculate(Data filter, Database storageMethod, WeightingFilterCollection weights) in C:\Projects\Blueocean\Link\LinkManager\Cores\DataCore\DataCore\Classes\Equation.cs:line 259]]></Error>
    <Equation><![CDATA[return ([CampaignModule.Core] shutdown * 1.0 / [CampaignModule]) + ([CampaignModule.Beacons] * 2.0 / [CampaignModule]) + ([CampaignModule.Family] * 3.0 / [CampaignModule]) + ([CampaignModule.Music] * 4.0 / [CampaignModule]) + ([CampaignModule.Gaming] * 5.0 / [CampaignModule]) + ([CampaignModule.YouTubeRed] * 6.0 / [CampaignModule]);]]></Equation>
  </Log>
  <Log Timestamp="28/01/2016 14:36:16">
    <Error><![CDATA[System.NullReferenceException: Object reference not set to an instance of an object.
   at DataCore.Classes.Equation.Calculate(Data filter, Database storageMethod, WeightingFilterCollection weights) in C:\Projects\Blueocean\Link\LinkManager\Cores\DataCore\DataCore\Classes\Equation.cs:line 259]]></Error>
    <Equation><![CDATA[return ([CampaignModule.Core] shutdown * 1.0 / [CampaignModule]) + ([CampaignModule.Beacons] * 2.0 / [CampaignModule]) + ([CampaignModule.Family] * 3.0 / [CampaignModule]) + ([CampaignModule.Music] * 4.0 / [CampaignModule]) + ([CampaignModule.Gaming] * 5.0 / [CampaignModule]) + ([CampaignModule.YouTubeRed] * 6.0 / [CampaignModule]);]]></Equation>
  </Log>
  <Log Timestamp="28/01/2016 14:36:16">
    <Error><![CDATA[System.NullReferenceException: Object reference not set to an instance of an object.
   at DataCore.Classes.Equation.Calculate(Data filter, Database storageMethod, WeightingFilterCollection weights) in C:\Projects\Blueocean\Link\LinkManager\Cores\DataCore\DataCore\Classes\Equation.cs:line 259]]></Error>
    <Equation><![CDATA[return ([CampaignModule.Core] shutdown * 1.0 / [CampaignModule]) + ([CampaignModule.Beacons] * 2.0 / [CampaignModule]) + ([CampaignModule.Family] * 3.0 / [CampaignModule]) + ([CampaignModule.Music] * 4.0 / [CampaignModule]) + ([CampaignModule.Gaming] * 5.0 / [CampaignModule]) + ([CampaignModule.YouTubeRed] * 6.0 / [CampaignModule]);]]></Equation>
  </Log>
  <Log Timestamp="28/01/2016 14:36:16">
    <Error><![CDATA[System.NullReferenceException: Object reference not set to an instance of an object.
   at DataCore.Classes.Equation.Calculate(Data filter, Database storageMethod, WeightingFilterCollection weights) in C:\Projects\Blueocean\Link\LinkManager\Cores\DataCore\DataCore\Classes\Equation.cs:line 259]]></Error>
    <Equation><![CDATA[return ([CampaignModule.Core] shutdown * 1.0 / [CampaignModule]) + ([CampaignModule.Beacons] * 2.0 / [CampaignModule]) + ([CampaignModule.Family] * 3.0 / [CampaignModule]) + ([CampaignModule.Music] * 4.0 / [CampaignModule]) + ([CampaignModule.Gaming] * 5.0 / [CampaignModule]) + ([CampaignModule.YouTubeRed] * 6.0 / [CampaignModule]);]]></Equation>
  </Log>
  <Log Timestamp="28/01/2016 14:36:16">
    <Error><![CDATA[System.NullReferenceException: Object reference not set to an instance of an object.
   at DataCore.Classes.Equation.Calculate(Data filter, Database storageMethod, WeightingFilterCollection weights) in C:\Projects\Blueocean\Link\LinkManager\Cores\DataCore\DataCore\Classes\Equation.cs:line 259]]></Error>
    <Equation><![CDATA[return ([CampaignModule.Core] shutdown * 1.0 / [CampaignModule]) + ([CampaignModule.Beacons] * 2.0 / [CampaignModule]) + ([CampaignModule.Family] * 3.0 / [CampaignModule]) + ([CampaignModule.Music] * 4.0 / [CampaignModule]) + ([CampaignModule.Gaming] * 5.0 / [CampaignModule]) + ([CampaignModule.YouTubeRed] * 6.0 / [CampaignModule]);]]></Equation>
  </Log>
  <Log Timestamp="28/01/2016 14:36:16"><![CDATA[[InsecureEquationDetected]: return ([CampaignModule.Core] shutdown * 1.0 / [CampaignModule]) + ([CampaignModule.Beacons] * 2.0 / [CampaignModule]) + ([CampaignModule.Family] * 3.0 / [CampaignModule]) + ([CampaignModule.Music] * 4.0 / [CampaignModule]) + ([CampaignModule.Gaming] * 5.0 / [CampaignModule]) + ([CampaignModule.YouTubeRed] * 6.0 / [CampaignModule]);]]></Log>
  <Log Timestamp="28/01/2016 14:36:16">
    <Error><![CDATA[System.NullReferenceException: Object reference not set to an instance of an object.
   at DataCore.Classes.Equation.Calculate(Data filter, Database storageMethod, WeightingFilterCollection weights) in C:\Projects\Blueocean\Link\LinkManager\Cores\DataCore\DataCore\Classes\Equation.cs:line 259]]></Error>
    <Equation><![CDATA[return ([CampaignModule.Core] shutdown * 1.0 / [CampaignModule]) + ([CampaignModule.Beacons] * 2.0 / [CampaignModule]) + ([CampaignModule.Family] * 3.0 / [CampaignModule]) + ([CampaignModule.Music] * 4.0 / [CampaignModule]) + ([CampaignModule.Gaming] * 5.0 / [CampaignModule]) + ([CampaignModule.YouTubeRed] * 6.0 / [CampaignModule]);]]></Equation>
  </Log>
  <Log Timestamp="28/01/2016 14:36:16">
    <Error><![CDATA[System.NullReferenceException: Object reference not set to an instance of an object.
   at DataCore.Classes.Equation.Calculate(Data filter, Database storageMethod, WeightingFilterCollection weights) in C:\Projects\Blueocean\Link\LinkManager\Cores\DataCore\DataCore\Classes\Equation.cs:line 259]]></Error>
    <Equation><![CDATA[return ([CampaignModule.Core] shutdown * 1.0 / [CampaignModule]) + ([CampaignModule.Beacons] * 2.0 / [CampaignModule]) + ([CampaignModule.Family] * 3.0 / [CampaignModule]) + ([CampaignModule.Music] * 4.0 / [CampaignModule]) + ([CampaignModule.Gaming] * 5.0 / [CampaignModule]) + ([CampaignModule.YouTubeRed] * 6.0 / [CampaignModule]);]]></Equation>
  </Log>
  <Log Timestamp="28/01/2016 14:36:54"><![CDATA[[InsecureEquationDetected]: return ([CampaignModule.Core] shutdown * 1.0 / [CampaignModule]) + ([CampaignModule.Beacons] * 2.0 / [CampaignModule]) + ([CampaignModule.Family] * 3.0 / [CampaignModule]) + ([CampaignModule.Music] * 4.0 / [CampaignModule]) + ([CampaignModule.Gaming] * 5.0 / [CampaignModule]) + ([CampaignModule.YouTubeRed] * 6.0 / [CampaignModule]);]]></Log>
  <Log Timestamp="28/01/2016 14:36:54"><![CDATA[[InsecureEquationDetected]: return ([CampaignModule.Core] shutdown * 1.0 / [CampaignModule]) + ([CampaignModule.Beacons] * 2.0 / [CampaignModule]) + ([CampaignModule.Family] * 3.0 / [CampaignModule]) + ([CampaignModule.Music] * 4.0 / [CampaignModule]) + ([CampaignModule.Gaming] * 5.0 / [CampaignModule]) + ([CampaignModule.YouTubeRed] * 6.0 / [CampaignModule]);]]></Log>
  <Log Timestamp="28/01/2016 14:36:54"><![CDATA[[InsecureEquationDetected]: return ([CampaignModule.Core] shutdown * 1.0 / [CampaignModule]) + ([CampaignModule.Beacons] * 2.0 / [CampaignModule]) + ([CampaignModule.Family] * 3.0 / [CampaignModule]) + ([CampaignModule.Music] * 4.0 / [CampaignModule]) + ([CampaignModule.Gaming] * 5.0 / [CampaignModule]) + ([CampaignModule.YouTubeRed] * 6.0 / [CampaignModule]);]]></Log>
  <Log Timestamp="28/01/2016 14:36:54"><![CDATA[[InsecureEquationDetected]: return ([CampaignModule.Core] shutdown * 1.0 / [CampaignModule]) + ([CampaignModule.Beacons] * 2.0 / [CampaignModule]) + ([CampaignModule.Family] * 3.0 / [CampaignModule]) + ([CampaignModule.Music] * 4.0 / [CampaignModule]) + ([CampaignModule.Gaming] * 5.0 / [CampaignModule]) + ([CampaignModule.YouTubeRed] * 6.0 / [CampaignModule]);]]></Log>
  <Log Timestamp="28/01/2016 14:36:54"><![CDATA[[InsecureEquationDetected]: return ([CampaignModule.Core] shutdown * 1.0 / [CampaignModule]) + ([CampaignModule.Beacons] * 2.0 / [CampaignModule]) + ([CampaignModule.Family] * 3.0 / [CampaignModule]) + ([CampaignModule.Music] * 4.0 / [CampaignModule]) + ([CampaignModule.Gaming] * 5.0 / [CampaignModule]) + ([CampaignModule.YouTubeRed] * 6.0 / [CampaignModule]);]]></Log>
  <Log Timestamp="28/01/2016 14:36:54"><![CDATA[[InsecureEquationDetected]: return ([CampaignModule.Core] shutdown * 1.0 / [CampaignModule]) + ([CampaignModule.Beacons] * 2.0 / [CampaignModule]) + ([CampaignModule.Family] * 3.0 / [CampaignModule]) + ([CampaignModule.Music] * 4.0 / [CampaignModule]) + ([CampaignModule.Gaming] * 5.0 / [CampaignModule]) + ([CampaignModule.YouTubeRed] * 6.0 / [CampaignModule]);]]></Log>
</Logs>